Origin Time,latitude,longitude,depth,magnitude,Location
2023-04-09 17:47:41,9,94.099999999999994,30,5.5999999999999996,"222km N of Campbell Bay, Andaman and Nicobar island, India"
2023-04-09 16:01:28,9.1899999999999995,93.900000000000006,10,5.2000000000000002,"242km N of Campbell Bay, Andaman and Nicobar island, India"
2023-04-09 13:16:18,9.3000000000000007,94.799999999999997,15,5.0999999999999996,"273km NNE of Campbell Bay, Andaman and Nicobar island, India"
2023-03-17 23:49:07,38.490000000000002,75.859999999999999,102,5.2000000000000002,"438km N of Kargil, Laddakh, India"
2023-03-06 05:07:16,7.7699999999999996,91.780000000000001,45,5.4000000000000004,"249km WNW of Campbell Bay, Andaman and Nicobar island, India"
2023-02-03 17:34:26,36.490000000000002,96.099999999999994,10,5.2000000000000002,"931km N of Pangin, Arunachal Pradesh, India"
2023-01-30 22:37:38,36.380000000000003,80.120000000000005,10,5,"338km NE of Leh, Laddakh, India"
2023-01-24 14:28:32,29.469999999999999,81.620000000000005,10,5.7999999999999998,"136km E of Pithoragarh, Uttarakhand, India"
2022-11-14 14:35:32,24.600000000000001,83.430000000000007,33,5.2000000000000002,"160km W of Gaya, Bihar, India"
2022-11-11 16:29:55,28.390000000000001,94.430000000000007,10,5.2000000000000002,"52km NNW of Basar, Arunachal Pradesh, India"
2022-11-10 10:30:55,29.140000000000001,95.180000000000007,10,5.2000000000000002,"111km N of Pangin, Arunachal Pradesh, India"
2022-11-09 01:57:26,29.449999999999999,81.430000000000007,10,5.5,"118km E of Pithoragarh, Uttarakhand, India"
2022-10-20 12:17:08,12.5,92.560000000000002,97,5.0999999999999996,"96km SSW of Diglipur, Andaman and Nicobar island, India"
2022-10-19 10:05:41,37.710000000000001,92.260000000000005,76,5.0999999999999996,"1100km NNW of Pangin, Arunachal Pradesh, India"
2022-09-30 03:52:39,23.140000000000001,94.709999999999994,161,5.7999999999999998,"145km ESE of Champhai, Mizoram, India"
2022-09-24 02:23:02,4.2400000000000002,96.200000000000003,55,5.7999999999999998,"399km SE of Campbell Bay, Andaman and Nicobar island, India"
2022-08-25 03:18:07,23.850000000000001,94.540000000000006,24,5,"105km SE of Moirang, Manipur, India"
2022-08-20 01:12:46,28.100000000000001,81.219999999999999,30,5,"142km N of Lucknow, Uttar Pradesh, India"
2022-08-15 02:40:28,38.689999999999998,95.120000000000005,116,5.2999999999999998,"1173km N of Pangin, Arunachal Pradesh, India"
2022-08-14 13:50:09,32.880000000000003,92.390000000000001,44,5.5999999999999996,"587km NNW of Basar, Arunachal Pradesh, India"
2022-07-31 19:12:29,25.239999999999998,64.859999999999999,78,5,"534km NW of Dwarka, Gujarat, India"
2022-07-04 17:18:21,11.32,93.409999999999997,10,5,"81km ESE of Portblair, Andaman and Nicobar island, India"
2022-07-04 14:06:09,9.8599999999999994,95.209999999999994,10,5.0999999999999996,"334km SE of Portblair, Andaman and Nicobar island, India"
2022-06-22 00:38:34,2.8799999999999999,96.420000000000002,123,5,"536km SSE of Campbell Bay, Andaman and Nicobar island, India"
2022-05-26 13:18:49,32.350000000000001,91.680000000000007,10,5,"530km N of Tawang, Arunachal Pradesh, India"
2022-05-06 06:18:04,28.170000000000002,64.599999999999994,10,5.0999999999999996,"791km NNW of Dwarka, Gujarat, India"
2022-05-01 20:45:40,22.809999999999999,93.980000000000004,104,5.4000000000000004,"98km SE of Champhai, Mizoram, India"
2022-03-25 21:58:36,38.880000000000003,97.819999999999993,9,5.2000000000000002,"1217km N of Pangin, Arunachal Pradesh, India"
2022-03-25 21:51:09,38.270000000000003,96.709999999999994,18,5.5999999999999996,"1134km N of Pangin, Arunachal Pradesh, India"
2022-03-17 19:11:16,36.450000000000003,77.969999999999999,26,5,"257km N of Leh, Laddakh, India"
2022-03-16 19:05:19,35.829999999999998,74.980000000000004,6,5.2000000000000002,"176km NW of Kargil, Laddakh, India"
2022-03-10 09:57:01,4.5,95.730000000000004,84,5,"344km SE of Campbell Bay, Andaman and Nicobar island, India"
2022-03-05 17:32:46,5.3200000000000003,95.109999999999999,38,5.5,"230km SE of Campbell Bay, Andaman and Nicobar island, India"
2022-03-01 16:34:16,4.9500000000000002,95.760000000000005,31,5.2000000000000002,"307km SE of Campbell Bay, Andaman and Nicobar island, India"
2022-02-10 13:05:59,33.82,87.599999999999994,60,5.4000000000000004,"690km N of Lachung, Sikkim, India"
2022-02-06 22:59:19,30.899999999999999,96.150000000000006,10,5,"318km NNE of Pangin, Arunachal Pradesh, India"
2022-01-23 07:51:23,38.240000000000002,97.299999999999997,31,5.2999999999999998,"1138km N of Pangin, Arunachal Pradesh, India"
2022-01-21 15:42:30,22.969999999999999,93.739999999999995,60,5.4000000000000004,"68km SE of Champhai, Mizoram, India"
2021-12-27 19:07:25,35.829999999999998,75.599999999999994,85,5,"150km NNW of Kargil, Laddakh, India"
2021-12-27 19:01:04,35.740000000000002,74.730000000000004,72,5,"183km NW of Kargil, Laddakh, India"
2021-12-19 08:49:42,13.970000000000001,93.230000000000004,57,5,"82km NNE of Diglipur, Andaman and Nicobar island, India"
2021-11-30 19:23:34,31.859999999999999,87.920000000000002,23,5.4000000000000004,"470km N of Lachung, Sikkim, India"
2021-11-26 05:15:39,22.75,93.319999999999993,38,6.0999999999999996,"78km S of Champhai, Mizoram, India"
2021-10-08 15:34:56,4.9699999999999998,95.560000000000002,52,5.0999999999999996,"291km SE of Campbell Bay, Andaman and Nicobar island, India"
2021-10-07 03:31:08,29.850000000000001,68.599999999999994,10,5.7999999999999998,"501km WNW of Bikaner, Rajasthan, India"
2021-09-24 20:34:15,8.6799999999999997,94.400000000000006,10,5.2000000000000002,"193km NNE of Campbell Bay, Andaman and Nicobar island, India"
2021-09-19 15:06:25,28.949999999999999,96.640000000000001,10,5,"134km N of Changlang, Arunachal Pradesh, India"
2021-09-18 00:42:00,30.120000000000001,69.5,30,5,"437km WNW of Bikaner, Rajasthan, India"
2021-09-15 01:43:57,3.5,95.909999999999997,44,5.2999999999999998,"448km SSE of Campbell Bay, Andaman and Nicobar island, India"
2021-08-26 05:08:20,38.890000000000001,95.530000000000001,10,5.4000000000000004,"1195km N of Pangin, Arunachal Pradesh, India"
2021-08-13 09:51:32,34.829999999999998,97.799999999999997,10,5.4000000000000004,"781km NNE of Pangin, Arunachal Pradesh, India"
2021-08-05 18:16:14,9.4900000000000002,93.680000000000007,77,5.0999999999999996,"259km SSE of Portblair, Andaman and Nicobar island, India"
2021-08-04 23:27:42,8.8699999999999992,93.879999999999995,10,5.5999999999999996,"207km N of Campbell Bay, Andaman and Nicobar island, India"
2021-08-03 09:13:52,8.8599999999999994,94.400000000000006,10,5.5999999999999996,"213km NNE of Campbell Bay, Andaman and Nicobar island, India"
2021-08-03 09:12:38,8.3900000000000006,94.590000000000003,70,5.7999999999999998,"171km NNE of Campbell Bay, Andaman and Nicobar island, India"
2021-08-03 09:12:01,8.4299999999999997,94.719999999999999,10,5.5999999999999996,"181km NNE of Campbell Bay, Andaman and Nicobar island, India"
2021-08-03 07:21:19,9.1799999999999997,93.640000000000001,10,5,"243km N of Campbell Bay, Andaman and Nicobar island, India"
2021-07-21 05:24:24,29.199999999999999,69.780000000000001,10,5.4000000000000004,"368km WNW of Bikaner, Rajasthan, India"
2021-06-16 14:18:58,38.170000000000002,93.840000000000003,14,5.5,"1123km N of Pangin, Arunachal Pradesh, India"
2021-06-03 11:25:30,34.359999999999999,97,68,5.2999999999999998,"710km NNE of Pangin, Arunachal Pradesh, India"
2021-05-30 12:25:07,35.799999999999997,99.120000000000005,10,5.0999999999999996,"925km NNE of Pangin, Arunachal Pradesh, India"
2021-05-24 20:35:33,5.1900000000000004,94.819999999999993,59,5,"226km SSE of Campbell Bay, Andaman and Nicobar island, India"
2021-05-22 07:59:41,34.659999999999997,96.650000000000006,10,5.2000000000000002,"736km N of Pangin, Arunachal Pradesh, India"
2021-05-21 23:34:13,34.880000000000003,97.879999999999995,10,7.4000000000000004,"788km NNE of Pangin, Arunachal Pradesh, India"
2021-05-21 19:18:42,25.75,99.340000000000003,10,5.9000000000000004,"347km SE of Changlang, Arunachal Pradesh, India"
2021-05-21 18:51:27,25.75,99.989999999999995,10,5,"399km ESE of Changlang, Arunachal Pradesh, India"
2021-05-03 02:19:41,5.8200000000000003,94.769999999999996,22,5,"163km SE of Campbell Bay, Andaman and Nicobar island, India"
2021-04-28 07:51:27,26.739999999999998,92.390000000000001,17,6.4000000000000004,"41km WNW of Tezpur, Assam, India"
2021-04-22 01:04:38,11.699999999999999,94.609999999999999,40,5.2999999999999998,"205km E of Portblair, Andaman and Nicobar island, India"
2021-03-29 22:57:26,34.289999999999999,87.730000000000004,10,5.2000000000000002,"740km N of Lachung, Sikkim, India"
2021-03-19 11:41:35,32.460000000000001,93.099999999999994,97,6.2999999999999998,"520km NNW of Basar, Arunachal Pradesh, India"
2021-01-11 19:32:02,33.579999999999998,75.680000000000007,20,5.0999999999999996,"59km SE of Pahalgam, Jammu and Kashmir, India"
2021-01-11 19:31:56,34.5,75.599999999999994,35,5.2000000000000002,"49km W of Kargil, Laddakh, India"
2020-12-08 10:44:35,22.149999999999999,94.170000000000002,90,5,"169km SSE of Champhai, Mizoram, India"
2020-10-19 15:08:48,3.2400000000000002,96.579999999999998,10,5.5,"513km SE of Campbell Bay, Andaman and Nicobar island, India"
2020-10-10 23:08:01,24.760000000000002,93.390000000000001,82,5.2999999999999998,"40km WNW of Bishnupur, Manipur, India"
2020-09-25 16:27:01,35.25,78.230000000000004,10,5,"135km NNE of Leh, Laddakh, India"
2020-09-13 23:58:48,4.1200000000000001,96.840000000000003,120,5.2999999999999998,"456km SE of Campbell Bay, Andaman and Nicobar island, India"
2020-08-27 17:37:14,23.300000000000001,93.390000000000001,10,5.2000000000000002,"18km SSE of Champhai, Mizoram, India"
2020-08-13 04:10:41,28.300000000000001,65.609999999999999,10,5.2000000000000002,"753km NNW of Dwarka, Gujarat, India"
2020-07-18 00:02:59,12.130000000000001,95.209999999999994,10,5.9000000000000004,"272km ESE of Diglipur, Andaman and Nicobar island, India"
2020-07-17 19:33:50,12.800000000000001,94.390000000000001,10,5.9000000000000004,"161km ESE of Diglipur, Andaman and Nicobar island, India"
2020-07-13 06:28:47,5.3899999999999997,94.5,44,5.0999999999999996,"191km SSE of Campbell Bay, Andaman and Nicobar island, India"
2020-06-26 02:35:14,36.100000000000001,82.430000000000007,10,5.7000000000000002,"491km ENE of Leh, Laddakh, India"
2020-06-22 04:10:50,23.100000000000001,93.329999999999998,10,5.4000000000000004,"39km S of Champhai, Mizoram, India"
2020-06-21 16:16:23,23.789999999999999,93.599999999999994,40,5,"40km ESE of Ngopa, Mizoram, India"
2020-05-25 20:12:17,24.420000000000002,93.689999999999998,35,5.2000000000000002,"12km SW of Moirang, Manipur, India"
2020-04-16 17:15:17,22.629999999999999,94.400000000000006,65,5.9000000000000004,"143km SE of Champhai, Mizoram, India"
2020-04-01 17:53:28,33.100000000000001,98.480000000000004,10,5.4000000000000004,"621km NNE of Changlang, Arunachal Pradesh, India"
2020-03-20 07:03:16,28.489999999999998,87.310000000000002,10,5.4000000000000004,"153km NW of Yuksom, Sikkim, India"
2020-02-26 20:34:13,32.950000000000003,76.280000000000001,8,5,"81km N of Dharamshala, Himachal Pradesh, India"
2020-02-20 23:31:34,34.549999999999997,85.659999999999997,9,5,"653km ENE of Hanley, Jammu & Kashmir, India"
2020-02-01 15:13:55,29.100000000000001,95.569999999999993,19,5.0999999999999996,"110km NNE of Pangin, Arunachal Pradesh, India"
2020-01-29 01:59:36,7.2800000000000002,92.599999999999994,18,5.0999999999999996,"147km W of Campbell Bay, Andaman and Nicobar island, India"
2020-01-25 04:26:12,31.98,94.900000000000006,10,5.2000000000000002,"428km N of Pangin, Arunachal Pradesh, India"
2020-01-07 11:35:17,2.46,96.430000000000007,10,6.2999999999999998,"577km SSE of Campbell Bay, Andaman and Nicobar island, India"
2019-12-30 23:19:59,35.549999999999997,74.879999999999995,10,5.0999999999999996,"159km NW of Kargil, Laddakh, India"
2019-12-30 22:49:01,35.579999999999998,74.879999999999995,15,5.7000000000000002,"161km NW of Kargil, Laddakh, India"
2019-12-30 22:29:02,6.6500000000000004,94.439999999999998,100,5,"71km ESE of Campbell Bay, Andaman and Nicobar island, India"
2019-12-24 11:22:58,7.2999999999999998,92.379999999999995,10,5.2000000000000002,"171km W of Campbell Bay, Andaman and Nicobar island, India"
2019-11-24 19:48:46,2.6299999999999999,93.400000000000006,10,5.2999999999999998,"490km S of Campbell Bay, Andaman and Nicobar island, India"
2019-11-18 04:35:58,11.300000000000001,92.700000000000003,48,5,"36km S of Portblair, Andaman and Nicobar island, India"
2019-11-17 06:58:55,7.9000000000000004,94.569999999999993,23,5.2000000000000002,"123km NE of Campbell Bay, Andaman and Nicobar island, India"
2019-11-15 00:00:15,7.1699999999999999,95.150000000000006,126,5,"138km E of Campbell Bay, Andaman and Nicobar island, India"
2019-05-22 06:09:41,13.84,92.939999999999998,30,5.9000000000000004,"64km N of Diglipur, Andaman and Nicobar island, India"
2019-05-04 16:34:00,26.219999999999999,95.810000000000002,85,5.2999999999999998,"129km E of Mokokchung, Nagaland, India"
2019-04-24 01:45:53,28.420000000000002,94.620000000000005,10,5.9000000000000004,"49km N of Basar, Arunachal Pradesh, India"
2019-04-19 03:27:00,7.5999999999999996,94.329999999999998,10,5,"80km NE of Campbell Bay, Andaman and Nicobar island, India"
2019-04-19 03:22:10,7.6600000000000001,94.400000000000006,10,5,"90km NE of Campbell Bay, Andaman and Nicobar island, India"
2019-04-14 02:13:32,7.1699999999999999,94.359999999999999,10,5,"53km ENE of Campbell Bay, Andaman and Nicobar island, India"
2019-04-13 21:42:59,7.3300000000000001,94.430000000000007,10,5.2000000000000002,"68km ENE of Campbell Bay, Andaman and Nicobar island, India"
2019-04-11 09:20:43,7.7800000000000002,94.260000000000005,10,5,"94km NNE of Campbell Bay, Andaman and Nicobar island, India"
2019-04-11 08:09:33,7.6399999999999997,94.230000000000004,35,5.0999999999999996,"78km NNE of Campbell Bay, Andaman and Nicobar island, India"
2019-04-08 07:25:00,13.130000000000001,95.420000000000002,10,5,"264km E of Diglipur, Andaman and Nicobar island, India"
2019-04-04 13:15:30,25.43,94.409999999999997,60,5.2000000000000002,"33km N of Shirui, Manipur, India"
2019-04-01 13:41:32,7.5700000000000003,94.349999999999994,10,5.2000000000000002,"79km NE of Campbell Bay, Andaman and Nicobar island, India"
2019-04-01 06:53:52,7.6500000000000004,94.219999999999999,10,5.0999999999999996,"79km NNE of Campbell Bay, Andaman and Nicobar island, India"
2019-04-01 05:16:54,8.4600000000000009,93.870000000000005,64,5,"161km N of Campbell Bay, Andaman and Nicobar island, India"
2019-04-01 05:14:45,7.4500000000000002,94.530000000000001,67,5,"84km NE of Campbell Bay, Andaman and Nicobar island, India"
2019-03-28 08:38:16,11.720000000000001,95.099999999999994,10,5.0999999999999996,"258km E of Portblair, Andaman and Nicobar island, India"
2019-03-28 03:06:33,38.390000000000001,91.400000000000006,25,5,"1194km NNW of Pangin, Arunachal Pradesh, India"
2019-03-23 17:03:59,13.9,93.5,10,5.2000000000000002,"90km NE of Diglipur, Andaman and Nicobar island, India"
2019-03-23 16:59:25,13.949999999999999,92.989999999999995,10,5.4000000000000004,"76km N of Diglipur, Andaman and Nicobar island, India"
2019-02-10 08:52:00,27.57,96.709999999999994,10,5.2000000000000002,"20km SSE of Changlang, Arunachal Pradesh, India"
2019-02-05 22:17:04,35.299999999999997,74.700000000000003,32,5.5999999999999996,"135km N of Srinagar, Jammu and Kashmir, India"
2019-01-20 19:58:31,30.440000000000001,87.670000000000002,10,5,"323km NNW of Lachung, Sikkim, India"
2019-01-17 08:23:02,7.2000000000000002,94.590000000000003,80,5.5999999999999996,"78km ENE of Campbell Bay, Andaman and Nicobar island, India"
2019-01-09 15:09:04,3.4700000000000002,96,64,5.2999999999999998,"456km SSE of Campbell Bay, Andaman and Nicobar island, India"
2019-01-01 17:24:55,5.9000000000000004,94.969999999999999,44,5.0999999999999996,"170km SE of Campbell Bay, Andaman and Nicobar island, India"
2018-12-24 01:02:22,30.359999999999999,87.700000000000003,10,5.5,"313km NNW of Lachung, Sikkim, India"
2018-12-13 21:02:47,29.75,99.569999999999993,32,5.0999999999999996,"362km NE of Changlang, Arunachal Pradesh, India"
2018-11-28 15:47:05,27.59,96.959999999999994,10,5.5999999999999996,"35km ESE of Changlang, Arunachal Pradesh, India"
2018-11-21 21:19:33,5.29,95.370000000000005,49,5.2000000000000002,"250km SE of Campbell Bay, Andaman and Nicobar island, India"
2018-10-29 20:13:32,34.609999999999999,78.379999999999995,10,5,"89km NE of Leh, Laddakh, India"
2018-10-15 21:56:51,4.2199999999999998,96.25,50,5.0999999999999996,"404km SE of Campbell Bay, Andaman and Nicobar island, India"
2018-09-14 13:21:22,6.9900000000000002,94.530000000000001,68,5.0999999999999996,"69km E of Campbell Bay, Andaman and Nicobar island, India"
2018-09-12 10:20:45,26.399999999999999,89.959999999999994,10,5.7999999999999998,"101km NNW of Tura, Meghalaya, India"
2018-08-24 16:19:28,10.630000000000001,91.599999999999994,10,5.5,"165km SW of Portblair, Andaman and Nicobar island, India"
2018-08-06 10:05:51,7.54,91.659999999999997,50,5.0999999999999996,"254km WNW of Campbell Bay, Andaman and Nicobar island, India"
2018-08-04 09:34:09,35.140000000000001,81.219999999999999,10,5.4000000000000004,"343km NE of Hanley, Jammu & Kashmir, India"
2018-08-03 07:04:30,34.450000000000003,91.879999999999995,20,5,"764km N of Tawang, Arunachal Pradesh, India"
2018-07-22 15:34:43,5.4199999999999999,93.450000000000003,10,5.0999999999999996,"183km SSW of Campbell Bay, Andaman and Nicobar island, India"
2018-07-04 12:42:49,13.15,92.510000000000005,31,5,"52km WSW of Diglipur, Andaman and Nicobar island, India"
2018-06-17 19:51:26,29.84,69.950000000000003,10,5.0999999999999996,"384km WNW of Bikaner, Rajasthan, India"
2018-06-02 11:15:57,27.600000000000001,97.489999999999995,23,5.2000000000000002,"85km E of Changlang, Arunachal Pradesh, India"
2018-05-28 07:30:07,10.1,93.230000000000004,108,5.0999999999999996,"178km SSE of Portblair, Andaman and Nicobar island, India"
2018-05-23 16:03:22,4.5899999999999999,92.870000000000005,10,5.0999999999999996,"292km SSW of Campbell Bay, Andaman and Nicobar island, India"
2018-05-13 23:51:00,8.9000000000000004,93.680000000000007,50,5.2999999999999998,"211km N of Campbell Bay, Andaman and Nicobar island, India"
2018-05-06 14:53:28,35.299999999999997,96.680000000000007,20,5.2000000000000002,"807km N of Pangin, Arunachal Pradesh, India"
2018-04-24 09:38:42,23.449999999999999,93.959999999999994,153,5.2000000000000002,"64km E of Champhai, Mizoram, India"
2018-03-06 10:10:02,6.8700000000000001,94.549999999999997,78,5.2000000000000002,"72km ESE of Campbell Bay, Andaman and Nicobar island, India"
2018-02-13 08:09:49,12.289999999999999,93,31,6.2999999999999998,"79km NNE of Portblair, Andaman and Nicobar island, India"
2018-02-08 15:22:58,5.6600000000000001,95.510000000000005,10,5.2999999999999998,"232km SE of Campbell Bay, Andaman and Nicobar island, India"
2018-01-25 09:18:26,8.25,91.780000000000001,10,5.2000000000000002,"271km WNW of Campbell Bay, Andaman and Nicobar island, India"
2018-01-25 06:45:57,8.4199999999999999,91.609999999999999,10,6.0999999999999996,"297km WNW of Campbell Bay, Andaman and Nicobar island, India"
2018-01-17 06:55:22,34.560000000000002,86.739999999999995,10,5.2000000000000002,"748km ENE of Hanley, Jammu & Kashmir, India"
2018-01-07 12:17:14,24.710000000000001,94.540000000000006,9,5.7999999999999998,"25km SSE of Ukhrul, Manipur, India"
2017-12-29 16:59:41,8.7400000000000002,92.349999999999994,20,5.4000000000000004,"257km NW of Campbell Bay, Andaman and Nicobar island, India"
2017-12-22 21:28:50,10.16,92.969999999999999,30,5,"164km S of Portblair, Andaman and Nicobar island, India"
2017-12-07 05:12:06,27.350000000000001,66.469999999999999,20,5.0999999999999996,"621km NNW of Dwarka, Gujarat, India"
2017-12-07 04:59:04,35.609999999999999,77.560000000000002,128,5.2000000000000002,"159km NNE of Alchi(Leh),Ladakh,India"
2017-11-18 04:04:17,30.16,94.959999999999994,12,6.4000000000000004,"226km N of Pangin, Arunachal Pradesh, India"
2017-11-08 10:20:52,24.239999999999998,91.159999999999997,34,5,"40km NNW of Agartala,Tripura,India"
2017-10-06 19:30:28,11.949999999999999,95.450000000000003,10,5.2999999999999998,"298km E of Portblair, Andaman and Nicobar island, India"
2017-09-05 01:13:15,1.1899999999999999,92.799999999999997,10,5.2999999999999998,"658km S of Campbell Bay, Andaman and Nicobar island, India"
2017-08-02 23:48:08,24.379999999999999,93.469999999999999,89,5.2000000000000002,"33km WSW of Moirang, Manipur, India"
2017-07-21 12:53:59,4.46,95.200000000000003,10,5,"317km SSE of Campbell Bay, Andaman and Nicobar island, India"
2017-05-21 23:08:27,12.68,93.400000000000006,20,5,"79km SE of Diglipur, Andaman and Nicobar island, India"
2017-04-05 22:14:36,14.390000000000001,92.829999999999998,21,5.0999999999999996,"126km N of Diglipur, Andaman and Nicobar island, India"
2017-03-14 18:43:37,3.98,96.239999999999995,40,5.2000000000000002,"424km SE of Campbell Bay, Andaman and Nicobar island, India"
2017-03-14 08:21:22,6.79,92.099999999999994,10,6.2000000000000002,"200km W of Campbell Bay, Andaman and Nicobar island, India"
2017-03-04 07:41:51,25.219999999999999,94.719999999999999,91,5,"31km ENE of Shirui, Manipur, India"
2017-02-16 01:23:34,5.7699999999999996,95.900000000000006,10,5.2999999999999998,"259km ESE of Campbell Bay, Andaman and Nicobar island, India"
2017-02-16 01:17:06,5.25,96.299999999999997,10,5.5999999999999996,"329km SE of Campbell Bay, Andaman and Nicobar island, India"
2017-02-06 22:33:06,30.460000000000001,79.099999999999994,5,5.2000000000000002,"45km WSW of Joshimath, Uttarakhand , India"
2017-01-20 15:24:03,38.450000000000003,78.299999999999997,33,5.5,"474km NNE of Kargil, Laddakh, India"
2017-01-17 17:18:48,5.7000000000000002,94.980000000000004,72,5.2999999999999998,"187km SE of Campbell Bay, Andaman and Nicobar island, India"
2017-01-04 00:19:55,23.420000000000002,94.219999999999999,100,5.0999999999999996,"91km E of Champhai, Mizoram, India"
2017-01-03 14:39:03,24.140000000000001,91.879999999999995,33,5.4000000000000004,"38km SW of Dharmanagar, Tripura, India"
2016-12-20 15:34:24,38.200000000000003,85.840000000000003,10,5.4000000000000004,"867km NE of Leh, Laddakh, India"
2016-12-19 00:54:37,5.1200000000000001,95.370000000000005,65,5.0999999999999996,"265km SE of Campbell Bay, Andaman and Nicobar island, India"
2016-12-11 08:20:33,4.8700000000000001,96.560000000000002,33,5,"377km SE of Campbell Bay, Andaman and Nicobar island, India"
2016-12-07 03:33:35,5.2000000000000002,96.390000000000001,33,6.9000000000000004,"340km SE of Campbell Bay, Andaman and Nicobar island, India"
2016-12-01 22:22:48,29.82,80.569999999999993,13,5.2000000000000002,"43km NE of Pithoragarh, Uttarakhand, India"
2016-11-05 04:56:36,2.1000000000000001,96.290000000000006,30,5,"606km SSE of Campbell Bay, Andaman and Nicobar island, India"
2016-10-26 11:59:07,23.23,92.780000000000001,11,5,"5km S of Thenzawl, Mizoram, India"
2016-10-17 12:44:50,32.869999999999997,94.560000000000002,33,5.9000000000000004,"530km N of Pangin, Arunachal Pradesh, India"
2016-10-01 13:34:32,35.100000000000001,73.450000000000003,10,5,"144km NW of Gulmarg, Jammu and Kashmir, India"
2016-09-22 22:53:13,30.440000000000001,99.959999999999994,40,5.4000000000000004,"440km NE of Changlang, Arunachal Pradesh, India"
2016-09-22 18:53:43,24.989999999999998,95.540000000000006,23,5.2000000000000002,"107km E of Ukhrul, Manipur, India"
2016-08-23 07:41:13,23.850000000000001,94.390000000000001,106,5.4000000000000004,"95km SE of Moirang, Manipur, India"
2016-07-10 07:45:47,2.1200000000000001,95.299999999999997,33,5,"565km SSE of Campbell Bay, Andaman and Nicobar island, India"
2016-06-27 05:57:41,22.710000000000001,92.25,10,5.4000000000000004,"83km SW of Thenzawl, Mizoram, India"
2016-05-22 07:18:51,28.280000000000001,87.359999999999999,10,5,"131km NW of Yuksom, Sikkim, India"
2016-05-17 22:18:59,26.449999999999999,99,64,5,"274km ESE of Changlang, Arunachal Pradesh, India"
2016-05-11 06:45:47,32.600000000000001,94.780000000000001,10,5.4000000000000004,"498km N of Pangin, Arunachal Pradesh, India"
2016-05-09 21:33:49,11.4,91.489999999999995,10,5.2000000000000002,"137km W of Portblair, Andaman and Nicobar island, India"
2016-04-20 02:03:03,10.58,93.400000000000006,10,5.0999999999999996,"137km SSE of Portblair, Andaman and Nicobar island, India"
2016-04-13 19:25:18,23.100000000000001,94.659999999999997,130,6.9000000000000004,"141km ESE of Champhai, Mizoram, India"
2016-04-01 01:08:46,3.7599999999999998,96.689999999999998,27,5.0999999999999996,"474km SE of Campbell Bay, Andaman and Nicobar island, India"
2016-03-21 20:18:48,27.760000000000002,66.299999999999997,10,5.2000000000000002,"669km NNW of Dwarka, Gujarat, India"
2016-02-22 23:51:06,8.3200000000000003,91.780000000000001,10,5,"275km WNW of Campbell Bay, Andaman and Nicobar island, India"
2016-01-13 11:17:32,0.67000000000000004,92.230000000000004,10,5.0999999999999996,"728km SSW of Campbell Bay, Andaman and Nicobar island, India"
2016-01-04 04:35:19,24.84,93.469999999999999,28,6.5999999999999996,"37km NW of Bishnupur, Manipur, India"
2015-12-19 03:47:00,29.170000000000002,81.420000000000002,13,5.0999999999999996,"125km ESE of Pithoragarh, Uttarakhand, India"
2015-11-27 17:10:34,34.969999999999999,73.890000000000001,10,5,"111km NNW of Gulmarg, Jammu and Kashmir, India"
2015-11-27 14:03:59,22.390000000000001,94.379999999999995,10,5.2999999999999998,"160km SE of Champhai, Mizoram, India"
2015-11-14 22:23:31,6.7300000000000004,94.510000000000005,10,5.0999999999999996,"73km ESE of Campbell Bay, Andaman and Nicobar island, India"
2015-11-09 13:42:48,6.6699999999999999,94.670000000000002,10,5.5,"92km ESE of Campbell Bay, Andaman and Nicobar island, India"
2015-11-09 11:42:11,6.2300000000000004,94.840000000000003,10,5,"134km SE of Campbell Bay, Andaman and Nicobar island, India"
2015-11-09 00:44:42,6.3399999999999999,94.760000000000005,10,5,"120km SE of Campbell Bay, Andaman and Nicobar island, India"
2015-11-08 22:29:21,6.9400000000000004,94.609999999999999,10,5,"78km E of Campbell Bay, Andaman and Nicobar island, India"
2015-11-08 22:17:01,6.5700000000000003,94.810000000000002,35,5.7999999999999998,"111km ESE of Campbell Bay, Andaman and Nicobar island, India"
2015-11-08 20:04:00,6.3399999999999999,94.900000000000006,10,5.0999999999999996,"132km ESE of Campbell Bay, Andaman and Nicobar island, India"
2015-11-08 18:53:59,6.9500000000000002,94.359999999999999,10,5,"50km E of Campbell Bay, Andaman and Nicobar island, India"
2015-11-08 16:11:54,6.3499999999999996,95.200000000000003,7,5.2000000000000002,"160km ESE of Campbell Bay, Andaman and Nicobar island, India"
2015-10-30 16:56:45,25.629999999999999,99.099999999999994,10,5.4000000000000004,"338km SE of Changlang, Arunachal Pradesh, India"
2015-10-30 03:45:51,24.579999999999998,92.390000000000001,10,5.0999999999999996,"32km NE of Dharmanagar, Tripura, India"
2015-10-27 18:45:03,27.210000000000001,65.829999999999998,10,5.4000000000000004,"636km NNW of Dwarka, Gujarat, India"
2015-10-26 23:41:09,30.829999999999998,99.299999999999997,10,5,"429km NE of Changlang, Arunachal Pradesh, India"
2015-10-24 02:50:01,2.1000000000000001,93.700000000000003,30,5.2000000000000002,"546km S of Campbell Bay, Andaman and Nicobar island, India"
2015-10-23 05:57:37,29.579999999999998,70.599999999999994,10,5.5,"315km WNW of Bikaner, Rajasthan, India"
2015-10-12 15:34:02,34.880000000000003,99.189999999999998,10,5,"829km NNE of Changlang, Arunachal Pradesh, India"
2015-08-25 08:59:34,5.7000000000000002,93.159999999999997,10,5.2000000000000002,"167km SSW of Campbell Bay, Andaman and Nicobar island, India"
2015-08-17 03:05:26,13.74,92.530000000000001,10,5,"72km NW of Diglipur, Andaman and Nicobar island, India"
2015-08-06 02:34:13,36.850000000000001,82.140000000000001,10,5,"510km NE of Leh, Laddakh, India"
2015-08-04 01:25:40,4.9199999999999999,93.959999999999994,50,5.0999999999999996,"232km S of Campbell Bay, Andaman and Nicobar island, India"
2015-08-03 18:45:57,27.32,65.459999999999994,30,5.4000000000000004,"666km NNW of Dwarka, Gujarat, India"
2015-07-22 11:05:39,5.3499999999999996,95.209999999999994,33,5.5,"234km SE of Campbell Bay, Andaman and Nicobar island, India"
2015-07-15 16:55:50,27.469999999999999,65.180000000000007,10,5.5999999999999996,"695km NNW of Dwarka, Gujarat, India"
2015-07-12 14:28:55,17.210000000000001,73.75,6,5.0999999999999996,"76km NW of Kolhapur, Maharashtra, India"
2015-07-08 06:08:46,4.6399999999999997,95.629999999999995,33,5.2000000000000002,"325km SE of Campbell Bay, Andaman and Nicobar island, India"
2015-07-03 08:46:39,11.949999999999999,94.890000000000001,10,5.5999999999999996,"238km E of Portblair, Andaman and Nicobar island, India"
2015-07-03 06:37:47,37.5,78.700000000000003,33,5.9000000000000004,"385km NNE of Leh, Laddakh, India"
2015-06-28 06:35:25,26.399999999999999,90.25,5,5.5999999999999996,"98km N of Tura, Meghalaya, India"
2015-06-12 23:59:28,14.300000000000001,93.670000000000002,35,5.2999999999999998,"136km NNE of Diglipur, Andaman and Nicobar island, India"
2015-05-01 14:28:39,10.880000000000001,91.890000000000001,7,5.2000000000000002,"123km SW of Portblair, Andaman and Nicobar island, India"
2015-04-27 18:05:50,26.84,88.099999999999994,10,5.2000000000000002,"27km SW of Darjeeling,West Bengal,India"
2015-04-25 14:47:02,28.399999999999999,87.189999999999998,8,5.4000000000000004,"152km NW of Yuksom, Sikkim, India"
2015-04-24 05:28:20,12.17,94.579999999999998,30,5.0999999999999996,"210km ENE of Portblair, Andaman and Nicobar island, India"
2015-04-21 05:47:26,14.16,92.920000000000002,10,5.0999999999999996,"99km N of Diglipur, Andaman and Nicobar island, India"
2015-04-10 04:19:40,14.9,92.799999999999997,15,5,"182km N of Diglipur, Andaman and Nicobar island, India"
2015-03-22 23:42:32,2.3599999999999999,89.219999999999999,10,5.0999999999999996,"732km SW of Campbell Bay, Andaman and Nicobar island, India"
2015-03-02 19:49:49,4.2199999999999998,96.329999999999998,10,5,"410km SE of Campbell Bay, Andaman and Nicobar island, India"
2015-02-13 08:51:44,3.7999999999999998,93.140000000000001,20,5,"366km SSW of Campbell Bay, Andaman and Nicobar island, India"
2015-02-11 09:00:12,13.23,92.219999999999999,9,5.2999999999999998,"82km W of Diglipur, Andaman and Nicobar island, India"
2015-02-04 16:14:17,32.969999999999999,83.459999999999994,10,5.0999999999999996,"420km E of Hanley, Jammu & Kashmir, India"
2015-01-10 18:36:44,11.77,93.450000000000003,150,5.2999999999999998,"80km ENE of Portblair, Andaman and Nicobar island, India"
2015-01-10 04:29:12,3.3500000000000001,96.260000000000005,10,5.2999999999999998,"483km SSE of Campbell Bay, Andaman and Nicobar island, India"
2014-12-21 11:07:37,24.300000000000001,94.549999999999997,104,5.2999999999999998,"70km S of Ukhrul, Manipur, India"
2014-12-19 20:11:44,6.8099999999999996,93.989999999999995,17,5.2999999999999998,"23km SSE of Campbell Bay, Andaman and Nicobar island, India"
2014-12-17 20:54:30,3.1699999999999999,96.219999999999999,15,5.2999999999999998,"497km SSE of Campbell Bay, Andaman and Nicobar island, India"
2014-12-02 10:23:47,6.2999999999999998,61.509999999999998,10,5.7000000000000002,"1291km W of Minicoy, Lakshsdweep Island, India"
2014-12-01 09:17:52,7.6600000000000001,60.390000000000001,10,5.2999999999999998,"1382km WSW of Kavaratti,Lakshadweep Island, India"
2014-11-30 23:33:04,3.3399999999999999,93.359999999999999,30,5.0999999999999996,"412km S of Campbell Bay, Andaman and Nicobar island, India"
2014-11-29 18:35:15,6.2000000000000002,61.689999999999998,10,5.2999999999999998,"1274km W of Minicoy, Lakshsdweep Island, India"
2014-11-28 06:48:42,12.56,92.739999999999995,10,5.2000000000000002,"82km SSW of Diglipur, Andaman and Nicobar island, India"
2014-11-27 05:48:30,5.9699999999999998,61.329999999999998,10,5.2999999999999998,"1318km W of Minicoy, Lakshsdweep Island, India"
2014-11-25 10:49:53,5.5,61.810000000000002,10,5.2000000000000002,"1278km WSW of Minicoy, Lakshsdweep Island, India"
2014-11-24 21:00:07,3.46,96.590000000000003,10,5.4000000000000004,"494km SE of Campbell Bay, Andaman and Nicobar island, India"
2014-11-20 23:44:37,23.550000000000001,93.450000000000003,33,5.9000000000000004,"16km NE of Champhai, Mizoram, India"
2014-11-18 08:55:37,7.4100000000000001,94.439999999999998,15,5.9000000000000004,"74km NE of Campbell Bay, Andaman and Nicobar island, India"
2014-11-17 10:38:11,7.2800000000000002,94.370000000000005,30,5.2000000000000002,"59km ENE of Campbell Bay, Andaman and Nicobar island, India"
2014-11-11 13:20:03,7.1500000000000004,94.739999999999995,10,5.0999999999999996,"93km E of Campbell Bay, Andaman and Nicobar island, India"
2014-11-07 05:50:49,5.2800000000000002,95.489999999999995,47,5.5,"260km SE of Campbell Bay, Andaman and Nicobar island, India"
2014-11-06 21:16:21,7.29,94.420000000000002,56,5,"64km ENE of Campbell Bay, Andaman and Nicobar island, India"
2014-10-16 14:04:37,3.2999999999999998,94.359999999999999,20,5,"415km S of Campbell Bay, Andaman and Nicobar island, India"
2014-10-12 09:02:42,12.83,94.209999999999994,120,5.0999999999999996,"141km ESE of Diglipur, Andaman and Nicobar island, India"
2014-10-02 21:26:33,36.600000000000001,97.680000000000007,33,5.2999999999999998,"967km NNE of Pangin, Arunachal Pradesh, India"
2014-09-26 09:51:20,12.25,95.450000000000003,15,5.4000000000000004,"290km ESE of Diglipur, Andaman and Nicobar island, India"
2014-09-25 13:59:50,5.8300000000000001,96.099999999999994,147,5,"275km ESE of Campbell Bay, Andaman and Nicobar island, India"
2014-09-25 11:46:13,27.25,65.890000000000001,14,5.0999999999999996,"637km NNW of Dwarka, Gujarat, India"
2014-09-25 08:01:56,27.34,65.760000000000005,51,5.4000000000000004,"652km NNW of Dwarka, Gujarat, India"
2014-09-12 14:56:01,6.71,94.200000000000003,46,5,"46km SE of Campbell Bay, Andaman and Nicobar island, India"
2014-08-21 13:41:16,32.25,76.799999999999997,10,5.0999999999999996,"36km W of Manali, Himachal Pradesh, India"
2014-08-04 16:06:10,5.5700000000000003,94.870000000000005,55,5.0999999999999996,"192km SE of Campbell Bay, Andaman and Nicobar island, India"
2014-07-31 23:03:27,12.390000000000001,95.359999999999999,10,5,"275km ESE of Diglipur, Andaman and Nicobar island, India"
2014-07-31 19:10:26,12.140000000000001,95.560000000000002,10,5.5999999999999996,"306km ESE of Diglipur, Andaman and Nicobar island, India"
2014-07-29 12:37:06,14.48,93.129999999999995,10,5.5,"136km N of Diglipur, Andaman and Nicobar island, India"
2014-07-08 21:05:40,36.100000000000001,73.870000000000005,150,5.2000000000000002,"232km NNW of Gulmarg, Jammu and Kashmir, India"
2014-06-13 19:02:47,33.409999999999997,75.540000000000006,6,5,"70km SSE of Pahalgam, Jammu and Kashmir, India"
2014-06-13 11:47:04,27.640000000000001,66.099999999999994,15,5,"666km NNW of Dwarka, Gujarat, India"
2014-06-01 15:37:08,1.76,89.790000000000006,7,5.9000000000000004,"740km SW of Campbell Bay, Andaman and Nicobar island, India"
2014-05-30 06:50:14,25.219999999999999,98.400000000000006,29,5.9000000000000004,"330km SSE of Changlang, Arunachal Pradesh, India"
2014-05-24 02:19:17,25.600000000000001,98.430000000000007,10,5.4000000000000004,"297km SE of Changlang, Arunachal Pradesh, India"
2014-05-21 21:51:54,18.25,88.900000000000006,34,5.7999999999999998,"366km ESE of Puri, Odisha, India"
2014-05-18 16:29:12,2.3199999999999998,94.5,10,5.4000000000000004,"525km S of Campbell Bay, Andaman and Nicobar island, India"
2014-05-18 06:32:26,3.9100000000000001,93.180000000000007,22,5.9000000000000004,"353km SSW of Campbell Bay, Andaman and Nicobar island, India"
2014-04-21 18:04:15,4.6600000000000001,91.439999999999998,10,5,"377km SW of Campbell Bay, Andaman and Nicobar island, India"
2014-03-22 18:28:20,35.759999999999998,82.150000000000006,29,5,"450km NE of Hanley, Jammu & Kashmir, India"
2014-03-22 02:33:40,7.3899999999999997,94.5,10,5.0999999999999996,"78km ENE of Campbell Bay, Andaman and Nicobar island, India"
2014-03-21 19:55:10,7.5,94.349999999999994,10,5,"73km NE of Campbell Bay, Andaman and Nicobar island, India"
2014-03-21 19:43:28,7.1399999999999997,94.260000000000005,25,5.2000000000000002,"41km ENE of Campbell Bay, Andaman and Nicobar island, India"
2014-03-21 19:41:13,7.4900000000000002,94.459999999999994,17,5.4000000000000004,"81km NE of Campbell Bay, Andaman and Nicobar island, India"
2014-03-21 19:11:09,7.6699999999999999,94.400000000000006,28,6.2999999999999998,"91km NE of Campbell Bay, Andaman and Nicobar island, India"
2014-03-14 19:08:06,7.6399999999999997,94.409999999999997,21,5.4000000000000004,"89km NE of Campbell Bay, Andaman and Nicobar island, India"
2014-02-28 11:20:34,7.4299999999999997,94.519999999999996,72,5.2000000000000002,"82km NE of Campbell Bay, Andaman and Nicobar island, India"
2014-02-12 14:54:43,35.82,82.469999999999999,10,5.7999999999999998,"474km NE of Hanley, Jammu & Kashmir, India"
2014-02-12 14:49:53,35.719999999999999,82.609999999999999,33,6.4000000000000004,"475km NE of Hanley, Jammu & Kashmir, India"
2014-02-11 07:44:50,36.509999999999998,82.810000000000002,10,5.0999999999999996,"542km ENE of Leh, Laddakh, India"
2014-02-11 06:45:31,33.840000000000003,89.180000000000007,49,5.0999999999999996,"685km N of Lachung, Sikkim, India"
2014-02-03 05:13:59,12.539999999999999,95.599999999999994,10,5.0999999999999996,"294km ESE of Diglipur, Andaman and Nicobar island, India"
2014-01-29 19:16:54,24.210000000000001,93.5,74,5,"42km SW of Moirang, Manipur, India"
2014-01-19 12:47:16,1.8700000000000001,91.140000000000001,10,5,"648km SSW of Campbell Bay, Andaman and Nicobar island, India"
2014-01-16 23:17:37,31.670000000000002,90.120000000000005,65,5,"462km NNE of Lachung, Sikkim, India"
2013-12-21 02:40:47,4.7199999999999998,96.680000000000007,91,5.2000000000000002,"398km SE of Campbell Bay, Andaman and Nicobar island, India"
2013-12-20 08:34:36,14.44,92.900000000000006,38,5,"130km N of Diglipur, Andaman and Nicobar island, India"
2013-12-20 00:58:36,27.68,67.319999999999993,10,5.5,"587km WNW of Jodhpur, Rajasthan, India"
2013-11-24 05:00:48,36.490000000000002,86.730000000000004,45,5.2999999999999998,"826km ENE of Hanley, Jammu & Kashmir, India"
2013-11-22 22:51:04,6,92.620000000000005,18,5.5999999999999996,"180km SW of Campbell Bay, Andaman and Nicobar island, India"
2013-11-20 15:39:19,12.56,95.150000000000006,10,5.5999999999999996,"247km ESE of Diglipur, Andaman and Nicobar island, India"
2013-11-16 15:56:45,4.4400000000000004,89.870000000000005,10,5.5,"529km WSW of Campbell Bay, Andaman and Nicobar island, India"
2013-11-15 21:13:04,5.25,94.930000000000007,68,5,"225km SSE of Campbell Bay, Andaman and Nicobar island, India"
2013-11-13 07:21:05,1.1899999999999999,90.739999999999995,12,5.2000000000000002,"735km SSW of Campbell Bay, Andaman and Nicobar island, India"
2013-11-06 09:46:18,26.469999999999999,93.599999999999994,34,5.2999999999999998,"63km NNW of Dimapur, Nagaland, India"
2013-11-06 02:17:05,1.6200000000000001,89.75,10,5.5,"755km SW of Campbell Bay, Andaman and Nicobar island, India"
2013-10-24 23:27:37,14.300000000000001,93.599999999999994,27,5.4000000000000004,"133km NNE of Diglipur, Andaman and Nicobar island, India"
2013-10-22 11:10:43,5.2699999999999996,95.829999999999998,14,5.5,"287km SE of Campbell Bay, Andaman and Nicobar island, India"
2013-10-21 07:57:08,35.560000000000002,77.260000000000005,66,5.0999999999999996,"149km N of Alchi(Leh),Ladakh,India"
2013-10-21 01:15:08,35.560000000000002,77.650000000000006,129,5.2999999999999998,"155km NNE of Alchi(Leh),Ladakh,India"
2013-10-18 18:48:20,28.530000000000001,66.400000000000006,8,5.2999999999999998,"679km W of Bikaner, Rajasthan, India"
2013-10-13 23:02:41,4.4000000000000004,96.530000000000001,35,5.5999999999999996,"410km SE of Campbell Bay, Andaman and Nicobar island, India"
2013-09-28 13:04:04,27.190000000000001,65.439999999999998,10,7,"655km NNW of Dwarka, Gujarat, India"
2013-09-24 22:50:09,27.18,65.209999999999994,7,5.5999999999999996,"667km NW of Dwarka, Gujarat, India"
2013-09-24 19:38:29,27.510000000000002,65.599999999999994,10,5.0999999999999996,"676km NNW of Dwarka, Gujarat, India"
2013-09-24 18:31:37,27.359999999999999,65.609999999999999,10,5.7000000000000002,"662km NNW of Dwarka, Gujarat, India"
2013-09-24 17:06:28,27.199999999999999,65.659999999999997,10,5.2000000000000002,"644km NNW of Dwarka, Gujarat, India"
2013-09-24 16:59:46,26.949999999999999,65.519999999999996,9,7.2000000000000002,"628km NNW of Dwarka, Gujarat, India"
2013-08-31 05:34:15,28.550000000000001,99.609999999999999,15,5.5999999999999996,"304km ENE of Changlang, Arunachal Pradesh, India"
2013-08-25 09:30:09,1.6399999999999999,95.819999999999993,10,5.0999999999999996,"633km SSE of Campbell Bay, Andaman and Nicobar island, India"
2013-08-17 09:54:07,5.6500000000000004,94.829999999999998,66,5.2000000000000002,"182km SE of Campbell Bay, Andaman and Nicobar island, India"
2013-08-03 03:07:38,33.630000000000003,75.75,20,5.0999999999999996,"58km SE of Pahalgam, Jammu and Kashmir, India"
2013-08-02 17:34:26,24,94.689999999999998,18,5,"105km SSE of Ukhrul, Manipur, India"
2013-08-02 08:02:44,33.390000000000001,75.650000000000006,10,5.4000000000000004,"76km SSE of Pahalgam, Jammu and Kashmir, India"
2013-07-09 19:19:15,32.759999999999998,78.420000000000002,15,5,"52km W of Hanley, Jammu & Kashmir, India"
2013-07-02 21:06:44,4.6900000000000004,96.680000000000007,10,5.2000000000000002,"400km SE of Campbell Bay, Andaman and Nicobar island, India"
2013-07-02 19:25:37,4.4699999999999998,97.209999999999994,21,5.2999999999999998,"461km SE of Campbell Bay, Andaman and Nicobar island, India"
2013-07-02 13:07:02,4.6299999999999999,96.650000000000006,13,6.0999999999999996,"402km SE of Campbell Bay, Andaman and Nicobar island, India"
2013-06-28 17:10:48,28.710000000000001,82.290000000000006,12,5,"213km N of Ayodhya, Uttar Pradesh, India"
2013-06-26 11:18:48,9.6099999999999994,91.209999999999994,35,5.2000000000000002,"278km SW of Portblair, Andaman and Nicobar island, India"
2013-06-05 06:13:36,37.539999999999999,95.870000000000005,9,5.5,"1046km N of Pangin, Arunachal Pradesh, India"
2013-05-01 12:27:11,33.229999999999997,75.700000000000003,19,5.5999999999999996,"76km ENE of Katra, Jammu and Kashmir, India"
2013-04-17 07:15:57,25.989999999999998,99.890000000000001,38,5.0999999999999996,"376km ESE of Changlang, Arunachal Pradesh, India"
2013-04-16 14:04:12,28.989999999999998,95.230000000000004,40,5.0999999999999996,"94km N of Pangin, Arunachal Pradesh, India"
2013-03-03 11:11:20,26.120000000000001,99.849999999999994,41,5.4000000000000004,"365km ESE of Changlang, Arunachal Pradesh, India"
2013-03-02 07:00:37,24.670000000000002,92.189999999999998,30,5.5,"32km N of Dharmanagar, Tripura, India"
2013-02-25 10:41:07,34.350000000000001,85.620000000000005,10,5,"643km ENE of Hanley, Jammu & Kashmir, India"
2013-01-30 14:57:03,32.75,94.409999999999997,20,5.2000000000000002,"519km N of Pangin, Arunachal Pradesh, India"
2013-01-22 03:52:54,4.8899999999999997,96.25,36,5.9000000000000004,"350km SE of Campbell Bay, Andaman and Nicobar island, India"
2013-01-18 18:12:50,30.989999999999998,99.329999999999998,10,5.4000000000000004,"445km NE of Changlang, Arunachal Pradesh, India"
2013-01-10 19:17:04,4.8499999999999996,95.400000000000006,52,5.7999999999999998,"291km SE of Campbell Bay, Andaman and Nicobar island, India"
2013-01-10 02:35:07,0.10000000000000001,92.549999999999997,29,5.0999999999999996,"782km S of Campbell Bay, Andaman and Nicobar island, India"
2013-01-09 13:14:17,29.670000000000002,81.719999999999999,15,5,"145km E of Pithoragarh, Uttarakhand, India"
2013-01-09 07:11:52,25.300000000000001,94.859999999999999,91,5.7999999999999998,"48km ENE of Shirui, Manipur, India"
2012-12-22 09:19:57,4.7699999999999996,95.099999999999994,23,5.0999999999999996,"281km SSE of Campbell Bay, Andaman and Nicobar island, India"
2012-12-07 19:38:37,39.210000000000001,88.129999999999995,10,5.2000000000000002,"1095km NE of Leh, Laddakh, India"
2012-11-27 04:43:49,13.91,93.829999999999998,54,5,"116km NE of Diglipur, Andaman and Nicobar island, India"
2012-10-28 08:38:52,10.369999999999999,92.579999999999998,68,5.0999999999999996,"140km S of Portblair, Andaman and Nicobar island, India"
2012-10-18 08:03:29,23.780000000000001,81.359999999999999,10,5,"190km SSW of Prayagraj, Uttar Pradesh, India"
2012-10-11 22:37:56,1.6899999999999999,92.579999999999998,35,5.4000000000000004,"609km SSW of Campbell Bay, Andaman and Nicobar island, India"
2012-10-03 00:07:38,26.850000000000001,92.909999999999997,37,5.2000000000000002,"24km NNE of Tezpur, Assam, India"
2012-10-02 14:04:51,32.420000000000002,76.269999999999996,10,5,"22km NNW of Dharamshala, Himachal Pradesh, India"
2012-09-29 16:54:32,6.1100000000000003,92.760000000000005,19,5.4000000000000004,"161km SW of Campbell Bay, Andaman and Nicobar island, India"
2012-09-10 20:05:44,10.6,93.650000000000006,39,5.0999999999999996,"152km SE of Portblair, Andaman and Nicobar island, India"
2012-08-28 21:21:05,4.3799999999999999,92.989999999999995,15,5.4000000000000004,"309km SSW of Campbell Bay, Andaman and Nicobar island, India"
2012-08-27 17:35:22,10.23,92.780000000000001,58,5.2000000000000002,"155km S of Portblair, Andaman and Nicobar island, India"
2012-08-23 22:00:20,28.350000000000001,82.650000000000006,15,5,"178km NNE of Ayodhya, Uttar Pradesh, India"
2012-08-20 16:48:31,3.5899999999999999,92.689999999999998,23,5.0999999999999996,"403km SSW of Campbell Bay, Andaman and Nicobar island, India"
2012-08-19 07:26:58,4.7300000000000004,94.969999999999999,41,5.2000000000000002,"279km SSE of Campbell Bay, Andaman and Nicobar island, India"
2012-08-14 02:02:55,35.18,73.569999999999993,20,5.4000000000000004,"146km NNW of Gulmarg, Jammu and Kashmir, India"
2012-08-12 16:17:06,35.640000000000001,82.519999999999996,13,6,"463km NE of Hanley, Jammu & Kashmir, India"
2012-08-04 16:54:13,4.7800000000000002,96.430000000000007,37,5.2999999999999998,"373km SE of Campbell Bay, Andaman and Nicobar island, India"
2012-08-03 00:36:05,26.359999999999999,96.569999999999993,15,5,"153km S of Changlang, Arunachal Pradesh, India"
2012-07-29 07:51:13,22.940000000000001,94.5,75,5.7000000000000002,"132km ESE of Champhai, Mizoram, India"
2012-07-25 05:57:43,2.71,96.109999999999999,11,6.2000000000000002,"536km SSE of Campbell Bay, Andaman and Nicobar island, India"
2012-07-22 15:09:10,2.52,95.909999999999997,22,5,"546km SSE of Campbell Bay, Andaman and Nicobar island, India"
2012-07-22 07:41:10,25.100000000000001,96.579999999999998,23,5.0999999999999996,"212km E of Ukhrul, Manipur, India"
2012-07-15 01:25:18,25.550000000000001,94.329999999999998,53,5.5,"26km ESE of Kohima, Nagaland, India"
2012-07-10 01:43:04,25.300000000000001,96.640000000000001,30,5.0999999999999996,"221km ENE of Ukhrul, Manipur, India"
2012-07-01 09:43:53,25.670000000000002,94.540000000000006,69,5.5999999999999996,"43km E of Kohima, Nagaland, India"
2012-06-24 02:57:31,2.9700000000000002,90.650000000000006,17,5.4000000000000004,"575km SW of Campbell Bay, Andaman and Nicobar island, India"
2012-06-20 01:44:02,23.620000000000001,70.219999999999999,17,5,"158km NNW of Rajkot, Gujarat, India"
2012-06-05 16:31:18,5.5300000000000002,94.790000000000006,63,5.5,"191km SSE of Campbell Bay, Andaman and Nicobar island, India"
2012-05-11 18:11:34,26.25,92.879999999999995,43,5.2999999999999998,"45km SSE of Tezpur, Assam, India"
2012-05-05 17:38:41,4.6799999999999997,88.799999999999997,12,5.0999999999999996,"621km WSW of Campbell Bay, Andaman and Nicobar island, India"
2012-05-04 21:53:45,2.1899999999999999,89.530000000000001,10,5.2000000000000002,"722km SW of Campbell Bay, Andaman and Nicobar island, India"
2012-05-03 19:08:33,2.8100000000000001,94.5,10,5,"471km S of Campbell Bay, Andaman and Nicobar island, India"
2012-05-03 06:47:59,9.6699999999999999,93.430000000000007,33,5,"230km SSE of Portblair, Andaman and Nicobar island, India"
2012-05-01 03:10:36,2.98,92.920000000000002,25,5,"460km SSW of Campbell Bay, Andaman and Nicobar island, India"
2012-04-30 18:36:56,14.27,93.409999999999997,35,5.4000000000000004,"120km NNE of Diglipur, Andaman and Nicobar island, India"
2012-04-30 13:30:09,1.6100000000000001,89.510000000000005,14,5.5,"773km SW of Campbell Bay, Andaman and Nicobar island, India"
2012-04-29 13:39:04,2.8599999999999999,94.640000000000001,14,5.2999999999999998,"468km S of Campbell Bay, Andaman and Nicobar island, India"
2012-04-27 00:51:45,3.1299999999999999,94.659999999999997,11,5.4000000000000004,"439km SSE of Campbell Bay, Andaman and Nicobar island, India"
2012-04-25 13:23:15,8.5399999999999991,94.260000000000005,12,5.4000000000000004,"174km NNE of Campbell Bay, Andaman and Nicobar island, India"
2012-04-25 13:12:31,9.7300000000000004,94.400000000000006,9,5.7999999999999998,"278km SE of Portblair, Andaman and Nicobar island, India"
2012-04-25 01:13:55,1.3200000000000001,91.780000000000001,10,5.0999999999999996,"674km SSW of Campbell Bay, Andaman and Nicobar island, India"
2012-04-24 20:27:07,8.7300000000000004,94.799999999999997,14,5.5,"215km NNE of Campbell Bay, Andaman and Nicobar island, India"
2012-04-24 15:20:56,5.5800000000000001,61.509999999999998,11,5.2000000000000002,"1308km WSW of Minicoy, Lakshsdweep Island, India"
2012-04-21 16:34:29,3.2200000000000002,93.780000000000001,10,5.0999999999999996,"421km S of Campbell Bay, Andaman and Nicobar island, India"
2012-04-21 04:44:31,2.25,93.450000000000003,28,5.9000000000000004,"531km S of Campbell Bay, Andaman and Nicobar island, India"
2012-04-21 03:58:59,3.48,93.829999999999998,22,5.5,"392km S of Campbell Bay, Andaman and Nicobar island, India"
2012-04-21 03:49:51,3.77,93.769999999999996,34,5.2000000000000002,"360km S of Campbell Bay, Andaman and Nicobar island, India"
2012-04-21 01:04:08,3.4399999999999999,93.709999999999994,19,5.2000000000000002,"397km S of Campbell Bay, Andaman and Nicobar island, India"
2012-04-20 13:21:24,2.6499999999999999,91.890000000000001,10,5,"533km SSW of Campbell Bay, Andaman and Nicobar island, India"
2012-04-19 00:37:59,3.73,92.709999999999994,17,5,"387km SSW of Campbell Bay, Andaman and Nicobar island, India"
2012-04-18 01:15:36,2.5899999999999999,92.599999999999994,10,5.0999999999999996,"512km SSW of Campbell Bay, Andaman and Nicobar island, India"
2012-04-17 08:54:20,5.1399999999999997,95.299999999999997,60,5,"258km SE of Campbell Bay, Andaman and Nicobar island, India"
2012-04-16 21:35:55,0.34999999999999998,92.200000000000003,12,5.2000000000000002,"764km SSW of Campbell Bay, Andaman and Nicobar island, India"
2012-04-16 15:16:30,1.1699999999999999,92.280000000000001,24,5.2999999999999998,"673km SSW of Campbell Bay, Andaman and Nicobar island, India"
2012-04-15 11:27:37,2.5299999999999998,90.299999999999997,15,6.2000000000000002,"638km SW of Campbell Bay, Andaman and Nicobar island, India"
2012-04-14 20:51:57,0.31,92.299999999999997,23,5.2999999999999998,"765km SSW of Campbell Bay, Andaman and Nicobar island, India"
2012-04-14 17:48:29,2.7000000000000002,90.319999999999993,21,5.0999999999999996,"622km SW of Campbell Bay, Andaman and Nicobar island, India"
2012-04-13 01:51:51,3.6800000000000002,92.739999999999995,10,5.0999999999999996,"391km SSW of Campbell Bay, Andaman and Nicobar island, India"
2012-04-12 20:16:23,3.2000000000000002,93.709999999999994,12,5.0999999999999996,"423km S of Campbell Bay, Andaman and Nicobar island, India"
2012-04-12 18:39:46,2.48,93.489999999999995,10,5.2999999999999998,"505km S of Campbell Bay, Andaman and Nicobar island, India"
2012-04-12 12:31:44,2.8999999999999999,93.920000000000002,10,5,"456km S of Campbell Bay, Andaman and Nicobar island, India"
2012-04-12 08:24:42,1.1499999999999999,91.719999999999999,10,5,"694km SSW of Campbell Bay, Andaman and Nicobar island, India"
2012-04-12 05:26:37,2.2400000000000002,89.510000000000005,12,5.5999999999999996,"719km SW of Campbell Bay, Andaman and Nicobar island, India"
2012-04-12 04:21:59,3.7000000000000002,89.469999999999999,9,5.5,"613km SW of Campbell Bay, Andaman and Nicobar island, India"
2012-04-12 03:45:23,0.47999999999999998,92.540000000000006,9,5.0999999999999996,"741km S of Campbell Bay, Andaman and Nicobar island, India"
2012-04-12 03:06:10,2.3999999999999999,90.790000000000006,12,5,"617km SW of Campbell Bay, Andaman and Nicobar island, India"
2012-04-12 00:34:16,0.93999999999999995,92.140000000000001,15,5.5,"702km SSW of Campbell Bay, Andaman and Nicobar island, India"
2012-04-12 00:24:43,2.29,92.819999999999993,12,5.4000000000000004,"538km SSW of Campbell Bay, Andaman and Nicobar island, India"
2012-04-11 23:24:37,2.3500000000000001,92.609999999999999,15,5,"537km SSW of Campbell Bay, Andaman and Nicobar island, India"
2012-04-11 22:46:19,4.0999999999999996,89.620000000000005,14,5,"573km SW of Campbell Bay, Andaman and Nicobar island, India"
2012-04-11 21:34:24,3.5299999999999998,92.760000000000005,15,5.2000000000000002,"406km SSW of Campbell Bay, Andaman and Nicobar island, India"
2012-04-11 21:16:54,3.1600000000000001,91.920000000000002,14,5.0999999999999996,"481km SSW of Campbell Bay, Andaman and Nicobar island, India"
2012-04-11 20:24:25,1,91.879999999999995,10,5.4000000000000004,"704km SSW of Campbell Bay, Andaman and Nicobar island, India"
2012-04-11 20:04:20,1.6699999999999999,90.620000000000005,10,5.4000000000000004,"696km SSW of Campbell Bay, Andaman and Nicobar island, India"
2012-04-11 19:48:37,2.1099999999999999,92.599999999999994,10,5,"563km SSW of Campbell Bay, Andaman and Nicobar island, India"
2012-04-11 19:38:37,0.84999999999999998,92.599999999999994,8,5.2000000000000002,"699km S of Campbell Bay, Andaman and Nicobar island, India"
2012-04-11 19:28:05,1.54,90.719999999999999,9,5.5,"703km SSW of Campbell Bay, Andaman and Nicobar island, India"
2012-04-11 19:12:43,2.4700000000000002,93.359999999999999,10,5.2000000000000002,"508km S of Campbell Bay, Andaman and Nicobar island, India"
2012-04-11 18:45:35,5.9000000000000004,90.540000000000006,17,5,"391km WSW of Campbell Bay, Andaman and Nicobar island, India"
2012-04-11 18:07:48,2.5600000000000001,92.510000000000005,10,5,"518km SSW of Campbell Bay, Andaman and Nicobar island, India"
2012-04-11 17:52:05,3.5699999999999998,92.379999999999995,16,5,"417km SSW of Campbell Bay, Andaman and Nicobar island, India"
2012-04-11 17:40:50,1.1399999999999999,92.670000000000002,10,5.2999999999999998,"666km S of Campbell Bay, Andaman and Nicobar island, India"
2012-04-11 17:30:32,1.99,92.640000000000001,15,5.2000000000000002,"575km SSW of Campbell Bay, Andaman and Nicobar island, India"
2012-04-11 17:23:37,3.21,89.480000000000004,10,5.7999999999999998,"646km SW of Campbell Bay, Andaman and Nicobar island, India"
2012-04-11 17:04:02,0.90000000000000002,92.769999999999996,10,5.5,"690km S of Campbell Bay, Andaman and Nicobar island, India"
2012-04-11 16:34:41,0.26000000000000001,92.620000000000005,10,5.2000000000000002,"763km S of Campbell Bay, Andaman and Nicobar island, India"
2012-04-11 16:13:10,0.85999999999999999,92.469999999999999,25,8.1999999999999993,"701km SSW of Campbell Bay, Andaman and Nicobar island, India"
2012-04-11 16:06:56,1.48,91.689999999999998,10,5.4000000000000004,"661km SSW of Campbell Bay, Andaman and Nicobar island, India"
2012-04-11 15:51:17,2.96,92.280000000000001,14,5.2000000000000002,"484km SSW of Campbell Bay, Andaman and Nicobar island, India"
2012-04-11 15:38:27,2.6299999999999999,90.099999999999994,10,5.0999999999999996,"643km SW of Campbell Bay, Andaman and Nicobar island, India"
2012-04-11 15:31:23,2.6899999999999999,90.189999999999998,26,5.4000000000000004,"632km SW of Campbell Bay, Andaman and Nicobar island, India"
2012-04-11 15:21:42,2.6299999999999999,90.230000000000004,20,5.4000000000000004,"634km SW of Campbell Bay, Andaman and Nicobar island, India"
2012-04-11 14:57:57,1.3500000000000001,91.640000000000001,15,6,"677km SSW of Campbell Bay, Andaman and Nicobar island, India"
2012-04-11 14:25:46,1.26,91.739999999999995,10,5.9000000000000004,"682km SSW of Campbell Bay, Andaman and Nicobar island, India"
2012-04-11 14:08:34,2.1600000000000001,93.200000000000003,20,8.4000000000000004,"544km S of Campbell Bay, Andaman and Nicobar island, India"
2012-03-31 03:32:04,4.2999999999999998,95.439999999999998,30,5.0999999999999996,"345km SSE of Campbell Bay, Andaman and Nicobar island, India"
2012-03-28 05:10:12,26.120000000000001,87.790000000000006,27,5,"90km SW of Siliguri, West Bengal, India"
2012-03-06 08:29:24,8.4600000000000009,93.909999999999997,30,5,"161km N of Campbell Bay, Andaman and Nicobar island, India"
2012-03-06 08:22:39,8.3399999999999999,93.790000000000006,17,5.5,"148km N of Campbell Bay, Andaman and Nicobar island, India"
2012-03-05 12:25:26,4.7000000000000002,97.390000000000001,47,5,"463km ESE of Campbell Bay, Andaman and Nicobar island, India"
2012-02-22 17:32:42,4.8600000000000003,94.650000000000006,33,5.2000000000000002,"252km SSE of Campbell Bay, Andaman and Nicobar island, India"
2012-02-20 19:48:02,35.82,79.950000000000003,10,5.0999999999999996,"284km NE of Leh, Laddakh, India"
2012-02-17 21:14:18,32.670000000000002,83.290000000000006,22,5,"404km E of Hanley, Jammu & Kashmir, India"
2012-02-16 00:01:56,6.5099999999999998,92.489999999999995,12,5,"165km WSW of Campbell Bay, Andaman and Nicobar island, India"
2012-02-10 00:47:32,30.940000000000001,78.310000000000002,10,5,"26km NNW of Uttarkashi, Uttarakhand, India"
2012-01-30 18:50:40,2.7400000000000002,96.569999999999993,40,5.0999999999999996,"558km SSE of Campbell Bay, Andaman and Nicobar island, India"
2012-01-27 15:24:35,2.1000000000000001,92.739999999999995,10,5.0999999999999996,"560km SSW of Campbell Bay, Andaman and Nicobar island, India"
2012-01-14 01:33:44,2.7999999999999998,96.379999999999995,15,5.2000000000000002,"542km SSE of Campbell Bay, Andaman and Nicobar island, India"
2012-01-11 00:06:59,2.4300000000000002,93.140000000000001,11,6.7999999999999998,"516km S of Campbell Bay, Andaman and Nicobar island, India"
2012-01-01 23:39:03,4.4699999999999998,96.790000000000006,45,5.0999999999999996,"426km SE of Campbell Bay, Andaman and Nicobar island, India"
2011-12-31 11:09:46,27.800000000000001,66.700000000000003,10,5,"650km WNW of Jodhpur, Rajasthan, India"
2011-12-27 08:55:51,7.0999999999999996,93.700000000000003,37,5.0999999999999996,"24km WNW of Campbell Bay, Andaman and Nicobar island, India"
2011-12-23 17:32:00,28.84,68.200000000000003,14,5.0999999999999996,"508km W of Bikaner, Rajasthan, India"
2011-12-17 01:00:13,4.0999999999999996,93.379999999999995,10,5.2000000000000002,"328km S of Campbell Bay, Andaman and Nicobar island, India"
2011-12-16 21:17:24,7.6200000000000001,94.129999999999995,45,5,"72km NNE of Campbell Bay, Andaman and Nicobar island, India"
2011-12-03 01:07:41,7.4000000000000004,94.310000000000002,38,5.2999999999999998,"62km NE of Campbell Bay, Andaman and Nicobar island, India"
2011-12-01 18:18:13,38.5,77.239999999999995,17,5.2999999999999998,"449km NNE of Kargil, Laddakh, India"
2011-12-01 09:20:59,31.559999999999999,83.890000000000001,10,5,"414km ENE of Pithoragarh, Uttarakhand, India"
2011-12-01 01:19:02,7.6900000000000004,93.099999999999994,22,5.0999999999999996,"116km NW of Campbell Bay, Andaman and Nicobar island, India"
2011-12-01 01:12:37,7.9699999999999998,93.920000000000002,27,5.5,"107km N of Campbell Bay, Andaman and Nicobar island, India"
2011-11-28 20:36:48,25.5,97.840000000000003,45,5.2000000000000002,"276km SSE of Changlang, Arunachal Pradesh, India"
2011-11-21 08:45:41,24.960000000000001,95.159999999999997,113,5.7999999999999998,"68km E of Ukhrul, Manipur, India"
2011-10-20 22:48:31,21.170000000000002,70.5,10,5.2000000000000002,"129km SSW of Rajkot, Gujarat, India"
2011-10-16 22:46:22,2.9199999999999999,96.170000000000002,20,5.7000000000000002,"519km SSE of Campbell Bay, Andaman and Nicobar island, India"
2011-10-01 18:18:56,13.800000000000001,95.840000000000003,10,5,"314km ENE of Diglipur, Andaman and Nicobar island, India"
2011-10-01 09:52:12,12.960000000000001,95.870000000000005,19,5.2000000000000002,"314km E of Diglipur, Andaman and Nicobar island, India"
2011-09-27 16:32:59,36.649999999999999,76.950000000000003,82,5,"244km NNE of Kargil, Laddakh, India"
2011-09-18 18:10:46,27.850000000000001,88.599999999999994,45,6.9000000000000004,"22km NW of Lachung, Sikkim, India"
2011-09-15 20:57:12,35.560000000000002,82.609999999999999,39,5.2000000000000002,"463km NE of Hanley, Jammu & Kashmir, India"
2011-08-21 13:48:14,4.5899999999999999,95.099999999999994,35,5.2000000000000002,"299km SSE of Campbell Bay, Andaman and Nicobar island, India"
2011-08-11 22:36:13,37.659999999999997,95.629999999999995,10,5,"1058km N of Pangin, Arunachal Pradesh, India"
2011-08-10 06:23:20,27.670000000000002,65.109999999999999,10,5.7000000000000002,"717km NNW of Dwarka, Gujarat, India"
2011-08-09 17:20:19,24.940000000000001,98.930000000000007,52,5.0999999999999996,"386km SE of Changlang, Arunachal Pradesh, India"
2011-08-02 01:10:56,33.539999999999999,87.609999999999999,20,5,"659km N of Lachung, Sikkim, India"
2011-06-26 13:18:10,32.729999999999997,96.269999999999996,29,5.2000000000000002,"519km N of Pangin, Arunachal Pradesh, India"
2011-06-20 15:46:53,25.190000000000001,98.560000000000002,12,5.4000000000000004,"342km SE of Changlang, Arunachal Pradesh, India"
2011-06-03 12:57:09,9.7599999999999998,92.629999999999995,15,5.9000000000000004,"207km S of Portblair, Andaman and Nicobar island, India"
2011-06-03 06:23:22,27.539999999999999,87.920000000000002,9,5,"35km WNW of Yuksom, Sikkim, India"
2011-04-29 14:26:50,4.21,95.780000000000001,53,5.7000000000000002,"373km SE of Campbell Bay, Andaman and Nicobar island, India"
2011-04-04 17:01:39,29.579999999999998,80.879999999999995,9,5.5,"64km E of Pithoragarh, Uttarakhand, India"
2011-03-23 11:25:52,36.380000000000003,76.349999999999994,87,5,"204km N of Kargil, Laddakh, India"
2011-03-10 10:28:16,24.77,97.819999999999993,23,5.4000000000000004,"337km E of Ukhrul, Manipur, India"
2011-03-09 19:27:27,8.6699999999999999,92.340000000000003,26,5.2000000000000002,"252km NW of Campbell Bay, Andaman and Nicobar island, India"
2011-03-01 04:40:19,3.54,96.239999999999995,35,5,"464km SE of Campbell Bay, Andaman and Nicobar island, India"
2011-02-04 19:23:41,24.93,94.799999999999997,33,6.4000000000000004,"32km E of Ukhrul, Manipur, India"
2011-02-01 19:09:43,10.539999999999999,94.319999999999993,10,5.5,"211km SE of Portblair, Andaman and Nicobar island, India"
2011-01-22 13:08:57,3.2999999999999998,95.560000000000002,33,5.5999999999999996,"451km SSE of Campbell Bay, Andaman and Nicobar island, India"
2011-01-22 13:04:15,2.77,95.709999999999994,33,5.4000000000000004,"511km SSE of Campbell Bay, Andaman and Nicobar island, India"
2011-01-15 21:56:05,2.5099999999999998,96.459999999999994,10,5.0999999999999996,"574km SSE of Campbell Bay, Andaman and Nicobar island, India"
2011-01-15 17:15:15,2.3999999999999999,96.390000000000001,10,5,"581km SSE of Campbell Bay, Andaman and Nicobar island, India"
2011-01-15 16:53:53,2.8999999999999999,96.359999999999999,10,5.7999999999999998,"531km SSE of Campbell Bay, Andaman and Nicobar island, India"
2011-01-07 08:39:59,4.3700000000000001,90.319999999999993,10,5.4000000000000004,"493km SW of Campbell Bay, Andaman and Nicobar island, India"
2010-12-23 05:31:31,3.6899999999999999,96.260000000000005,33,5.4000000000000004,"451km SE of Campbell Bay, Andaman and Nicobar island, India"
2010-12-21 19:37:48,2.79,96.140000000000001,27,5.5999999999999996,"530km SSE of Campbell Bay, Andaman and Nicobar island, India"
2010-12-19 04:26:39,5.3600000000000003,95.299999999999997,48,5.0999999999999996,"239km SE of Campbell Bay, Andaman and Nicobar island, India"
2010-12-11 21:04:27,30.27,69.340000000000003,10,5.0999999999999996,"459km WNW of Bikaner, Rajasthan, India"
2010-10-17 15:45:12,13.4,92.379999999999995,33,5,"66km WNW of Diglipur, Andaman and Nicobar island, India"
2010-10-17 01:21:49,6.6600000000000001,94.439999999999998,94,5.5999999999999996,"70km ESE of Campbell Bay, Andaman and Nicobar island, India"
2010-10-15 18:13:52,3.7400000000000002,95.569999999999993,33,5.0999999999999996,"407km SSE of Campbell Bay, Andaman and Nicobar island, India"
2010-10-06 23:19:41,29.670000000000002,69.469999999999999,10,5.0999999999999996,"416km WNW of Bikaner, Rajasthan, India"
2010-09-30 15:24:03,4.7599999999999998,95.5,33,5.5,"305km SE of Campbell Bay, Andaman and Nicobar island, India"
2010-09-29 17:03:27,4.9500000000000002,95.5,33,5.2000000000000002,"288km SE of Campbell Bay, Andaman and Nicobar island, India"
2010-09-11 17:13:05,7.7999999999999998,94.400000000000006,10,5.4000000000000004,"103km NNE of Campbell Bay, Andaman and Nicobar island, India"
2010-09-08 02:20:56,33.299999999999997,96.329999999999998,10,5,"582km N of Pangin, Arunachal Pradesh, India"
2010-09-02 05:46:37,12.890000000000001,92.5,10,5.0999999999999996,"66km SW of Diglipur, Andaman and Nicobar island, India"
2010-08-20 03:49:15,11.279999999999999,95.230000000000004,10,5,"275km E of Portblair, Andaman and Nicobar island, India"
2010-08-17 07:09:27,11.470000000000001,94.890000000000001,10,5.2000000000000002,"236km E of Portblair, Andaman and Nicobar island, India"
2010-08-15 01:47:57,28.300000000000001,66.299999999999997,33,5,"688km W of Bikaner, Rajasthan, India"
2010-08-10 03:51:45,13.710000000000001,92.719999999999999,31,5.2999999999999998,"57km NNW of Diglipur, Andaman and Nicobar island, India"
2010-08-03 07:18:11,11.199999999999999,93.269999999999996,79,5,"75km SE of Portblair, Andaman and Nicobar island, India"
2010-07-12 02:38:24,7.6399999999999997,91.879999999999995,33,5.0999999999999996,"234km WNW of Campbell Bay, Andaman and Nicobar island, India"
2010-07-08 19:16:59,14.44,93.5,33,5.2999999999999998,"142km NNE of Diglipur, Andaman and Nicobar island, India"
2010-07-02 23:53:07,10.19,92.099999999999994,13,5.4000000000000004,"173km SSW of Portblair, Andaman and Nicobar island, India"
2010-06-25 12:59:00,7.7199999999999998,91.890000000000001,33,5,"235km WNW of Campbell Bay, Andaman and Nicobar island, India"
2010-06-24 09:38:34,7.8200000000000003,91.939999999999998,21,5.4000000000000004,"234km WNW of Campbell Bay, Andaman and Nicobar island, India"
2010-06-19 04:39:31,13.289999999999999,92.819999999999993,10,6.0999999999999996,"17km W of Diglipur, Andaman and Nicobar island, India"
2010-06-13 12:35:36,7.96,91.989999999999995,33,5.0999999999999996,"236km WNW of Campbell Bay, Andaman and Nicobar island, India"
2010-06-13 11:56:04,7.8200000000000003,91.969999999999999,33,5.0999999999999996,"231km WNW of Campbell Bay, Andaman and Nicobar island, India"
2010-06-13 09:31:07,7.9500000000000002,92.180000000000007,33,5,"217km WNW of Campbell Bay, Andaman and Nicobar island, India"
2010-06-13 04:14:41,7.7199999999999998,91.969999999999999,33,5.2000000000000002,"227km WNW of Campbell Bay, Andaman and Nicobar island, India"
2010-06-13 00:56:50,7.9000000000000004,91.959999999999994,33,7,"236km WNW of Campbell Bay, Andaman and Nicobar island, India"
2010-06-03 14:54:14,4.8499999999999996,95.909999999999997,66,5.5,"326km SE of Campbell Bay, Andaman and Nicobar island, India"
2010-06-03 11:05:44,33.280000000000001,96.700000000000003,10,5.2000000000000002,"587km NNE of Pangin, Arunachal Pradesh, India"
2010-06-01 01:21:46,11.23,93.920000000000002,105,6.0999999999999996,"137km ESE of Portblair, Andaman and Nicobar island, India"
2010-05-29 07:59:46,33.25,96.319999999999993,10,5.5,"576km N of Pangin, Arunachal Pradesh, India"
2010-05-16 14:25:46,14.4,93.599999999999994,33,5.2999999999999998,"142km NNE of Diglipur, Andaman and Nicobar island, India"
2010-05-11 17:47:44,3.6499999999999999,96.189999999999998,33,5.5999999999999996,"451km SE of Campbell Bay, Andaman and Nicobar island, India"
2010-05-09 11:29:38,3.6600000000000001,96.189999999999998,33,6.5,"450km SE of Campbell Bay, Andaman and Nicobar island, India"
2010-05-02 02:48:57,13.619999999999999,92.640000000000001,33,5,"54km NW of Diglipur, Andaman and Nicobar island, India"
2010-04-17 06:28:58,32.479999999999997,92.680000000000007,33,5.0999999999999996,"536km NNW of Basar, Arunachal Pradesh, India"
2010-04-14 06:55:13,33.229999999999997,96.450000000000003,10,5.7999999999999998,"576km N of Pangin, Arunachal Pradesh, India"
2010-04-14 05:19:37,33.170000000000002,96.530000000000001,10,6.5,"571km N of Pangin, Arunachal Pradesh, India"
2010-04-14 03:09:56,33.259999999999998,96.870000000000005,10,5.2000000000000002,"589km NNE of Pangin, Arunachal Pradesh, India"
2010-04-14 01:44:56,7.9299999999999997,91.849999999999994,10,5.2999999999999998,"248km WNW of Campbell Bay, Andaman and Nicobar island, India"
2010-04-01 19:37:27,29.960000000000001,69.189999999999998,33,5,"455km WNW of Bikaner, Rajasthan, India"
2010-03-30 22:24:47,13.640000000000001,92.670000000000002,33,6.4000000000000004,"53km NW of Diglipur, Andaman and Nicobar island, India"
2010-03-24 08:14:47,32.68,92.950000000000003,10,5.5999999999999996,"548km NNW of Basar, Arunachal Pradesh, India"
2010-03-24 07:36:08,32.579999999999998,92.640000000000001,10,5.5,"547km NNW of Basar, Arunachal Pradesh, India"
2010-03-18 13:22:27,34.100000000000001,81.819999999999993,10,5,"308km ENE of Hanley, Jammu & Kashmir, India"
2010-03-15 00:39:08,34.939999999999998,73.849999999999994,33,5.2000000000000002,"110km NNW of Gulmarg, Jammu and Kashmir, India"
2010-03-13 04:49:55,23.199999999999999,94.459999999999994,96,5.5,"119km ESE of Champhai, Mizoram, India"
2010-02-17 00:38:23,4.6500000000000004,93.150000000000006,33,5.2000000000000002,"275km SSW of Campbell Bay, Andaman and Nicobar island, India"
2010-01-22 12:16:12,2.1000000000000001,94.200000000000003,14,5.0999999999999996,"546km S of Campbell Bay, Andaman and Nicobar island, India"
2010-01-01 07:38:21,26.309999999999999,99.739999999999995,10,5,"345km ESE of Changlang, Arunachal Pradesh, India"
,,,,,
,,,,,
,,,,,
,,,,,
,,,,,
,,,,,
,,,,,
,,,,,
,,,,,
,,,,,
,,,,,
,,,,,
,,,,,
,,,,,
,,,,,
,,,,,
,,,,,
,,,,,
,,,,,
,,,,,
,,,,,
,,,,,
,,,,,
,,,,,
,,,,,
,,,,,
,,,,,
,,,,,
,,,,,
,,,,,
,,,,,
,,,,,
,,,,,
,,,,,
,,,,,
,,,,,
,,,,,
,,,,,
,,,,,
,,,,,
,,,,,
,,,,,
,,,,,
,,,,,
,,,,,
,,,,,
,,,,,
,,,,,
,,,,,
,,,,,
,,,,,
,,,,,
,,,,,
,,,,,
,,,,,
,,,,,
,,,,,
,,,,,
,,,,,
,,,,,
,,,,,
,,,,,
,,,,,
,,,,,
,,,,,
,,,,,
,,,,,
,,,,,
,,,,,
,,,,,
,,,,,
,,,,,
,,,,,
,,,,,
,,,,,
,,,,,
,,,,,
,,,,,
,,,,,
,,,,,
,,,,,
,,,,,
,,,,,
,,,,,
,,,,,
,,,,,
,,,,,
,,,,,
,,,,,
,,,,,
,,,,,
,,,,,
,,,,,
,,,,,
,,,,,
,,,,,
,,,,,
,,,,,
,,,,,
,,,,,
,,,,,
,,,,,
,,,,,
,,,,,
,,,,,
,,,,,
,,,,,
,,,,,
,,,,,
,,,,,
,,,,,
,,,,,
,,,,,
,,,,,
,,,,,
,,,,,
,,,,,
,,,,,
,,,,,
,,,,,
,,,,,
,,,,,
,,,,,
,,,,,
,,,,,
,,,,,
,,,,,
,,,,,
,,,,,
,,,,,
,,,,,
,,,,,
,,,,,
,,,,,
,,,,,
,,,,,
,,,,,
,,,,,
,,,,,
,,,,,
,,,,,
,,,,,
,,,,,
,,,,,
,,,,,
,,,,,
,,,,,
,,,,,
,,,,,
,,,,,
,,,,,
,,,,,
,,,,,
,,,,,
,,,,,
,,,,,
,,,,,
,,,,,
,,,,,
,,,,,
,,,,,
,,,,,
,,,,,
,,,,,
,,,,,
,,,,,
,,,,,
,,,,,
,,,,,
,,,,,
,,,,,
,,,,,
,,,,,
,,,,,
,,,,,
,,,,,
,,,,,
,,,,,
,,,,,
,,,,,
,,,,,
,,,,,
,,,,,
,,,,,
,,,,,
,,,,,
,,,,,
,,,,,
,,,,,
,,,,,
,,,,,
,,,,,
,,,,,
,,,,,
,,,,,
,,,,,
,,,,,
,,,,,
,,,,,
,,,,,
,,,,,
,,,,,
,,,,,
,,,,,
,,,,,
,,,,,
,,,,,
,,,,,
,,,,,
,,,,,
,,,,,
,,,,,
,,,,,
,,,,,
,,,,,
,,,,,
,,,,,
,,,,,
,,,,,
,,,,,
,,,,,
,,,,,
,,,,,
,,,,,
,,,,,
,,,,,
,,,,,
,,,,,
,,,,,
,,,,,
,,,,,
,,,,,
,,,,,
,,,,,
,,,,,
,,,,,
,,,,,
,,,,,
,,,,,
,,,,,
,,,,,
,,,,,
,,,,,
,,,,,
,,,,,
,,,,,
,,,,,
,,,,,
,,,,,
,,,,,
,,,,,
,,,,,
,,,,,
,,,,,
,,,,,
,,,,,
,,,,,
,,,,,
,,,,,
,,,,,
,,,,,
,,,,,
,,,,,
,,,,,
,,,,,
,,,,,
,,,,,
,,,,,
,,,,,
,,,,,
,,,,,
,,,,,
,,,,,
,,,,,
,,,,,
,,,,,
,,,,,
,,,,,
,,,,,
,,,,,
,,,,,
,,,,,
,,,,,
,,,,,
,,,,,
,,,,,
,,,,,
,,,,,
,,,,,
,,,,,
,,,,,
,,,,,
,,,,,
,,,,,
,,,,,
,,,,,
,,,,,
,,,,,
,,,,,
,,,,,
,,,,,
,,,,,
,,,,,
,,,,,
,,,,,
,,,,,
,,,,,
,,,,,
,,,,,
,,,,,
,,,,,
,,,,,
,,,,,
,,,,,
,,,,,
,,,,,
,,,,,
,,,,,
,,,,,
,,,,,
,,,,,
,,,,,
,,,,,
,,,,,
,,,,,
,,,,,
,,,,,
,,,,,
,,,,,
,,,,,
,,,,,
,,,,,
,,,,,
,,,,,
,,,,,
,,,,,
,,,,,
,,,,,
,,,,,
,,,,,
,,,,,
,,,,,
,,,,,
,,,,,
,,,,,
,,,,,
,,,,,
,,,,,
,,,,,
,,,,,
,,,,,
,,,,,
,,,,,
,,,,,
,,,,,
,,,,,
,,,,,
,,,,,
,,,,,
,,,,,
,,,,,
,,,,,
,,,,,
,,,,,
,,,,,
,,,,,
,,,,,
,,,,,
,,,,,
,,,,,
,,,,,
,,,,,
,,,,,
,,,,,
,,,,,
,,,,,
,,,,,
,,,,,
,,,,,
,,,,,
,,,,,
,,,,,
,,,,,
,,,,,
,,,,,
,,,,,
,,,,,
,,,,,
,,,,,
,,,,,
,,,,,
,,,,,
,,,,,
,,,,,
,,,,,
,,,,,
,,,,,
,,,,,
,,,,,
,,,,,
,,,,,
,,,,,
,,,,,
,,,,,
,,,,,
,,,,,
,,,,,
,,,,,
,,,,,
,,,,,
,,,,,
,,,,,
,,,,,
,,,,,
,,,,,
,,,,,
,,,,,
,,,,,
,,,,,
,,,,,
,,,,,
,,,,,
,,,,,
,,,,,
,,,,,
,,,,,
,,,,,
,,,,,
,,,,,
,,,,,
,,,,,
,,,,,
,,,,,
,,,,,
,,,,,
,,,,,
,,,,,
,,,,,
,,,,,
,,,,,
,,,,,
,,,,,
,,,,,
,,,,,
,,,,,
,,,,,
,,,,,
,,,,,
,,,,,
,,,,,
,,,,,
,,,,,
,,,,,
,,,,,
,,,,,
,,,,,
,,,,,
,,,,,
,,,,,
,,,,,
,,,,,
,,,,,
,,,,,
,,,,,
,,,,,
,,,,,
,,,,,
,,,,,
,,,,,
,,,,,
,,,,,
,,,,,
,,,,,
,,,,,
,,,,,
,,,,,
,,,,,
,,,,,
,,,,,
,,,,,
,,,,,
,,,,,
,,,,,
,,,,,
,,,,,
,,,,,
,,,,,
,,,,,
,,,,,
,,,,,
,,,,,
,,,,,
,,,,,
,,,,,
,,,,,
,,,,,
,,,,,
,,,,,
,,,,,
,,,,,
,,,,,
,,,,,
,,,,,
,,,,,
,,,,,
,,,,,
,,,,,
,,,,,
,,,,,
,,,,,
,,,,,
,,,,,
,,,,,
,,,,,
,,,,,
,,,,,
,,,,,
,,,,,
,,,,,
,,,,,
,,,,,
,,,,,
,,,,,
,,,,,
,,,,,
,,,,,
,,,,,
,,,,,
,,,,,
,,,,,
,,,,,
,,,,,
,,,,,
,,,,,
,,,,,
,,,,,
,,,,,
,,,,,
,,,,,
,,,,,
,,,,,
,,,,,
,,,,,
,,,,,
,,,,,
,,,,,
,,,,,
,,,,,
,,,,,
,,,,,
,,,,,
,,,,,
,,,,,
,,,,,
,,,,,
,,,,,
,,,,,
,,,,,
,,,,,
,,,,,
,,,,,
,,,,,
,,,,,
,,,,,
,,,,,
,,,,,
,,,,,
,,,,,
,,,,,
,,,,,
,,,,,
,,,,,
,,,,,
,,,,,
,,,,,
,,,,,
,,,,,
,,,,,
,,,,,
,,,,,
,,,,,
,,,,,
,,,,,
,,,,,
,,,,,
,,,,,
,,,,,
,,,,,
,,,,,
,,,,,
,,,,,
,,,,,
,,,,,
,,,,,
,,,,,
,,,,,
,,,,,
,,,,,
,,,,,
,,,,,
,,,,,
,,,,,
,,,,,
,,,,,
,,,,,
,,,,,
,,,,,
,,,,,
,,,,,
,,,,,
,,,,,
,,,,,
,,,,,
,,,,,
,,,,,
,,,,,
,,,,,
,,,,,
,,,,,
,,,,,
,,,,,
,,,,,
,,,,,
,,,,,
,,,,,
,,,,,
,,,,,
,,,,,
,,,,,
,,,,,
,,,,,
,,,,,
,,,,,
,,,,,
,,,,,
,,,,,
,,,,,
,,,,,
,,,,,
,,,,,
,,,,,
,,,,,
,,,,,
,,,,,
,,,,,
,,,,,
,,,,,
,,,,,
,,,,,
,,,,,
,,,,,
,,,,,
,,,,,
,,,,,
,,,,,
,,,,,
,,,,,
,,,,,
,,,,,
,,,,,
,,,,,
,,,,,
,,,,,
,,,,,
,,,,,
,,,,,
,,,,,
,,,,,
,,,,,
,,,,,
,,,,,
,,,,,
,,,,,
,,,,,
,,,,,
,,,,,
,,,,,
,,,,,
,,,,,
,,,,,
,,,,,
,,,,,
,,,,,
,,,,,
,,,,,
,,,,,
,,,,,
,,,,,
,,,,,
,,,,,
,,,,,
,,,,,
,,,,,
,,,,,
,,,,,
,,,,,
,,,,,
,,,,,
,,,,,
,,,,,
,,,,,
,,,,,
,,,,,
,,,,,
,,,,,
,,,,,
,,,,,
,,,,,
,,,,,
,,,,,
,,,,,
,,,,,
,,,,,
,,,,,
,,,,,
,,,,,
,,,,,
,,,,,
,,,,,
,,,,,
,,,,,
,,,,,
,,,,,
,,,,,
,,,,,
,,,,,
,,,,,
,,,,,
,,,,,
,,,,,
,,,,,
,,,,,
,,,,,
,,,,,
,,,,,
,,,,,
,,,,,
,,,,,
,,,,,
,,,,,
,,,,,
,,,,,
,,,,,
,,,,,
,,,,,
,,,,,
,,,,,
,,,,,
,,,,,
,,,,,
,,,,,
,,,,,
,,,,,
,,,,,
,,,,,
,,,,,
,,,,,
,,,,,
,,,,,
,,,,,
,,,,,
,,,,,
,,,,,
,,,,,
,,,,,
,,,,,
,,,,,
,,,,,
,,,,,
,,,,,
,,,,,
,,,,,
,,,,,
,,,,,
,,,,,
,,,,,
,,,,,
,,,,,
,,,,,
,,,,,
,,,,,
,,,,,
,,,,,
,,,,,
,,,,,
,,,,,
,,,,,
,,,,,
,,,,,
,,,,,
,,,,,
,,,,,
,,,,,
,,,,,
,,,,,
,,,,,
,,,,,
,,,,,
,,,,,
,,,,,
,,,,,
,,,,,
,,,,,
,,,,,
,,,,,
,,,,,
,,,,,
,,,,,
,,,,,
,,,,,
,,,,,
,,,,,
,,,,,
,,,,,
,,,,,
,,,,,
,,,,,
,,,,,
,,,,,
,,,,,
,,,,,
,,,,,
,,,,,
,,,,,
,,,,,
,,,,,
,,,,,
,,,,,
,,,,,
,,,,,
,,,,,
,,,,,
,,,,,
,,,,,
,,,,,
,,,,,
,,,,,
,,,,,
,,,,,
,,,,,
,,,,,
,,,,,
,,,,,
,,,,,
,,,,,
,,,,,
,,,,,
,,,,,
,,,,,
,,,,,
,,,,,
,,,,,
,,,,,
,,,,,
,,,,,
,,,,,
,,,,,
,,,,,
,,,,,
,,,,,
,,,,,
,,,,,
,,,,,
,,,,,
,,,,,
,,,,,
,,,,,
,,,,,
,,,,,
,,,,,
,,,,,
,,,,,
,,,,,
,,,,,
,,,,,
,,,,,
,,,,,
,,,,,
,,,,,
,,,,,
,,,,,
,,,,,
,,,,,
,,,,,
,,,,,
,,,,,
,,,,,
,,,,,
,,,,,
,,,,,
,,,,,
,,,,,
,,,,,
,,,,,
,,,,,
,,,,,
,,,,,
,,,,,
,,,,,
,,,,,
,,,,,
,,,,,
,,,,,
,,,,,
,,,,,
,,,,,
,,,,,
,,,,,
,,,,,
,,,,,
,,,,,
,,,,,
,,,,,
,,,,,
,,,,,
,,,,,
,,,,,
,,,,,
,,,,,
,,,,,
,,,,,
,,,,,
,,,,,
,,,,,
,,,,,
,,,,,
,,,,,
,,,,,
,,,,,
,,,,,
,,,,,
,,,,,
,,,,,
,,,,,
,,,,,
,,,,,
,,,,,
,,,,,
,,,,,
,,,,,
,,,,,
,,,,,
,,,,,
,,,,,
,,,,,
,,,,,
,,,,,
,,,,,
,,,,,
,,,,,
,,,,,
,,,,,
,,,,,
,,,,,
,,,,,
,,,,,
,,,,,
,,,,,
,,,,,
,,,,,
,,,,,
,,,,,
,,,,,
,,,,,
,,,,,
,,,,,
,,,,,
,,,,,
,,,,,
,,,,,
,,,,,
,,,,,
,,,,,
,,,,,
,,,,,
,,,,,
,,,,,
,,,,,
,,,,,
,,,,,
,,,,,
,,,,,
,,,,,
,,,,,
,,,,,
,,,,,
,,,,,
,,,,,
,,,,,
,,,,,
,,,,,
,,,,,
,,,,,
,,,,,
,,,,,
,,,,,
,,,,,
,,,,,
,,,,,
,,,,,
,,,,,
,,,,,
,,,,,
,,,,,
,,,,,
,,,,,
,,,,,
,,,,,
,,,,,
,,,,,
,,,,,
,,,,,
,,,,,
,,,,,
,,,,,
,,,,,
,,,,,
,,,,,
,,,,,
,,,,,
,,,,,
,,,,,
,,,,,
,,,,,
,,,,,
,,,,,
,,,,,
,,,,,
,,,,,
,,,,,
,,,,,
,,,,,
,,,,,
,,,,,
,,,,,
,,,,,
,,,,,
,,,,,
,,,,,
,,,,,
,,,,,
,,,,,
,,,,,
,,,,,
,,,,,
,,,,,
,,,,,
,,,,,
,,,,,
,,,,,
,,,,,
,,,,,
,,,,,
,,,,,
,,,,,
,,,,,
,,,,,
,,,,,
,,,,,
,,,,,
,,,,,
,,,,,
,,,,,
,,,,,
,,,,,
,,,,,
,,,,,
,,,,,
,,,,,
,,,,,
,,,,,
,,,,,
,,,,,
,,,,,
,,,,,
,,,,,
,,,,,
,,,,,
,,,,,
,,,,,
,,,,,
,,,,,
,,,,,
,,,,,
,,,,,
,,,,,
,,,,,
,,,,,
,,,,,
,,,,,
,,,,,
,,,,,
,,,,,
,,,,,
,,,,,
,,,,,
,,,,,
,,,,,
,,,,,
,,,,,
,,,,,
,,,,,
,,,,,
,,,,,
,,,,,
,,,,,
,,,,,
,,,,,
,,,,,
,,,,,
,,,,,
,,,,,
,,,,,
,,,,,
,,,,,
,,,,,
,,,,,
,,,,,
,,,,,
,,,,,
,,,,,
,,,,,
,,,,,
,,,,,
,,,,,
,,,,,
,,,,,
,,,,,
,,,,,
,,,,,
,,,,,
,,,,,
,,,,,
,,,,,
,,,,,
,,,,,
,,,,,
,,,,,
,,,,,
,,,,,
,,,,,
,,,,,
,,,,,
,,,,,
,,,,,
,,,,,
,,,,,
,,,,,
,,,,,
,,,,,
,,,,,
,,,,,
,,,,,
,,,,,
,,,,,
,,,,,
,,,,,
,,,,,
,,,,,
,,,,,
,,,,,
,,,,,
,,,,,
,,,,,
,,,,,
,,,,,
,,,,,
,,,,,
,,,,,
,,,,,
,,,,,
,,,,,
,,,,,
,,,,,
,,,,,
,,,,,
,,,,,
,,,,,
,,,,,
,,,,,
,,,,,
,,,,,
,,,,,
,,,,,
,,,,,
,,,,,
,,,,,
,,,,,
,,,,,
,,,,,
,,,,,
,,,,,
,,,,,
,,,,,
,,,,,
,,,,,
,,,,,
,,,,,
,,,,,
,,,,,
,,,,,
,,,,,
,,,,,
,,,,,
,,,,,
,,,,,
,,,,,
,,,,,
,,,,,
,,,,,
,,,,,
,,,,,
,,,,,
,,,,,
,,,,,
,,,,,
,,,,,
,,,,,
,,,,,
,,,,,
,,,,,
,,,,,
,,,,,
,,,,,
,,,,,
,,,,,
,,,,,
,,,,,
,,,,,
,,,,,
,,,,,
,,,,,
,,,,,
,,,,,
,,,,,
,,,,,
,,,,,
,,,,,
,,,,,
,,,,,
,,,,,
,,,,,
,,,,,
,,,,,
,,,,,
,,,,,
,,,,,
,,,,,
,,,,,
,,,,,
,,,,,
,,,,,
,,,,,
,,,,,
,,,,,
,,,,,
,,,,,
,,,,,
,,,,,
,,,,,
,,,,,
,,,,,
,,,,,
,,,,,
,,,,,
,,,,,
,,,,,
,,,,,
,,,,,
,,,,,
,,,,,
,,,,,
,,,,,
,,,,,
,,,,,
,,,,,
,,,,,
,,,,,
,,,,,
,,,,,
,,,,,
,,,,,
,,,,,
,,,,,
,,,,,
,,,,,
,,,,,
,,,,,
,,,,,
,,,,,
,,,,,
,,,,,
,,,,,
,,,,,
,,,,,
,,,,,
,,,,,
,,,,,
,,,,,
,,,,,
,,,,,
,,,,,
,,,,,
,,,,,
,,,,,
,,,,,
,,,,,
,,,,,
,,,,,
,,,,,
,,,,,
,,,,,
,,,,,
,,,,,
,,,,,
,,,,,
,,,,,
,,,,,
,,,,,
,,,,,
,,,,,
,,,,,
,,,,,
,,,,,
,,,,,
,,,,,
,,,,,
,,,,,
,,,,,
,,,,,
,,,,,
,,,,,
,,,,,
,,,,,
,,,,,
,,,,,
,,,,,
,,,,,
,,,,,
,,,,,
,,,,,
,,,,,
,,,,,
,,,,,
,,,,,
,,,,,
,,,,,
,,,,,
,,,,,
,,,,,
,,,,,
,,,,,
,,,,,
,,,,,
,,,,,
,,,,,
,,,,,
,,,,,
,,,,,
,,,,,
,,,,,
,,,,,
,,,,,
,,,,,
,,,,,
,,,,,
,,,,,
,,,,,
,,,,,
,,,,,
,,,,,
,,,,,
,,,,,
,,,,,
,,,,,
,,,,,
,,,,,
,,,,,
,,,,,
,,,,,
,,,,,
,,,,,
,,,,,
,,,,,
,,,,,
,,,,,
,,,,,
,,,,,
,,,,,
,,,,,
,,,,,
,,,,,
,,,,,
,,,,,
,,,,,
,,,,,
,,,,,
,,,,,
,,,,,
,,,,,
,,,,,
,,,,,
,,,,,
,,,,,
,,,,,
,,,,,
,,,,,
,,,,,
,,,,,
,,,,,
,,,,,
,,,,,
,,,,,
,,,,,
,,,,,
,,,,,
,,,,,
,,,,,
,,,,,
,,,,,
,,,,,
,,,,,
,,,,,
,,,,,
,,,,,
,,,,,
,,,,,
,,,,,
,,,,,
,,,,,
,,,,,
,,,,,
,,,,,
,,,,,
,,,,,
,,,,,
,,,,,
,,,,,
,,,,,
,,,,,
,,,,,
,,,,,
,,,,,
,,,,,
,,,,,
,,,,,
,,,,,
,,,,,
,,,,,
,,,,,
,,,,,
,,,,,
,,,,,
,,,,,
,,,,,
,,,,,
,,,,,
,,,,,
,,,,,
,,,,,
,,,,,
,,,,,
,,,,,
,,,,,
,,,,,
,,,,,
,,,,,
,,,,,
,,,,,
,,,,,
,,,,,
,,,,,
,,,,,
,,,,,
,,,,,
,,,,,
,,,,,
,,,,,
,,,,,
,,,,,
,,,,,
,,,,,
,,,,,
,,,,,
,,,,,
,,,,,
,,,,,
,,,,,
,,,,,
,,,,,
,,,,,
,,,,,
,,,,,
,,,,,
,,,,,
,,,,,
,,,,,
,,,,,
,,,,,
,,,,,
,,,,,
,,,,,
,,,,,
,,,,,
,,,,,
,,,,,
,,,,,
,,,,,
,,,,,
,,,,,
,,,,,
,,,,,
,,,,,
,,,,,
,,,,,
,,,,,
,,,,,
,,,,,
,,,,,
,,,,,
,,,,,
,,,,,
,,,,,
,,,,,
,,,,,
,,,,,
,,,,,
,,,,,
,,,,,
,,,,,
,,,,,
,,,,,
,,,,,
,,,,,
,,,,,
,,,,,
,,,,,
,,,,,
,,,,,
,,,,,
,,,,,
,,,,,
,,,,,
,,,,,
,,,,,
,,,,,
,,,,,
,,,,,
,,,,,
,,,,,
,,,,,
,,,,,
,,,,,
,,,,,
,,,,,
,,,,,
,,,,,
,,,,,
,,,,,
,,,,,
,,,,,
,,,,,
,,,,,
,,,,,
,,,,,
,,,,,
,,,,,
,,,,,
,,,,,
,,,,,
,,,,,
,,,,,
,,,,,
,,,,,
,,,,,
,,,,,
,,,,,
,,,,,
,,,,,
,,,,,
,,,,,
,,,,,
,,,,,
,,,,,
,,,,,
,,,,,
,,,,,
,,,,,
,,,,,
,,,,,
,,,,,
,,,,,
,,,,,
,,,,,
,,,,,
,,,,,
,,,,,
,,,,,
,,,,,
,,,,,
,,,,,
,,,,,
,,,,,
,,,,,
,,,,,
,,,,,
,,,,,
,,,,,
,,,,,
,,,,,
,,,,,
,,,,,
,,,,,
,,,,,
,,,,,
,,,,,
,,,,,
,,,,,
,,,,,
,,,,,
,,,,,
,,,,,
,,,,,
,,,,,
,,,,,
,,,,,
,,,,,
,,,,,
,,,,,
,,,,,
,,,,,
,,,,,
,,,,,
,,,,,
,,,,,
,,,,,
,,,,,
,,,,,
,,,,,
,,,,,
,,,,,
,,,,,
,,,,,
,,,,,
,,,,,
,,,,,
,,,,,
,,,,,
,,,,,
,,,,,
,,,,,
,,,,,
,,,,,
,,,,,
,,,,,
,,,,,
,,,,,
,,,,,
,,,,,
,,,,,
,,,,,
,,,,,
,,,,,
,,,,,
,,,,,
,,,,,
,,,,,
,,,,,
,,,,,
,,,,,
,,,,,
,,,,,
,,,,,
,,,,,
,,,,,
,,,,,
,,,,,
,,,,,
,,,,,
,,,,,
,,,,,
,,,,,
,,,,,
,,,,,
,,,,,
,,,,,
,,,,,
,,,,,
,,,,,
,,,,,
,,,,,
,,,,,
,,,,,
,,,,,
,,,,,
,,,,,
,,,,,
,,,,,
,,,,,
,,,,,
,,,,,
,,,,,
,,,,,
,,,,,
,,,,,
,,,,,
,,,,,
,,,,,
,,,,,
,,,,,
,,,,,
,,,,,
,,,,,
,,,,,

