time,latitude,longitude,depth,magnitude
2024-12-23T17:57:25.649Z,19.555700000000002,95.061300000000003,85.382999999999996,4.9000000000000004
2024-12-20T15:42:43.959Z,10.805099999999999,95.522099999999995,10,4.5
2024-12-11T01:26:00.061Z,23.5806,94.644499999999994,107.502,4.5999999999999996
2024-12-01T07:57:44.830Z,18.434699999999999,95.191900000000004,80.697000000000003,4.5999999999999996
2024-11-26T08:03:26.083Z,24.847999999999999,96.106499999999997,10,4.9000000000000004
2024-11-20T04:21:33.100Z,12.476800000000001,93.133600000000001,74.037000000000006,4.7000000000000002
2024-11-14T09:37:05.117Z,11.980399999999999,92.830100000000002,56.210000000000001,4.5999999999999996
2024-10-28T13:08:36.561Z,27.8841,94.016300000000001,10,4.7000000000000002
2024-10-20T10:00:01.194Z,13.8634,92.842500000000001,17.640999999999998,4.7000000000000002
2024-10-11T04:40:54.951Z,22.950500000000002,95.941100000000006,10,5
2024-10-05T15:41:51.486Z,23.129799999999999,94.308999999999997,46.447000000000003,4.5
2024-09-24T10:37:50.107Z,21.123999999999999,94.995599999999996,128.81399999999999,4.5
2024-09-24T09:24:24.060Z,12.615399999999999,93.559200000000004,86.075999999999993,4.5999999999999996
2024-09-13T09:22:52.460Z,11.690300000000001,95.003100000000003,10,4.7000000000000002
2024-08-25T09:21:25.503Z,10.204499999999999,93.822100000000006,10,4.7000000000000002
2024-08-21T16:45:24.944Z,13.320600000000001,93.121600000000001,27.18,4.5
2024-08-20T15:04:38.606Z,22.744900000000001,101.1232,13.156000000000001,4.7000000000000002
2024-08-19T00:44:51.858Z,25.108899999999998,96.411500000000004,10,4.5
2024-07-30T01:33:35.216Z,13.205399999999999,93.546099999999996,47.094000000000001,4.5
2024-07-28T10:11:03.470Z,21.319600000000001,93.896100000000004,67.884,4.7999999999999998
2024-07-03T15:13:23.196Z,19.108499999999999,95.8613,10,4.5
2024-06-28T17:16:45.100Z,10.1256,93.676500000000004,10,5
2024-06-26T13:39:33.305Z,24.3949,93.804100000000005,57.576999999999998,4.5999999999999996
2024-06-26T08:36:14.541Z,27.015699999999999,100.8211,10,4.7000000000000002
2024-06-26T08:19:08.140Z,26.851400000000002,100.8523,10,4.7999999999999998
2024-06-26T00:56:22.555Z,10.233700000000001,93.887500000000003,10,4.5
2024-06-03T13:21:04.048Z,17.418299999999999,94.667100000000005,21.731000000000002,4.5
2024-06-02T08:44:59.515Z,22.8369,94.571399999999997,106.754,4.7999999999999998
2024-05-29T13:13:27.000Z,23.527000000000001,94.662300000000002,97.552000000000007,5.4000000000000004
2024-05-27T10:39:17.621Z,28.206499999999998,100.64619999999999,10,4.5
2024-05-27T10:37:11.374Z,28.128900000000002,100.5735,10,4.7999999999999998
2024-05-27T08:25:36.603Z,28.1464,100.523,10,4.7000000000000002
2024-05-27T03:07:11.247Z,28.231999999999999,100.6748,10,5.0999999999999996
2024-04-29T19:08:28.046Z,17.377199999999998,94.230400000000003,10,4.7999999999999998
2024-04-28T20:45:38.172Z,25.522200000000002,96.647099999999995,10,4.5999999999999996
2024-04-16T23:01:24.137Z,11.381500000000001,92.959900000000005,57.531999999999996,5
2024-04-09T14:07:05.932Z,28.048999999999999,100.2389,30.530000000000001,5
2024-04-05T12:45:38.655Z,26.4924,96.913899999999998,69.135999999999996,5.7000000000000002
2024-03-14T06:13:01.910Z,11.2699,95.132599999999996,10,4.7999999999999998
2024-03-07T15:47:41.746Z,16.405200000000001,94.663899999999998,33.759,4.5999999999999996
2024-02-21T07:36:04.824Z,22.517399999999999,93.986800000000002,71.012,4.9000000000000004
2024-02-17T03:55:23.179Z,22.922699999999999,93.780299999999997,72.977000000000004,4.5999999999999996
2024-02-11T20:48:49.942Z,21.520600000000002,94.080500000000001,72.436000000000007,4.9000000000000004
2024-02-04T22:43:12.502Z,12.063800000000001,93.603700000000003,123.19499999999999,4.7000000000000002
2024-02-02T19:27:58.362Z,24.368500000000001,94.601900000000001,99.290999999999997,4.5
2024-01-23T13:07:54.804Z,9.5147999999999993,93.957899999999995,10,4.5
2024-01-12T15:24:28.521Z,20.745000000000001,93.690700000000007,49.463999999999999,4.5
2024-01-10T02:23:44.173Z,11.7494,93.240099999999998,85.164000000000001,4.5
2024-01-08T05:05:30.301Z,11.7568,92.6708,35.310000000000002,4.5999999999999996
2024-01-01T21:45:52.330Z,26.0489,95.4358,82.849999999999994,4.5
2023-12-29T16:31:16.478Z,25.091100000000001,96.523499999999999,10,5
2023-12-19T12:14:23.981Z,18.111000000000001,95.976200000000006,10,4.5
2023-12-01T17:36:34.052Z,24.261500000000002,98.147599999999997,10,5
2023-11-30T13:42:32.361Z,25.000499999999999,95.543599999999998,166.34,4.5999999999999996
2023-11-29T08:12:24.794Z,12.1737,95.2346,10,4.7999999999999998
2023-11-28T12:11:50.049Z,25.184899999999999,95.421899999999994,10,4.5999999999999996
2023-11-26T19:24:22.473Z,12.6576,95.278700000000001,10,4.5
2023-11-20T08:17:56.844Z,27.257000000000001,96.995000000000005,10,4.7000000000000002
2023-11-17T06:02:20.752Z,21.148800000000001,99.355599999999995,10,4.5
2023-11-17T01:37:11.547Z,21.216999999999999,99.330399999999997,15.733000000000001,5.7000000000000002
2023-11-08T23:21:32.691Z,13.473599999999999,92.909000000000006,18.382999999999999,4.5
2023-11-01T12:51:15.409Z,10.9291,93.063000000000002,93.275000000000006,4.9000000000000004
2023-10-27T23:23:47.733Z,26.248100000000001,95.508700000000005,79.962000000000003,4.7999999999999998
2023-09-23T14:24:34.421Z,17.1447,96.100399999999993,10,4.7999999999999998
2023-09-11T17:32:00.809Z,24.3645,94.851100000000002,110.242,5
2023-09-09T10:18:30.146Z,24.6464,92.784899999999993,47.764000000000003,4.7999999999999998
2023-08-21T10:42:06.204Z,20.620699999999999,94.4893,81.736999999999995,4.5
2023-08-20T07:42:43.181Z,20.636399999999998,94.404300000000006,61.128,4.7000000000000002
2023-08-19T15:20:35.313Z,26.349900000000002,92.844999999999999,35,4.7999999999999998
2023-08-18T06:37:33.342Z,9.5714000000000006,93.935900000000004,10,4.7000000000000002
2023-08-14T14:49:48.667Z,24.979600000000001,92.248099999999994,36.648000000000003,5.2999999999999998
2023-08-10T21:25:57.660Z,9.5520999999999994,93.837199999999996,10,4.5
2023-08-02T01:07:17.066Z,9.5162999999999993,94.069500000000005,10,5.2000000000000002
2023-07-28T19:23:46.487Z,10.536799999999999,93.541799999999995,88.891000000000005,5.9000000000000004
2023-07-23T06:47:32.209Z,18.562000000000001,93.614199999999997,10,4.5999999999999996
2023-07-13T05:02:32.249Z,13.792,94.109200000000001,39.377000000000002,4.5
2023-07-04T07:25:32.260Z,26.5274,96.3583,89.641999999999996,4.5999999999999996
2023-06-30T16:46:53.102Z,21.0899,99.528499999999994,10,4.5
2023-06-26T12:52:59.977Z,13.7408,92.723500000000001,10,4.7000000000000002
2023-06-22T00:12:56.808Z,15.437799999999999,96.262200000000007,13.561,4.9000000000000004
2023-06-21T02:47:18.225Z,15.4201,96.154899999999998,10,4.5999999999999996
2023-06-19T11:36:50.653Z,15.4018,96.284899999999993,10,4.7000000000000002
2023-06-19T04:13:49.633Z,15.234999999999999,96.215199999999996,10,4.5999999999999996
2023-06-19T01:40:24.074Z,15.2546,96.289500000000004,13.518000000000001,5.5999999999999996
2023-06-07T09:53:50.779Z,16.886099999999999,95.546199999999999,10,4.7999999999999998
2023-06-05T02:09:45.778Z,12.8765,95.475099999999998,10,4.5999999999999996
2023-05-31T11:20:14.013Z,25.1051,96.231499999999997,10,5.9000000000000004
2023-05-29T02:33:31.480Z,26.758700000000001,92.448499999999996,10,4.9000000000000004
2023-05-29T02:18:17.682Z,13.407,94.148499999999999,10,4.5999999999999996
2023-05-27T21:36:33.057Z,27.0688,92.679699999999997,10,4.5
2023-05-22T02:45:35.828Z,26.8674,97.022999999999996,10,5
2023-05-11T20:44:56.551Z,21.6539,93.137600000000006,51.122999999999998,4.5
2023-05-03T23:48:53.606Z,27.324400000000001,97.031800000000004,10,4.5999999999999996
2023-05-02T15:38:19.810Z,25.427499999999998,99.356399999999994,10,4.5999999999999996
2023-05-02T15:27:23.366Z,25.4011,99.269199999999998,10,5.2999999999999998
2023-04-30T06:56:56.920Z,23.0061,94.351100000000002,94.415000000000006,4.5999999999999996
2023-04-10T00:46:37.010Z,22.994299999999999,94.837599999999995,141.24100000000001,4.5999999999999996
2023-03-12T11:43:43.297Z,24.276,94.715100000000007,113.11,4.5999999999999996
2023-03-07T11:11:46.454Z,13.307700000000001,92.429100000000005,10,4.9000000000000004
2023-03-02T15:04:26.543Z,16.172599999999999,93.346100000000007,10,4.5
2023-01-31T04:49:06.032Z,24.586600000000001,94.459000000000003,69.006,4.5999999999999996
2023-01-30T18:45:37.506Z,12.1363,93.587299999999999,107.401,5
2023-01-23T13:42:02.771Z,24.883600000000001,93.078999999999994,10,5.0999999999999996
2023-01-19T11:34:03.747Z,10.0936,93.584699999999998,10,4.7999999999999998
2023-01-10T01:42:57.492Z,26.704999999999998,96.557599999999994,10,4.5999999999999996
2023-01-05T05:51:24.614Z,24.1249,95.8673,10.750999999999999,4.5
2023-01-01T05:27:09.979Z,17.453499999999998,93.424800000000005,39.850000000000001,4.7000000000000002
2022-12-28T04:18:04.774Z,23.216100000000001,94.140000000000001,51.119,4.5
2022-12-19T17:31:17.786Z,20.074400000000001,95.9786,10,4.5
2022-12-16T07:58:32.398Z,21.821100000000001,95.890500000000003,23.981999999999999,4.5999999999999996
2022-12-14T20:46:31.402Z,21.857299999999999,95.877799999999993,10,4.7999999999999998
2022-12-12T07:18:46.401Z,12.736000000000001,93.632999999999996,85.927000000000007,4.5
2022-12-09T15:40:44.925Z,26.025400000000001,95.393100000000004,99.201999999999998,4.5
2022-11-10T05:01:05.611Z,28.383500000000002,94.411799999999999,15,5.5
2022-11-08T06:27:02.122Z,23.064900000000002,94.512200000000007,105.393,4.7000000000000002
2022-11-01T13:09:49.581Z,19.684799999999999,94.559700000000007,68.260000000000005,4.5999999999999996
2022-10-31T00:45:56.922Z,26.6099,96.520499999999998,10,4.5999999999999996
2022-10-30T23:02:28.181Z,13.541399999999999,94.271199999999993,10,4.5
2022-10-21T16:00:43.782Z,24.189399999999999,94.608599999999996,89.760999999999996,4.5
2022-10-20T06:46:55.511Z,11.5884,93.151799999999994,90.085999999999999,5.0999999999999996
2022-10-16T00:52:13.602Z,22.875499999999999,95.927199999999999,10,4.5999999999999996
2022-10-11T17:32:44.540Z,21.117599999999999,99.896900000000002,6.2370000000000001,4.5999999999999996
2022-09-30T02:23:15.751Z,24.782299999999999,94.925600000000003,10,4.5999999999999996
2022-09-29T22:22:36.730Z,23.100200000000001,94.896799999999999,150,5.5999999999999996
2022-09-28T12:13:36.124Z,14.483700000000001,92.947900000000004,10,4.5999999999999996
2022-09-18T21:34:13.981Z,21.3093,94.830100000000002,128.05099999999999,4.5
2022-09-02T07:13:05.499Z,13.9359,93.636700000000005,55.814,5
2022-08-28T03:16:16.963Z,10.392300000000001,93.8489,10,4.5999999999999996
2022-08-26T04:52:25.244Z,25.009899999999998,95.233800000000002,91.384,4.5999999999999996
2022-08-24T21:48:11.227Z,23.7516,94.548199999999994,96.150000000000006,5
2022-08-07T15:44:30.673Z,10.285600000000001,93.830600000000004,10.349,4.5999999999999996
2022-08-01T16:03:50.639Z,21.184699999999999,99.891800000000003,10,4.5
2022-07-29T09:58:46.530Z,21.039300000000001,99.921199999999999,10,4.7999999999999998
2022-07-26T15:13:43.440Z,23.569299999999998,93.270899999999997,42.700000000000003,4.5999999999999996
2022-07-24T13:11:14.636Z,21.152699999999999,99.998000000000005,10,4.5999999999999996
2022-07-21T22:22:11.413Z,21.143999999999998,99.900400000000005,10,4.9000000000000004
2022-07-21T17:07:25.226Z,21.150400000000001,99.877700000000004,5,5.9000000000000004
2022-07-21T16:40:09.562Z,21.102399999999999,99.862399999999994,10,4.9000000000000004
2022-07-16T18:12:48.028Z,24.188300000000002,94.448099999999997,76.459000000000003,4.5
2022-07-08T21:34:33.544Z,10.3187,94.164900000000003,10,4.5
2022-07-08T21:04:40.152Z,10.4818,94.188500000000005,10,5.2000000000000002
2022-07-08T19:16:14.912Z,10.4109,94.229600000000005,10,4.7999999999999998
2022-07-08T19:15:46.921Z,10.360200000000001,94.182699999999997,10,4.5
2022-07-07T21:01:15.773Z,18.639399999999998,96.781999999999996,10,4.5999999999999996
2022-07-06T19:51:51.066Z,10.3391,94.249399999999994,10,4.5999999999999996
2022-07-06T18:31:23.829Z,10.417400000000001,94.112899999999996,10,4.5
2022-07-06T17:52:00.412Z,10.4009,94.381600000000006,10,4.5
2022-07-06T15:16:27.036Z,10.387700000000001,94.0749,10,4.5
2022-07-06T08:01:06.482Z,10.368,94.218100000000007,10,4.9000000000000004
2022-07-06T00:26:14.626Z,10.4628,94.103399999999993,10,4.9000000000000004
2022-07-05T14:50:19.975Z,10.553000000000001,94.161900000000003,10,4.9000000000000004
2022-07-05T09:44:02.616Z,10.299200000000001,94.332400000000007,10,4.7000000000000002
2022-07-05T07:48:33.145Z,10.2608,94.156199999999998,10,4.7999999999999998
2022-07-05T06:06:13.690Z,10.2666,94.283299999999997,10,5
2022-07-05T02:34:57.675Z,10.328799999999999,94.059799999999996,10,4.9000000000000004
2022-07-05T00:26:56.477Z,10.3277,94.253399999999999,10,5.4000000000000004
2022-07-05T00:10:04.562Z,10.277799999999999,93.842100000000002,10,4.5
2022-07-04T23:38:46.553Z,10.4198,94.074299999999994,10,4.5
2022-07-04T23:15:13.225Z,10.232900000000001,94.238200000000006,10,4.5999999999999996
2022-07-04T21:24:41.456Z,10.3032,94.140799999999999,10,4.9000000000000004
2022-07-04T21:03:56.176Z,10.352600000000001,94.248099999999994,10,4.9000000000000004
2022-07-04T20:43:48.593Z,10.420400000000001,94.264899999999997,10,4.9000000000000004
2022-07-04T20:18:13.150Z,10.554500000000001,94.179500000000004,10,4.9000000000000004
2022-07-04T20:02:48.649Z,10.2384,94.002399999999994,10,4.5
2022-07-04T20:00:39.497Z,10.464600000000001,94.460499999999996,10,4.5999999999999996
2022-07-04T19:36:57.000Z,10.2638,93.922399999999996,10,5
2022-07-04T19:16:36.014Z,10.3725,93.686599999999999,10,4.5999999999999996
2022-07-04T18:07:44.228Z,10.4137,94.228700000000003,10,4.7000000000000002
2022-07-04T18:04:26.023Z,10.242900000000001,94.102699999999999,10,4.7999999999999998
2022-07-04T17:31:21.363Z,10.430400000000001,94.250399999999999,10,4.9000000000000004
2022-07-04T14:19:39.150Z,9.9626999999999999,94.136300000000006,10,4.5
2022-07-04T14:16:07.734Z,10.347899999999999,94.010900000000007,10,4.5
2022-07-04T12:51:33.584Z,10.2341,94.2256,10,4.5
2022-07-04T12:20:35.476Z,10.1412,94.232500000000002,10,4.5999999999999996
2022-07-04T11:48:11.309Z,10.394399999999999,94.2851,10,5
2022-07-04T10:09:05.632Z,10.4709,94.182199999999995,10,4.5
2022-07-04T09:55:18.979Z,10.3591,94.196399999999997,10,5
2022-07-04T09:46:49.717Z,10.4254,94.234200000000001,10,4.5
2022-07-04T09:32:33.341Z,10.3642,94.174400000000006,10,4.7000000000000002
2022-07-04T09:07:03.697Z,10.3072,94.143699999999995,10,5
2022-07-04T08:36:19.007Z,10.4305,94.141300000000001,10,5.0999999999999996
2022-07-04T08:31:12.958Z,10.312900000000001,94.103499999999997,10,4.5
2022-07-04T08:02:38.928Z,10.318099999999999,94.033000000000001,10,4.7999999999999998
2022-07-04T05:35:51.743Z,10.3658,94.074200000000005,10,4.7000000000000002
2022-07-03T02:26:12.521Z,19.563600000000001,94.860500000000002,10,5.0999999999999996
2022-06-29T18:54:43.331Z,21.131900000000002,99.891099999999994,10,4.7000000000000002
2022-06-29T18:01:58.223Z,23.229700000000001,94.501800000000003,95.510000000000005,4.5999999999999996
2022-06-01T16:43:15.623Z,17.447600000000001,94.250299999999996,26,5.2000000000000002
2022-05-27T02:20:15.367Z,12.9434,93.454800000000006,77.170000000000002,4.5
2022-05-21T03:14:07.365Z,22.833600000000001,93.489099999999993,47.200000000000003,4.5
2022-05-09T22:08:05.153Z,10.179,93.841300000000004,10,4.5999999999999996
2022-05-09T22:06:30.273Z,9.7019000000000002,93.498000000000005,10,4.5
2022-05-05T21:10:39.270Z,26.067399999999999,99.987399999999994,10,4.5
2022-05-04T20:36:17.083Z,10.3401,92.4602,30.510000000000002,4.5999999999999996
2022-05-01T15:15:39.093Z,22.6784,94.256100000000004,90.810000000000002,5
2022-04-30T17:34:05.382Z,13.167199999999999,93.037800000000004,42.039999999999999,4.5
2022-04-29T17:23:51.985Z,27.895199999999999,100.6915,10,4.5999999999999996
2022-04-22T03:51:27.747Z,13.9992,92.951099999999997,10,4.9000000000000004
2022-04-16T16:18:40.213Z,27.964300000000001,100.88720000000001,10,4.5999999999999996
2022-04-16T00:32:18.081Z,27.940000000000001,100.6023,10,4.7000000000000002
2022-03-28T21:22:33.266Z,14.626899999999999,93.022900000000007,10,4.7000000000000002
2022-03-21T06:36:03.776Z,24.194400000000002,94.486500000000007,82.379999999999995,4.5
2022-03-13T01:11:03.000Z,22.730699999999999,94.541200000000003,101.22,4.5
2022-02-21T15:23:43.852Z,22.680099999999999,93.397599999999997,48.710000000000001,4.5999999999999996
2022-02-11T19:16:50.015Z,26.0883,96.495099999999994,10,4.7999999999999998
2022-02-08T07:49:43.255Z,10.7745,92.8626,33.090000000000003,4.5
2022-01-21T10:12:31.865Z,23.0871,93.8172,58.960000000000001,5.4000000000000004
2022-01-18T02:22:15.803Z,24.036100000000001,93.519599999999997,60.789999999999999,4.5
2022-01-16T21:09:22.262Z,25.2468,93.869500000000002,10,4.5999999999999996
2022-01-15T11:19:44.531Z,27.130199999999999,100.2948,10,4.5999999999999996
2022-01-12T20:46:57.971Z,25.219999999999999,94.107699999999994,13.279999999999999,4.5
2022-01-12T06:17:33.221Z,23.1568,94.6845,98.810000000000002,4.5999999999999996
2022-01-05T09:52:52.015Z,27.852699999999999,100.58759999999999,10,4.7000000000000002
2022-01-04T15:02:42.007Z,11.9077,93.606099999999998,131.59999999999999,4.5999999999999996
2022-01-04T01:14:27.164Z,13.071099999999999,93.023700000000005,35,4.7000000000000002
2022-01-02T07:02:13.733Z,27.799800000000001,100.7176,35.68,5.4000000000000004
2021-12-29T00:01:00.663Z,9.8600999999999992,93.435400000000001,92.370000000000005,5
2021-12-27T20:13:18.353Z,22.933700000000002,94.165300000000002,40.409999999999997,4.7000000000000002
2021-12-21T21:08:33.831Z,10.299300000000001,94.041600000000003,10,5
2021-12-21T05:04:14.782Z,27.6752,96.985299999999995,43.609999999999999,4.5
2021-12-19T03:19:46.151Z,13.735799999999999,92.749499999999998,10,5.0999999999999996
2021-12-16T20:13:20.741Z,23.134599999999999,93.877499999999998,65.950000000000003,4.5
2021-12-12T12:08:25.375Z,23.664300000000001,94.746700000000004,119.01000000000001,4.5
2021-12-06T00:25:39.792Z,23.441400000000002,96.108900000000006,10,5
2021-11-28T01:32:51.010Z,27.0398,96.302499999999995,10,4.5999999999999996
2021-11-25T23:45:41.752Z,22.8232,93.506100000000004,43,6.2000000000000002
2021-11-20T11:12:18.811Z,24.637,95.119600000000005,128.94999999999999,4.5999999999999996
2021-11-14T10:30:11.352Z,15.9095,93.006699999999995,10,4.7999999999999998
2021-11-08T02:18:33.714Z,24.706800000000001,95.171400000000006,120.86,4.5
2021-11-07T23:58:24.676Z,9.8651,93.673500000000004,10,4.9000000000000004
2021-11-02T13:29:31.927Z,26.645299999999999,96.798599999999993,10,4.7999999999999998
2021-10-19T00:44:09.237Z,22.525700000000001,92.790599999999998,35,4.7999999999999998
2021-10-07T18:28:03.669Z,22.3124,94.767600000000002,110,5.5
2021-10-05T01:12:16.228Z,13.763400000000001,93.720600000000005,62.810000000000002,4.9000000000000004
2021-09-21T18:14:55.220Z,9.7591999999999999,93.6952,32.780000000000001,4.7000000000000002
2021-09-19T19:24:04.697Z,25.2256,94.880300000000005,80.049999999999997,5
2021-09-15T13:29:41.879Z,23.459900000000001,93.404200000000003,10,4.5999999999999996
2021-09-13T16:30:44.158Z,12.8565,95.721999999999994,10,4.5
2021-09-11T03:20:17.235Z,14.1061,92.989599999999996,10,5.2000000000000002
2021-09-09T03:52:36.295Z,10.3157,93.728999999999999,10,4.5
2021-09-09T03:44:28.824Z,10.263,93.727999999999994,10,4.7999999999999998
2021-09-09T03:02:19.261Z,10.1311,93.801500000000004,10,4.7000000000000002
2021-09-04T12:05:15.767Z,26.511500000000002,96.558700000000002,97.980000000000004,4.5
2021-08-30T18:54:41.219Z,10.1828,93.678100000000001,10,4.5999999999999996
2021-08-24T02:15:10.282Z,25.094000000000001,96.256100000000004,10,4.5999999999999996
2021-08-22T12:22:03.864Z,22.264399999999998,94.670199999999994,121.52,4.5999999999999996
2021-08-20T00:27:34.875Z,14.0695,92.841899999999995,10,4.5999999999999996
2021-08-17T15:32:24.925Z,24.6509,94.451899999999995,63.329999999999998,4.9000000000000004
2021-08-14T19:50:17.185Z,12.3093,95.037999999999997,10,4.7000000000000002
2021-08-10T03:18:12.096Z,22.453499999999998,95.9084,10,4.7999999999999998
2021-08-06T20:16:07.390Z,21.409500000000001,94.737700000000004,110.48,4.5
2021-07-29T08:39:27.722Z,22.863800000000001,95.996700000000004,10,5.5
2021-07-26T05:03:30.783Z,24.5824,94.442099999999996,66.819999999999993,4.9000000000000004
2021-07-14T20:34:51.343Z,23.527200000000001,94.756699999999995,102.41,4.5
2021-07-13T23:40:50.917Z,22.444500000000001,94.212299999999999,41.950000000000003,4.5
2021-07-12T20:14:51.023Z,13.6942,92.744900000000001,24.670000000000002,4.5999999999999996
2021-07-09T00:26:26.477Z,25.031099999999999,95.227400000000003,102.19,4.5999999999999996
2021-07-07T06:43:49.878Z,19.680499999999999,101.16370000000001,10,4.7000000000000002
2021-07-04T16:57:10.269Z,26.608000000000001,96.539699999999996,10,4.5999999999999996
2021-06-22T16:44:36.534Z,28.0137,92.209699999999998,65.760000000000005,4.5999999999999996
2021-06-18T19:37:32.258Z,26.735700000000001,92.458299999999994,42.090000000000003,4.5
2021-06-18T11:42:45.117Z,12.9872,92.350399999999993,10,4.5999999999999996
2021-06-17T20:34:41.304Z,26.677600000000002,92.394800000000004,43.649999999999999,4.5
2021-06-15T14:46:08.092Z,26.6187,97.085400000000007,36.119999999999997,4.7999999999999998
2021-06-12T10:00:48.450Z,24.959700000000002,97.886099999999999,10,4.9000000000000004
2021-06-01T01:09:21.812Z,12.806100000000001,93.309600000000003,49.57,4.5
2021-05-28T16:51:21.738Z,22.594899999999999,94.717100000000002,113.94,4.5
2021-05-25T14:14:37.433Z,13.2087,92.843699999999998,10,4.5
2021-05-24T03:49:09.973Z,11.7799,94.876000000000005,10,4.5
2021-05-22T12:14:37.916Z,25.709,100.0706,10,4.7000000000000002
2021-05-21T18:28:45.508Z,25.671399999999998,99.977999999999994,10,4.9000000000000004
2021-05-21T15:23:37.347Z,25.660299999999999,100.2397,10,4.5
2021-05-21T14:31:12.001Z,25.6815,99.990700000000004,10,5.0999999999999996
2021-05-21T13:56:40.871Z,25.838000000000001,100.1301,10,5
2021-05-21T13:55:32.019Z,25.823599999999999,100.0176,10,5
2021-05-21T13:48:37.193Z,25.727399999999999,100.0082,9,6.0999999999999996
2021-05-21T13:21:59.864Z,25.547599999999999,99.999300000000005,10,5.0999999999999996
2021-05-21T13:21:26.713Z,25.692399999999999,100.0183,10,5.2000000000000002
2021-05-21T12:56:05.004Z,25.657900000000001,99.988900000000001,10,4.5999999999999996
2021-05-19T12:05:59.072Z,25.586400000000001,99.967699999999994,10,4.5999999999999996
2021-05-14T16:42:04.988Z,24.962499999999999,95.108800000000002,111.38,4.5
2021-05-13T03:42:38.756Z,24.409300000000002,99.191999999999993,10,4.5999999999999996
2021-04-28T19:50:53.770Z,26.747699999999998,92.484899999999996,38.210000000000001,4.7999999999999998
2021-04-28T02:33:01.489Z,26.748899999999999,92.513599999999997,35,5
2021-04-28T02:21:26.212Z,26.781300000000002,92.456500000000005,34,6
2021-04-21T19:34:42.963Z,10.590199999999999,94.233900000000006,26.059999999999999,4.5999999999999996
2021-04-18T13:24:32.776Z,22.512899999999998,94.195499999999996,24.670000000000002,5.0999999999999996
2021-03-26T19:02:07.885Z,27.628900000000002,92.669200000000004,29.809999999999999,5
2021-03-22T15:40:44.570Z,28.293500000000002,93.780799999999999,10,4.5999999999999996
2021-03-11T02:34:14.229Z,22.674600000000002,94.564999999999998,103.62,4.5
2021-03-09T11:15:01.099Z,25.3809,95.079300000000003,89.489999999999995,4.5999999999999996
2021-02-25T07:50:20.274Z,22.8779,96.0167,10,4.5
2021-02-25T02:34:26.540Z,22.858499999999999,95.921099999999996,10,4.9000000000000004
2021-02-17T12:24:46.809Z,26.732199999999999,92.571200000000005,18.670000000000002,4.5999999999999996
2021-02-16T20:36:52.158Z,11.986499999999999,94.503299999999996,10,4.7000000000000002
2021-02-05T11:47:47.677Z,20.973800000000001,97.814800000000005,10,4.7000000000000002
2020-12-26T21:48:15.074Z,27.3034,96.939599999999999,10,4.5
2020-12-26T14:19:09.417Z,16.0246,92.975800000000007,10,4.5
2020-12-24T08:09:48.075Z,25.639700000000001,96.653400000000005,10,4.7999999999999998
2020-12-08T05:14:35.415Z,22.2089,94.387699999999995,90.819999999999993,5.0999999999999996
2020-12-06T14:39:13.789Z,21.835799999999999,93.423299999999998,52.560000000000002,4.5999999999999996
2020-12-06T13:35:41.171Z,12.619,93.265299999999996,62.259999999999998,4.5999999999999996
2020-12-01T13:39:33.505Z,25.014900000000001,99.398499999999999,10,4.5
2020-11-21T04:49:33.478Z,24.959499999999998,94.996700000000004,10,4.5
2020-11-14T08:50:26.186Z,23.609200000000001,94.618799999999993,103.66,5
2020-11-10T04:45:39.687Z,22.793900000000001,94.453800000000001,104.48,4.5
2020-11-07T06:19:11.529Z,13.9453,92.983599999999996,10,4.5
2020-10-13T01:36:21.205Z,23.164400000000001,94.1126,71.719999999999999,4.5
2020-10-10T17:38:00.765Z,24.6661,93.499700000000004,53,5.5
2020-10-06T22:02:54.378Z,25.643000000000001,94.777600000000007,61.509999999999998,4.5999999999999996
2020-09-20T01:59:05.610Z,22.9861,93.767700000000005,53.560000000000002,5.0999999999999996
2020-09-07T21:37:50.432Z,13.1472,93.190399999999997,41.159999999999997,4.7000000000000002
2020-08-31T21:09:33.636Z,24.878799999999998,95.242500000000007,123.45999999999999,4.9000000000000004
2020-08-27T13:17:20.608Z,23.0656,93.232399999999998,10,4.5
2020-08-27T12:07:15.628Z,23.163599999999999,93.325800000000001,10,5.2999999999999998
2020-08-23T13:18:15.229Z,26.099799999999998,95.583200000000005,86.900000000000006,4.5999999999999996
2020-08-19T20:53:04.563Z,9.5671999999999997,93.360699999999994,71.129999999999995,4.9000000000000004
2020-07-28T14:38:49.984Z,23.2575,93.341800000000006,10,4.7999999999999998
2020-07-22T04:45:33.009Z,22.360299999999999,99.865300000000005,10,4.5
2020-07-20T22:52:49.020Z,12.156700000000001,94.911799999999999,10,4.5
2020-07-18T18:38:20.596Z,21.7851,97.020799999999994,11.66,4.5
2020-07-17T18:32:58.716Z,12.097899999999999,94.974500000000006,5.0700000000000003,5.7000000000000002
2020-07-17T17:45:24.045Z,12.044700000000001,95.100399999999993,10,4.7999999999999998
2020-07-17T16:33:53.474Z,23.116199999999999,93.309200000000004,10,5.0999999999999996
2020-07-17T14:43:17.244Z,11.8485,94.831599999999995,10,5
2020-07-17T14:03:40.437Z,11.8485,94.936199999999999,10,6.0999999999999996
2020-07-17T13:29:04.589Z,11.839499999999999,94.977099999999993,10,5.0999999999999996
2020-07-17T05:37:17.788Z,11.865399999999999,95.038799999999995,10,4.5999999999999996
2020-07-17T05:01:13.351Z,11.698399999999999,95.009399999999999,10,4.7999999999999998
2020-07-12T21:06:47.720Z,14.350300000000001,92.992000000000004,10,4.5999999999999996
2020-07-09T08:58:12.692Z,23.083100000000002,93.366500000000002,10,4.5999999999999996
2020-07-07T23:49:28.057Z,12.9785,92.482799999999997,10,4.5999999999999996
2020-07-05T11:56:34.519Z,23.173200000000001,93.296700000000001,10,4.7999999999999998
2020-07-03T09:05:43.564Z,23.281500000000001,93.371600000000001,10,4.5999999999999996
2020-06-26T16:05:45.280Z,20.872399999999999,94.291700000000006,82.200000000000003,4.5
2020-06-24T19:44:43.473Z,23.193899999999999,93.282700000000006,4.2400000000000002,4.7999999999999998
2020-06-24T02:32:33.683Z,23.206,93.262799999999999,4.5800000000000001,4.5
2020-06-21T22:40:52.633Z,23.1449,93.285600000000002,10.84,5.5999999999999996
2020-06-21T10:46:25.514Z,23.907499999999999,93.113500000000002,41.600000000000001,4.9000000000000004
2020-06-18T13:59:20.228Z,22.451499999999999,94.430000000000007,87.370000000000005,4.7999999999999998
2020-06-16T11:15:51.620Z,18.954000000000001,94.3005,35,4.7999999999999998
2020-06-14T05:35:31.831Z,23.294799999999999,93.781199999999998,62.310000000000002,4.7999999999999998
2020-06-14T02:39:43.149Z,26.654499999999999,97.059399999999997,10,4.7999999999999998
2020-06-11T10:48:34.653Z,10.2409,93.680800000000005,10,4.5999999999999996
2020-06-02T01:44:10.755Z,23.7804,98.356300000000005,14.390000000000001,4.5999999999999996
2020-05-31T13:03:58.927Z,10.889900000000001,92.521699999999996,8.4199999999999999,4.7000000000000002
2020-05-29T00:30:29.301Z,11.7257,92.327299999999994,10,4.5
2020-05-25T14:42:17.395Z,24.3856,93.919700000000006,57.890000000000001,5.0999999999999996
2020-05-23T09:11:37.219Z,14.075699999999999,94.030600000000007,80.069999999999993,4.7000000000000002
2020-05-17T04:32:15.434Z,20.5275,96.081400000000002,10,4.5999999999999996
2020-05-11T22:39:35.471Z,24.808399999999999,94.111199999999997,63.539999999999999,4.5999999999999996
2020-04-24T05:15:21.183Z,24.032399999999999,95.830500000000001,10,4.5999999999999996
2020-04-16T11:53:01.650Z,22.735600000000002,94.072199999999995,10,4.5
2020-04-16T11:45:23.960Z,22.8004,94.029200000000003,10,5.9000000000000004
2020-04-05T17:50:30.477Z,26.4085,92.772400000000005,46.310000000000002,4.5
2020-03-23T08:08:12.704Z,25.085699999999999,95.067099999999996,101.48999999999999,4.5
2020-03-07T04:05:43.016Z,23.230499999999999,96.105500000000006,10,4.5
2020-03-05T06:59:54.541Z,25.836200000000002,96.775099999999995,10,4.5
2020-03-04T00:20:03.152Z,24.420200000000001,96.1023,10,4.7999999999999998
2020-03-03T09:18:50.445Z,17.624700000000001,94.305099999999996,10,4.9000000000000004
2020-02-11T17:52:42.268Z,17.645299999999999,94.316999999999993,10,4.5999999999999996
2020-02-10T18:20:09.252Z,13.132899999999999,93.293800000000005,39.600000000000001,4.9000000000000004
2020-02-09T19:10:46.707Z,20.539200000000001,93.871499999999997,51,4.5999999999999996
2020-01-29T15:10:53.203Z,10.310499999999999,93.782700000000006,10,5
2020-01-23T09:48:04.838Z,20.518899999999999,93.444699999999997,22.559999999999999,4.9000000000000004
2019-12-25T07:04:18.790Z,23.661000000000001,96.025599999999997,10,4.5999999999999996
2019-12-10T16:02:54.783Z,25.0212,99.354399999999998,10,4.5
2019-12-02T01:12:44.545Z,23.090499999999999,93.672700000000006,53.479999999999997,4.5999999999999996
2019-11-29T17:50:18.088Z,13.692,93.395899999999997,49.270000000000003,4.9000000000000004
2019-11-28T14:39:13.828Z,23.179099999999998,96.035399999999996,10,5.2000000000000002
2019-11-27T10:07:13.425Z,14.2308,93.051100000000005,10,4.5
2019-11-26T11:05:57.604Z,19.226900000000001,94.937799999999996,60.780000000000001,5.2999999999999998
2019-11-26T09:36:12.864Z,19.263100000000001,95.023499999999999,76.480000000000004,4.7000000000000002
2019-11-26T03:53:46.675Z,24.155000000000001,94.313599999999994,70.189999999999998,4.5
2019-11-20T14:06:55.919Z,10.986700000000001,95.112399999999994,10,4.5999999999999996
2019-11-18T20:14:19.799Z,28.313199999999998,100.7915,10,4.5999999999999996
2019-11-17T23:05:55.674Z,11.286300000000001,92.957099999999997,53.390000000000001,5.0999999999999996
2019-11-13T13:10:54.879Z,26.172799999999999,93.305099999999996,51.25,4.7000000000000002
2019-10-18T16:48:10.169Z,23.164100000000001,94.217699999999994,76.269999999999996,4.9000000000000004
2019-10-03T06:24:43.382Z,24.869499999999999,94.102400000000003,59.200000000000003,4.7999999999999998
2019-09-10T20:18:44.667Z,16.2362,95.023499999999999,10,4.5999999999999996
2019-09-06T10:09:49.013Z,21.2484,94.753799999999998,101.56999999999999,4.7000000000000002
2019-09-03T19:18:39.698Z,25.0899,95.041899999999998,88.219999999999999,4.5
2019-08-31T15:09:21.828Z,22.741399999999999,95.522000000000006,10,5.4000000000000004
2019-08-28T13:40:06.063Z,13.092000000000001,93.250699999999995,47.93,4.9000000000000004
2019-08-26T02:49:16.737Z,26.464200000000002,96.106899999999996,105.63,4.7000000000000002
2019-08-18T06:28:34.730Z,24.019600000000001,93.858000000000004,63.380000000000003,5
2019-08-18T03:38:13.321Z,18.397500000000001,94.547700000000006,35,4.7999999999999998
2019-08-18T03:24:21.878Z,18.473299999999998,94.539400000000001,26.140000000000001,5.2000000000000002
2019-08-05T09:43:03.209Z,25.676200000000001,96.643299999999996,10,4.7000000000000002
2019-08-04T01:26:14.607Z,11.912599999999999,95.008499999999998,10,5
2019-08-03T12:19:16.719Z,25.285799999999998,96.891900000000007,10,4.7999999999999998
2019-08-02T14:37:37.982Z,23.626999999999999,94.651700000000005,93.370000000000005,4.5999999999999996
2019-08-01T00:43:18.690Z,14.1694,93.456500000000005,10,4.5
2019-07-21T12:23:29.873Z,26.2639,100.7307,10,4.7999999999999998
2019-07-19T22:54:24.714Z,27.736499999999999,92.804400000000001,10,4.9000000000000004
2019-07-19T09:52:01.986Z,27.704699999999999,92.723600000000005,10,4.7000000000000002
2019-07-19T09:22:15.514Z,27.718800000000002,92.830200000000005,15,5.5
2019-07-17T16:55:35.141Z,11.812200000000001,94.848699999999994,10,4.9000000000000004
2019-07-05T04:46:31.280Z,18.618600000000001,92.856499999999997,10,4.7000000000000002
2019-07-05T02:11:51.291Z,18.518899999999999,92.787099999999995,10,4.7999999999999998
2019-07-03T05:57:40.112Z,24.927800000000001,94.921899999999994,112.02,4.5
2019-06-18T04:28:20.634Z,17.897200000000002,96.127700000000004,16.190000000000001,4.7999999999999998
2019-06-17T22:19:59.453Z,12.1229,92.709000000000003,30,4.9000000000000004
2019-06-04T13:27:33.983Z,25.041399999999999,94.868899999999996,65.319999999999993,4.5999999999999996
2019-05-29T01:54:23.829Z,23.951499999999999,94.751800000000003,95.689999999999998,4.5
2019-05-24T21:23:34.749Z,13.8733,92.950900000000004,10,5
2019-05-22T00:39:34.963Z,13.892099999999999,92.991600000000005,29,5.5999999999999996
2019-05-07T08:24:12.464Z,10.737,93.5702,77.469999999999999,4.5999999999999996
2019-05-04T11:04:01.133Z,26.2288,95.721599999999995,85.930000000000007,5.2000000000000002
2019-04-29T17:39:44.540Z,23.033300000000001,94.818399999999997,133.05000000000001,4.7000000000000002
2019-04-27T06:27:02.999Z,26.440300000000001,93.025800000000004,43.810000000000002,4.5999999999999996
2019-04-25T23:37:59.166Z,23.5884,95.186800000000005,35.380000000000003,4.5
2019-04-23T20:15:50.777Z,28.407299999999999,94.560500000000005,14,5.9000000000000004
2019-04-23T14:14:41.025Z,10.2311,92.396600000000007,10,4.5
2019-04-15T01:39:45.818Z,22.748100000000001,93.416200000000003,56.210000000000001,4.5999999999999996
2019-04-13T23:02:50.523Z,14.069000000000001,93.144099999999995,10,4.5
2019-04-12T11:23:00.001Z,11.8466,92.867599999999996,48.25,4.7000000000000002
2019-04-08T01:54:52.330Z,13.134499999999999,95.419799999999995,10,5.0999999999999996
2019-04-04T07:45:30.378Z,25.4467,94.423500000000004,61.780000000000001,5.0999999999999996
2019-03-28T03:08:13.487Z,11.1534,95.155799999999999,10,5.2000000000000002
2019-03-26T13:52:12.900Z,20.6982,93.415700000000001,35,4.7000000000000002
2019-03-25T20:04:46.990Z,23.402799999999999,98.457700000000003,15.59,4.5999999999999996
2019-03-25T12:41:25.406Z,24.3186,93.507900000000006,56.649999999999999,4.5999999999999996
2019-03-23T11:34:01.596Z,13.9762,93.100099999999998,10,4.9000000000000004
2019-03-23T11:29:27.136Z,14.1145,93.043300000000002,10,5.2000000000000002
2019-03-20T10:27:35.183Z,11.9231,92.848799999999997,56.990000000000002,4.9000000000000004
2019-03-18T16:54:30.640Z,21.934899999999999,94.468199999999996,99.629999999999995,4.5999999999999996
2019-03-13T13:44:04.300Z,23.014900000000001,93.943600000000004,79.790000000000006,4.5
2019-03-11T01:14:29.020Z,11.812900000000001,93.651300000000006,115.84999999999999,4.5
2019-03-10T13:20:06.945Z,9.9158000000000008,92.811499999999995,35,4.7000000000000002
2019-02-20T09:05:42.270Z,19.194800000000001,99.614999999999995,10,4.5999999999999996
2019-02-17T02:58:32.530Z,22.413900000000002,92.847200000000001,10,4.7999999999999998
2019-02-10T03:22:05.370Z,27.334499999999998,96.364500000000007,10,5
2019-02-03T17:20:45.350Z,24.523599999999998,93.882400000000004,66.280000000000001,4.5
2019-01-28T03:52:39.700Z,18.2393,96.081400000000002,27.66,4.5
2019-01-27T23:45:56.850Z,24.403199999999998,94.023899999999998,65.340000000000003,4.7000000000000002
2019-01-27T04:49:20.490Z,24.804600000000001,94.302599999999998,67.969999999999999,4.7000000000000002
2019-01-25T17:07:08.510Z,24.309799999999999,93.891900000000007,55.869999999999997,4.5999999999999996
2019-01-25T14:29:06.050Z,24.0031,94.866399999999999,47.200000000000003,4.5
2019-01-18T13:19:39.040Z,14.0245,92.997399999999999,10,4.5
2019-01-16T21:39:35.480Z,24.804600000000001,96.334400000000002,10,4.7000000000000002
2019-01-07T17:15:44.420Z,26.795500000000001,99.468299999999999,10,4.5
2019-01-03T14:03:44.980Z,11.755800000000001,93.360399999999998,111.09999999999999,4.5
2018-12-27T00:35:50.380Z,23.386199999999999,94.561400000000006,90.959999999999994,5
2018-12-23T20:32:19.670Z,26.4496,96.600200000000001,115.7,4.7000000000000002
2018-12-04T09:44:47.480Z,24.5152,94.815200000000004,10,4.5
2018-12-01T15:07:26.550Z,28.003599999999999,92.617400000000004,10,4.7999999999999998
2018-11-29T03:57:37.250Z,23.520399999999999,94.274000000000001,84.060000000000002,4.5
2018-11-28T10:17:06.970Z,27.198599999999999,96.918499999999995,11,5.4000000000000004
2018-11-20T17:49:19.920Z,20.241800000000001,93.6524,44.840000000000003,4.5
2018-11-19T04:07:54.030Z,21.5181,94.397400000000005,77.049999999999997,4.9000000000000004
2018-11-10T17:15:46.730Z,23.9724,93.392499999999998,52.390000000000001,5.2000000000000002
2018-11-05T19:48:36.160Z,19.9145,95.488600000000005,10,4.5999999999999996
2018-10-27T09:16:44.140Z,19.085799999999999,95.634699999999995,10,4.9000000000000004
2018-10-10T10:28:04.560Z,19.032900000000001,95.608400000000003,10,5.0999999999999996
2018-10-04T13:29:14.050Z,19.313300000000002,96.233199999999997,10,4.5
2018-10-01T13:24:44.800Z,12.9046,92.234700000000004,25.649999999999999,5.0999999999999996
2018-09-08T11:36:46.220Z,19.058900000000001,95.736199999999997,10,4.5
2018-09-01T19:19:46.550Z,24.755800000000001,95.365099999999998,149.33000000000001,4.5999999999999996
2018-08-18T12:03:49.520Z,24.675799999999999,94.773899999999998,85,4.5
2018-08-16T11:55:19.410Z,23.993600000000001,94.750100000000003,95.159999999999997,4.9000000000000004
2018-08-13T16:07:11.430Z,14.0665,93.223299999999995,30.48,4.9000000000000004
2018-07-13T12:07:58.470Z,18.9496,94.827799999999996,10,4.7000000000000002
2018-07-12T02:40:13.590Z,15.414199999999999,94.281899999999993,60.229999999999997,4.5999999999999996
2018-07-10T07:36:30.940Z,12.9343,93.405799999999999,79.640000000000001,4.5
2018-07-04T20:34:51.770Z,14.5358,96.467200000000005,8.3599999999999994,5.0999999999999996
2018-07-04T11:08:16.000Z,15.550700000000001,94.339600000000004,29.609999999999999,4.5
2018-07-04T07:12:49.940Z,13.1648,92.498199999999997,27.399999999999999,4.7999999999999998
2018-07-01T15:10:37.390Z,20.2592,97.910899999999998,10,4.5999999999999996
2018-06-27T13:02:31.370Z,19.831399999999999,96.140299999999996,10,4.7000000000000002
2018-06-26T00:02:16.460Z,22.209199999999999,95.034199999999998,21.809999999999999,4.5999999999999996
2018-06-21T03:31:23.360Z,23.927,93.874099999999999,59.130000000000003,4.5999999999999996
2018-06-20T19:04:15.790Z,10.1921,93.090900000000005,70.719999999999999,4.5
2018-06-20T07:44:26.920Z,24.607099999999999,94.372699999999995,67.379999999999995,4.5
2018-06-17T13:42:35.690Z,18.346699999999998,96.153499999999994,10,4.5999999999999996
2018-06-17T13:21:30.230Z,18.275099999999998,96.070300000000003,10,5
2018-06-11T04:53:50.390Z,26.3263,92.668599999999998,47.340000000000003,4.9000000000000004
2018-06-10T22:38:27.380Z,13.5505,92.976900000000001,22.789999999999999,4.5
2018-06-05T23:12:32.290Z,23.858499999999999,94.487300000000005,82.010000000000005,4.7000000000000002
2018-06-05T16:33:54.700Z,24.596900000000002,95.100200000000001,110.91,4.7999999999999998
2018-06-02T05:46:07.210Z,27.182300000000001,96.985100000000003,38.890000000000001,4.9000000000000004
2018-05-28T05:43:17.010Z,23.194500000000001,94.616399999999999,107.26000000000001,4.5
2018-05-28T02:00:00.470Z,9.5212000000000003,93.426900000000003,88.879999999999995,5.2000000000000002
2018-05-26T23:42:23.670Z,22.9983,94.579599999999999,96.349999999999994,4.5
2018-05-25T17:41:54.090Z,10.8902,93.651700000000005,140.19999999999999,4.7000000000000002
2018-05-22T11:46:55.690Z,12.2515,95.983900000000006,10,4.7000000000000002
2018-05-06T13:37:26.520Z,24.639600000000002,96.021299999999997,40.780000000000001,4.5999999999999996
2018-04-29T17:58:57.320Z,21.1341,94.458200000000005,90.5,4.5
2018-04-24T12:23:34.070Z,18.362300000000001,96.139399999999995,10,5.0999999999999996
2018-04-24T04:08:35.700Z,22.9621,94.613699999999994,106.27,5.0999999999999996
2018-04-23T18:01:26.520Z,13.177899999999999,92.351299999999995,26.739999999999998,4.9000000000000004
2018-04-22T18:31:43.620Z,18.248899999999999,96.033100000000005,10,4.9000000000000004
2018-04-21T22:41:11.370Z,18.352900000000002,96.093900000000005,10,4.7000000000000002
2018-04-20T22:29:24.470Z,18.322099999999999,96.159599999999998,17.07,5
2018-04-20T04:16:01.950Z,18.366800000000001,96.162800000000004,10,4.9000000000000004
2018-04-08T17:40:09.280Z,22.601900000000001,96.075299999999999,10,4.5
2018-04-04T15:21:23.500Z,24.838799999999999,95.3185,126.84,4.5999999999999996
2018-04-02T11:42:10.860Z,26.444800000000001,96.967600000000004,10,4.9000000000000004
2018-03-17T19:59:03.880Z,18.384899999999998,96.150999999999996,19.050000000000001,5.0999999999999996
2018-03-15T02:26:05.630Z,24.424199999999999,93.568700000000007,55.549999999999997,4.5
2018-03-14T03:15:08.190Z,25.135400000000001,98.995199999999997,37.149999999999999,4.5999999999999996
2018-03-07T21:13:08.040Z,19.831700000000001,95.937899999999999,10,4.7999999999999998
2018-03-04T10:48:10.180Z,18.423400000000001,96.159800000000004,10,4.9000000000000004
2018-02-20T14:09:57.890Z,24.463200000000001,100.8439,10,4.7000000000000002
2018-02-14T07:14:01.980Z,18.751000000000001,95.304299999999998,85.219999999999999,4.7000000000000002
2018-02-13T02:39:51.940Z,12.3508,93.157899999999998,57.509999999999998,5.2000000000000002
2018-02-09T14:58:05.930Z,22.279599999999999,100.9456,10,4.5999999999999996
2018-02-05T16:55:35.100Z,18.277699999999999,96.233999999999995,10,4.5999999999999996
2018-02-03T15:29:10.640Z,20.596599999999999,99.526399999999995,10,4.5999999999999996
2018-01-24T19:21:38.390Z,22.804200000000002,94.471299999999999,105.17,4.5999999999999996
2018-01-22T07:37:59.270Z,18.2864,96.070599999999999,10,4.7000000000000002
2018-01-18T02:03:30.260Z,25.230399999999999,95.033199999999994,83.689999999999998,4.5
2018-01-17T07:43:28.090Z,18.436399999999999,96.095399999999998,10,4.5
2018-01-14T17:49:55.250Z,18.3202,96.097800000000007,10,4.7000000000000002
2018-01-14T15:48:09.590Z,12.177899999999999,92.433599999999998,32.950000000000003,4.7000000000000002
2018-01-13T23:29:46.500Z,18.372499999999999,96.092200000000005,10,4.5999999999999996
2018-01-12T15:23:55.420Z,18.392600000000002,96.282700000000006,10,4.9000000000000004
2018-01-11T20:08:41.120Z,18.535599999999999,96.1126,10,4.5999999999999996
2018-01-11T18:55:04.840Z,18.347999999999999,96.016199999999998,10,4.7000000000000002
2018-01-11T18:53:05.320Z,18.428599999999999,96.126499999999993,10,4.5999999999999996
2018-01-11T18:43:59.650Z,18.418299999999999,96.069699999999997,10,4.9000000000000004
2018-01-11T18:42:59.510Z,18.450500000000002,96.168599999999998,10,5.2000000000000002
2018-01-11T18:38:11.980Z,18.3156,96.107900000000001,10,4.9000000000000004
2018-01-11T18:28:38.430Z,18.422899999999998,95.955799999999996,10,5.2000000000000002
2018-01-11T18:26:24.240Z,18.3719,96.071700000000007,9,6
2018-01-07T06:47:15.780Z,24.738199999999999,94.905500000000004,33,5.5999999999999996
2018-01-03T21:35:35.960Z,23.945399999999999,99.246300000000005,10,4.5999999999999996
2017-12-29T16:19:14.310Z,26.690100000000001,96.123199999999997,76.879999999999995,4.7000000000000002
2017-12-28T20:23:34.350Z,22.055599999999998,94.404399999999995,85.370000000000005,5
2017-12-23T15:45:00.470Z,23.430199999999999,94.681200000000004,111.27,4.5999999999999996
2017-12-22T15:58:49.710Z,10.039400000000001,93.018600000000006,33.890000000000001,4.7999999999999998
2017-12-19T13:23:32.100Z,9.7594999999999992,93.546800000000005,15.890000000000001,4.9000000000000004
2017-12-17T06:20:41.840Z,27.639099999999999,94.255600000000001,15.94,4.5999999999999996
2017-12-11T16:49:48.970Z,11.8055,93.837299999999999,136.55000000000001,4.5999999999999996
2017-12-03T09:47:14.290Z,22.360600000000002,94.503699999999995,96.760000000000005,4.7000000000000002
2017-11-25T19:29:47.500Z,19.471,94.346299999999999,62.539999999999999,4.5
2017-11-20T08:48:02.250Z,23.6935,94.543000000000006,97.189999999999998,4.9000000000000004
2017-10-28T14:17:46.560Z,12.7959,95.469899999999996,10,4.5
2017-10-25T18:20:47.790Z,13.7225,92.935900000000004,32.740000000000002,4.7000000000000002
2017-10-10T14:42:26.530Z,13.032,93.353700000000003,52.75,4.5999999999999996
2017-10-09T19:32:39.030Z,12.9368,92.408199999999994,32.5,4.5
2017-10-06T14:00:31.480Z,11.979799999999999,95.076300000000003,10.08,5
2017-10-03T15:20:11.200Z,19.090699999999998,95.089600000000004,43.049999999999997,4.5999999999999996
2017-10-03T13:48:34.400Z,25.038799999999998,94.733699999999999,77.480000000000004,4.5
2017-10-02T18:13:51.510Z,21.442799999999998,94.541300000000007,95.120000000000005,4.5999999999999996
2017-10-01T14:35:36.080Z,12.889799999999999,92.305499999999995,29.100000000000001,4.5
2017-09-17T21:49:08.620Z,21.6629,94.572900000000004,97.030000000000001,4.5
2017-09-15T01:36:48.460Z,18.829999999999998,94.878600000000006,51.990000000000002,4.7999999999999998
2017-09-11T13:56:11.510Z,17.402799999999999,95.932599999999994,10,4.5999999999999996
2017-09-06T00:10:55.750Z,10.2437,93.161100000000005,83.980000000000004,5
2017-08-17T07:38:33.100Z,25.828800000000001,94.526300000000006,61.100000000000001,4.5999999999999996
2017-08-11T03:34:53.600Z,13.638999999999999,92.804299999999998,25.23,4.5
2017-08-02T18:18:08.620Z,24.321400000000001,93.619900000000001,53.229999999999997,5.0999999999999996
2017-07-17T13:23:00.400Z,20.999199999999998,93.566699999999997,46.159999999999997,4.5999999999999996
2017-07-13T05:03:31.770Z,23.532900000000001,94.557299999999998,89.219999999999999,4.7999999999999998
2017-07-10T10:44:46.240Z,10.4269,93.890699999999995,42.729999999999997,4.5
2017-07-02T05:27:45.280Z,24.359200000000001,94.700100000000006,83.620000000000005,4.9000000000000004
2017-07-01T07:01:14.640Z,23.8429,94.710700000000003,89.670000000000002,4.5999999999999996
2017-06-20T08:50:40.090Z,23.040800000000001,94.476500000000001,94.730000000000004,4.5999999999999996
2017-06-18T22:35:46.460Z,24.630600000000001,93.967399999999998,21.469999999999999,4.5999999999999996
2017-06-09T11:48:06.920Z,25.278400000000001,95.109099999999998,92.060000000000002,4.5999999999999996
2017-05-21T17:38:11.660Z,11.5138,95.088499999999996,20.77,4.5999999999999996
2017-05-17T17:45:54.770Z,12.7126,93.597099999999998,100.98,4.5999999999999996
2017-05-16T14:04:40.080Z,11.486499999999999,95.052000000000007,20.789999999999999,4.5999999999999996
2017-05-05T17:58:35.880Z,13.7401,92.548000000000002,19.129999999999999,5
2017-05-01T18:59:31.990Z,11.7813,94.8399,28.010000000000002,4.7000000000000002
2017-04-18T09:13:10.100Z,20.7105,100.1532,9.8699999999999992,4.7000000000000002
2017-04-05T16:44:36.740Z,14.459199999999999,93.049099999999996,31.800000000000001,5.2999999999999998
2017-03-26T23:55:06.280Z,25.938199999999998,99.840599999999995,27.609999999999999,5
2017-03-26T23:40:31.620Z,25.883199999999999,99.884200000000007,10,4.5999999999999996
2017-03-25T02:05:56.400Z,25.046900000000001,95.020099999999999,104,4.5
2017-03-19T08:57:06.970Z,9.9624000000000006,93.556700000000006,35.850000000000001,4.5999999999999996
2017-03-17T14:01:43.070Z,11.174099999999999,92.877799999999993,46.009999999999998,4.7999999999999998
2017-03-13T14:19:06.670Z,17.399100000000001,95.999799999999993,10,5.0999999999999996
2017-03-09T02:55:11.360Z,24.706199999999999,94.570300000000003,69.709999999999994,4.7000000000000002
2017-03-04T02:11:53.820Z,25.186499999999999,94.665800000000004,74.069999999999993,5.0999999999999996
2017-03-01T03:16:52.370Z,12.212400000000001,93.204599999999999,67.579999999999998,4.5
2017-02-24T12:02:50.650Z,24.043700000000001,93.482500000000002,59.799999999999997,5
2017-02-08T20:46:16.710Z,22.537199999999999,94.771299999999997,121,4.5
2017-01-29T21:36:08.190Z,25.932099999999998,96.496799999999993,41.140000000000001,4.5
2017-01-18T15:42:40.480Z,12.199999999999999,94.969800000000006,27.489999999999998,4.9000000000000004
2017-01-18T03:03:21.970Z,24.559000000000001,94.5655,63,4.5
2017-01-12T09:32:08.120Z,26.404900000000001,95.364000000000004,68.799999999999997,4.5
2017-01-04T14:28:07.760Z,22.9682,94.742199999999997,123.34999999999999,4.5999999999999996
2017-01-03T18:49:53.560Z,23.316800000000001,94.503500000000003,88.620000000000005,5.0999999999999996
2017-01-01T16:54:06.710Z,21.120799999999999,98.450599999999994,64.290000000000006,4.5999999999999996
2016-12-08T07:46:22.410Z,23.446999999999999,94.882199999999997,35.560000000000002,4.5999999999999996
2016-11-25T11:17:10.660Z,13.138199999999999,93.059899999999999,32.789999999999999,4.5999999999999996
2016-11-17T04:22:47.690Z,25.795500000000001,99.976600000000005,10,4.5
2016-11-15T02:10:21.120Z,24.647500000000001,92.328400000000002,32.420000000000002,4.5999999999999996
2016-11-13T21:22:24.700Z,10.6904,93.683400000000006,8.7799999999999994,4.5999999999999996
2016-10-26T06:29:09.950Z,23.126100000000001,92.870800000000003,50.299999999999997,4.7000000000000002
2016-10-26T02:21:58.690Z,22.899000000000001,94.599999999999994,107.88,4.9000000000000004
2016-10-11T17:41:01.150Z,24.827500000000001,96.273799999999994,26.73,4.5999999999999996
2016-10-11T07:30:14.280Z,25.251899999999999,95.000600000000006,95.329999999999998,4.7000000000000002
2016-10-07T19:28:41.000Z,23.183399999999999,94.185500000000005,37.840000000000003,4.5
2016-09-22T13:23:43.950Z,25.260100000000001,95.612700000000004,141.47,4.5999999999999996
2016-09-19T12:57:31.930Z,10.3504,92.692700000000002,33.560000000000002,4.5999999999999996
2016-09-11T05:07:48.670Z,9.8341999999999992,93.220399999999998,75.099999999999994,4.5999999999999996
2016-09-03T21:38:58.200Z,27.2224,96.818200000000004,43.689999999999998,4.5
2016-08-24T10:57:16.300Z,20.931699999999999,94.668800000000005,93.150000000000006,4.5
2016-08-24T10:34:54.580Z,20.922799999999999,94.569000000000003,82,6.7999999999999998
2016-08-23T02:11:12.810Z,23.897200000000002,94.698300000000003,101.73999999999999,5
2016-08-18T18:23:56.270Z,11.9017,93.588099999999997,107.98,4.5999999999999996
2016-08-15T08:57:07.030Z,22.5185,94.732399999999998,115.09999999999999,4.5
2016-08-01T10:01:08.200Z,21.3109,94.930499999999995,131.47,5.0999999999999996
2016-07-29T14:02:51.100Z,21.809000000000001,99.821600000000004,14.460000000000001,4.7000000000000002
2016-07-27T04:20:28.200Z,21.514299999999999,94.570499999999996,96.840000000000003,4.9000000000000004
2016-07-24T23:09:49.190Z,14.9748,96.434200000000004,27.75,5
2016-07-15T16:08:02.180Z,15.487299999999999,93.897900000000007,10,4.5999999999999996
2016-07-13T17:56:32.830Z,12.082100000000001,95.170400000000001,10,4.5
2016-07-04T12:07:23.030Z,22.414400000000001,93.773899999999998,37.109999999999999,4.5
2016-07-01T19:22:40.040Z,24.969100000000001,95.373699999999999,132.34999999999999,4.7000000000000002
2016-06-22T13:03:20.220Z,22.6845,94.629599999999996,109.31999999999999,4.5999999999999996
2016-06-20T08:05:22.150Z,20.535299999999999,93.969099999999997,49.030000000000001,4.5
2016-06-11T18:12:23.380Z,25.785799999999998,95.224500000000006,83.120000000000005,4.5
2016-06-02T06:02:40.850Z,18.517099999999999,96.5261,10,4.5999999999999996
2016-05-27T05:03:10.200Z,26.525200000000002,96.496799999999993,64.299999999999997,4.5999999999999996
2016-05-19T23:10:24.720Z,22.7638,93.915199999999999,42.420000000000002,4.7999999999999998
2016-05-17T17:05:17.500Z,26.084599999999998,99.575000000000003,51.350000000000001,4.7999999999999998
2016-05-17T16:48:55.930Z,26.047599999999999,99.492000000000004,53.990000000000002,4.9000000000000004
2016-05-12T07:54:19.140Z,24.271599999999999,94.3125,71.480000000000004,4.7999999999999998
2016-04-22T02:43:05.050Z,9.9398,93.828699999999998,31.379999999999999,4.5
2016-04-19T20:32:57.090Z,10.215299999999999,93.689499999999995,10,5.2999999999999998
2016-04-18T15:29:54.930Z,12.9466,92.333500000000001,37.350000000000001,4.7000000000000002
2016-04-14T05:41:53.140Z,23.815999999999999,94.198599999999999,61.25,4.5999999999999996
2016-04-13T14:14:03.240Z,12.5623,95.178700000000006,10,4.9000000000000004
2016-04-13T13:55:17.800Z,23.0944,94.865399999999994,136,6.9000000000000004
2016-03-23T10:50:02.380Z,24.630199999999999,96.132099999999994,57.149999999999999,4.5
2016-03-13T10:30:11.160Z,26.245000000000001,92.256500000000003,53.710000000000001,4.5
2016-03-07T12:23:01.700Z,22.758500000000002,93.943299999999994,50.030000000000001,4.5
2016-03-07T03:13:58.190Z,20.98,95.023799999999994,100.98999999999999,4.5999999999999996
2016-02-27T00:31:05.120Z,13.4762,93.915000000000006,98.700000000000003,4.5
2016-02-16T23:06:59.690Z,26.196000000000002,93.497699999999995,39.719999999999999,4.7000000000000002
2016-02-07T23:30:55.400Z,26.083400000000001,99.590299999999999,10,4.5999999999999996
2016-02-04T15:30:49.930Z,14.2933,93.203999999999994,10,5.0999999999999996
2016-01-27T22:09:56.710Z,13.726100000000001,93.800399999999996,88.890000000000001,4.5999999999999996
2016-01-03T23:05:22.270Z,24.803599999999999,93.650499999999994,55,6.7000000000000002
2015-12-16T04:48:19.990Z,12.6843,93.412599999999998,72.620000000000005,4.7000000000000002
2015-12-09T12:00:19.910Z,10.4689,93.9392,10,4.5
2015-11-27T12:04:18.890Z,22.586400000000001,94.985500000000002,13.789999999999999,4.5999999999999996
2015-11-25T16:15:10.640Z,26.407599999999999,92.974500000000006,54.520000000000003,4.7000000000000002
2015-11-15T09:18:57.800Z,13.714,93.544799999999995,47.890000000000001,4.5
2015-10-30T11:26:43.400Z,25.090699999999998,99.572100000000006,24.609999999999999,5.2000000000000002
2015-10-29T22:15:56.450Z,24.681899999999999,92.448800000000006,36.310000000000002,4.7999999999999998
2015-10-28T20:12:09.500Z,27.550000000000001,100.3,10,4.7000000000000002
2015-10-10T23:54:35.280Z,24.255800000000001,96.026399999999995,49.020000000000003,4.5
2015-10-02T11:29:24.030Z,22.527100000000001,93.444400000000002,42.649999999999999,4.5999999999999996
2015-09-22T13:19:20.760Z,22.950299999999999,94.449799999999996,82.760000000000005,4.7000000000000002
2015-09-22T09:33:46.950Z,12.189500000000001,95.0107,28.09,4.7000000000000002
2015-09-17T18:34:17.230Z,24.596900000000002,94.666799999999995,80.129999999999995,4.7000000000000002
2015-09-14T09:45:39.480Z,27.670300000000001,100.2728,10,4.5999999999999996
2015-09-03T20:49:23.600Z,24.582599999999999,94.822400000000002,43.170000000000002,4.5
2015-08-16T21:35:31.560Z,13.257,93.606099999999998,110.3,4.5
2015-08-16T08:24:16.780Z,18.375599999999999,95.708500000000001,10,4.5
2015-08-12T02:44:51.250Z,24.633900000000001,94.858800000000002,42.799999999999997,4.5
2015-08-10T17:05:25.620Z,18.428100000000001,95.9666,21.219999999999999,4.5
2015-08-03T20:47:48.290Z,11.7006,92.347899999999996,30.390000000000001,4.7000000000000002
2015-07-21T01:27:07.530Z,19.0777,96.230199999999996,9.4900000000000002,5
2015-07-13T11:03:03.810Z,26.464400000000001,96.511799999999994,101.34999999999999,4.5
2015-07-04T18:41:36.360Z,12.941599999999999,93.2393,48.469999999999999,4.5
2015-07-03T03:16:35.510Z,11.423400000000001,95.031999999999996,8.7100000000000009,5.5
2015-07-03T02:20:32.030Z,11.486700000000001,94.932199999999995,10,4.7999999999999998
2015-07-03T00:37:45.350Z,13.154299999999999,93.289500000000004,50.789999999999999,4.7999999999999998
2015-06-30T15:48:07.630Z,11.178800000000001,94.785399999999996,45.329999999999998,4.5
2015-06-12T18:29:30.290Z,14.011900000000001,93.577600000000004,48.57,5.2000000000000002
2015-05-25T15:59:02.060Z,22.132300000000001,93.2059,53.289999999999999,4.5
2015-05-24T06:27:33.910Z,20.465,98.9465,10,4.5999999999999996
2015-05-08T03:02:32.780Z,13.695499999999999,92.890699999999995,32.32,4.5
2015-04-30T19:21:18.100Z,26.240100000000002,94.799599999999998,10,4.7999999999999998
2015-04-23T23:58:22.380Z,12.298299999999999,94.987399999999994,34.43,4.9000000000000004
2015-04-21T00:17:28.930Z,14.120799999999999,92.949299999999994,27.07,5.0999999999999996
2015-04-16T22:05:49.650Z,26.792400000000001,92.7714,35,4.7999999999999998
2015-04-09T22:49:42.590Z,14.0702,92.847399999999993,27.940000000000001,5.0999999999999996
2015-04-03T12:45:21.710Z,10.5197,93.341300000000004,104.20999999999999,4.5999999999999996
2015-04-03T12:23:55.350Z,23.254999999999999,94.263000000000005,109.7,4.5
2015-03-27T18:51:49.170Z,9.891,93.383799999999994,89.840000000000003,4.9000000000000004
2015-03-08T15:43:47.220Z,13.4596,92.7483,40.079999999999998,4.5999999999999996
2015-03-03T09:23:53.540Z,23.466200000000001,99.015500000000003,10,4.5
2015-03-01T10:24:41.360Z,23.5657,98.853899999999996,10,5.2000000000000002
2015-02-12T14:33:07.830Z,23.998200000000001,93.923000000000002,65.840000000000003,4.7999999999999998
2015-02-11T03:30:11.780Z,13.2332,92.347399999999993,20.149999999999999,5.0999999999999996
2015-02-09T14:13:06.360Z,10.102499999999999,92.925600000000003,43.859999999999999,4.7000000000000002
2015-01-24T16:11:42.660Z,25.023099999999999,95.192300000000003,120.19,4.7000000000000002
2015-01-10T13:06:35.640Z,10.937799999999999,93.541499999999999,123.95999999999999,4.5999999999999996
2014-12-31T16:12:02.950Z,21.968800000000002,93.369799999999998,57.439999999999998,4.5
2014-12-28T17:22:52.590Z,22.632899999999999,94.113100000000003,54.32,4.5
2014-12-26T06:07:09.660Z,21.485900000000001,98.437399999999997,10,4.7999999999999998
2014-12-21T05:37:39.090Z,24.200099999999999,94.693899999999999,99.659999999999997,5.0999999999999996
2014-12-11T19:27:36.410Z,24.405000000000001,94.5261,79.900000000000006,4.7000000000000002
2014-12-08T05:39:01.540Z,11.8283,93.597200000000001,126.47,4.5
2014-12-07T09:23:06.290Z,23.380199999999999,100.5213,10,4.5999999999999996
2014-12-06T10:20:01.520Z,23.357700000000001,100.533,10,5.5999999999999996
2014-12-05T18:43:46.290Z,23.336300000000001,100.4736,11,5.5999999999999996
2014-12-04T23:53:51.870Z,26.885999999999999,92.620599999999996,53.100000000000001,4.5999999999999996
2014-11-29T18:01:01.570Z,11.108599999999999,93.610500000000002,128.58000000000001,4.5999999999999996
2014-11-28T01:18:45.610Z,12.513500000000001,92.795699999999997,43.759999999999998,5.2999999999999998
2014-11-23T10:45:27.990Z,23.8065,93.767700000000005,65.959999999999994,4.5
2014-11-21T16:11:16.370Z,23.504300000000001,93.525499999999994,67.719999999999999,4.5999999999999996
2014-11-20T18:14:37.790Z,23.508099999999999,93.514799999999994,49,5.5999999999999996
2014-11-20T09:50:32.480Z,23.331800000000001,100.50360000000001,15.27,4.5
2014-11-17T04:34:12.360Z,20.779499999999999,94.421099999999996,66,5.2999999999999998
2014-11-11T18:35:50.430Z,23.598099999999999,94.085700000000003,71.859999999999999,4.7000000000000002
2014-11-10T10:34:29.100Z,19.466200000000001,94.916700000000006,67.459999999999994,4.5999999999999996
2014-11-08T18:19:39.990Z,24.874400000000001,94.866,87.480000000000004,4.7999999999999998
2014-11-08T17:06:46.170Z,24.877700000000001,96.298000000000002,66.189999999999998,4.7999999999999998
2014-10-24T05:11:56.070Z,23.686599999999999,94.686400000000006,108.67,4.5999999999999996
2014-10-24T00:05:26.880Z,23.981400000000001,93.963099999999997,69.370000000000005,4.5999999999999996
2014-10-17T09:44:50.750Z,27.1694,97.074399999999997,10,4.7000000000000002
2014-10-12T03:32:46.310Z,12.8728,93.865499999999997,136.25999999999999,4.9000000000000004
2014-10-11T06:05:14.930Z,23.436399999999999,100.50239999999999,15.58,4.7000000000000002
2014-10-09T10:03:28.490Z,18.295300000000001,95.293800000000005,59.140000000000001,4.5
2014-10-07T13:49:39.720Z,23.383400000000002,100.47020000000001,8.5099999999999998,6.0999999999999996
2014-10-06T14:10:21.210Z,14.261100000000001,93.125799999999998,35.18,4.5999999999999996
2014-09-26T04:21:24.080Z,12.519299999999999,95.225399999999993,20.219999999999999,5.5
2014-09-20T13:16:38.410Z,23.425599999999999,94.682100000000005,95.969999999999999,4.5
2014-09-15T08:19:25.760Z,20.593299999999999,92.973600000000005,10,4.5
2014-09-09T09:28:22.190Z,22.198899999999998,93.244,10,5.4000000000000004
2014-09-08T13:11:00.360Z,14.287699999999999,92.867800000000003,27.77,4.5999999999999996
2014-09-06T17:12:18.440Z,25.007400000000001,95.364999999999995,134.13999999999999,4.7000000000000002
2014-08-25T08:43:03.870Z,14.376200000000001,93.192499999999995,37.18,4.5999999999999996
2014-08-24T22:32:48.420Z,19.578399999999998,99.448700000000002,20.440000000000001,4.5
2014-08-16T16:39:55.170Z,24.593,94.569299999999998,91.239999999999995,5
2014-08-05T16:11:53.300Z,15.8545,96.254099999999994,24.309999999999999,4.5999999999999996
2014-08-02T16:18:59.530Z,11.870799999999999,93.643299999999996,129.36000000000001,4.7000000000000002
2014-08-01T21:47:04.450Z,11.9976,95.124799999999993,10,4.5999999999999996
2014-08-01T21:11:08.780Z,12.401899999999999,95.570499999999996,10,4.5999999999999996
2014-08-01T20:27:50.430Z,24.384899999999998,94.703900000000004,85.670000000000002,4.7000000000000002
2014-07-31T17:34:08.620Z,12.3436,95.043899999999994,26.23,5.0999999999999996
2014-07-31T17:33:29.240Z,12.474299999999999,95.203299999999999,10,4.9000000000000004
2014-07-31T14:21:11.960Z,12.4404,95.316500000000005,10,4.5999999999999996
2014-07-31T13:41:00.830Z,12.4337,95.203299999999999,10,5.7999999999999998
2014-07-29T10:23:24.210Z,22.4269,94.617900000000006,121.56999999999999,4.5999999999999996
2014-07-29T07:07:07.130Z,14.360300000000001,93.090400000000002,12,5.2999999999999998
2014-07-20T06:51:01.350Z,21.770199999999999,93.571799999999996,54.579999999999998,4.5
2014-06-08T09:15:02.260Z,19.6266,96.189700000000002,27.030000000000001,4.5999999999999996
2014-06-04T07:20:14.170Z,22.5351,93.392600000000002,55.25,4.5999999999999996
2014-06-03T05:34:50.060Z,24.8779,97.754199999999997,17.5,4.5
2014-05-31T17:31:47.280Z,16.5243,95.680899999999994,22.440000000000001,4.7000000000000002
2014-05-30T15:53:39.090Z,24.976600000000001,97.912000000000006,10,4.7000000000000002
2014-05-30T01:20:15.170Z,24.999700000000001,97.844999999999999,10,5.9000000000000004
2014-05-29T03:23:46.560Z,24.253599999999999,94.497699999999995,85.549999999999997,4.5999999999999996
2014-05-23T20:49:21.970Z,24.973700000000001,97.843699999999998,8,5.7999999999999998
2014-05-12T08:33:30.570Z,12.189399999999999,95.260400000000004,28.780000000000001,4.5
2014-05-07T09:38:58.200Z,19.654900000000001,99.583200000000005,10,4.5
2014-05-06T14:50:14.150Z,19.683199999999999,99.527100000000004,10,4.5999999999999996
2014-05-06T00:58:20.540Z,19.618500000000001,99.470200000000006,10,5
2014-05-06T00:50:16.270Z,19.7013,99.627200000000002,10,5
2014-05-05T11:19:36.410Z,19.6647,99.667500000000004,10,4.5999999999999996
2014-05-05T11:08:43.420Z,19.6557,99.669600000000003,6,6.0999999999999996
2014-04-29T20:16:17.180Z,26.041699999999999,100.6494,41.009999999999998,4.5
2014-04-11T00:45:05.810Z,12.2036,93.136300000000006,68.969999999999999,4.7999999999999998
2014-04-03T15:34:06.640Z,26.1904,100.7567,38.520000000000003,4.5
2014-03-26T08:34:40.070Z,13.806699999999999,92.885900000000007,32.100000000000001,4.5999999999999996
2014-03-22T08:35:34.160Z,22.977699999999999,94.249799999999993,86.239999999999995,4.5
2014-03-20T04:00:21.220Z,23.361999999999998,94.436599999999999,71.150000000000006,4.5
2014-03-11T11:23:54.090Z,13.6975,92.9178,35,4.7999999999999998
2014-03-09T16:02:59.690Z,19.194199999999999,95.720699999999994,24.93,5.0999999999999996
2014-02-13T16:08:21.120Z,22.626200000000001,94.547600000000003,92.400000000000006,4.5
2014-02-07T03:15:20.800Z,11.8466,94.875500000000002,61.210000000000001,4.5
2014-02-06T15:07:53.130Z,27.465199999999999,96.998800000000003,47.880000000000003,4.5
2014-02-02T23:44:01.200Z,12.2849,95.059200000000004,34.18,5.2000000000000002
2014-01-30T12:17:14.780Z,22.839400000000001,94.377799999999993,90.829999999999998,4.7000000000000002
2014-01-29T13:46:50.340Z,23.8428,93.958100000000002,59.109999999999999,5.0999999999999996
2014-01-26T12:38:37.240Z,23.000699999999998,95.907799999999995,12.43,5.2000000000000002
2014-01-21T14:08:27.330Z,25.857800000000001,100.6549,47.149999999999999,4.5
2014-01-18T00:55:47.690Z,15.375,96.159999999999997,25.039999999999999,4.5999999999999996
2014-01-14T19:17:48.500Z,26.905899999999999,101.1773,44.640000000000001,4.7999999999999998
2013-12-30T21:08:17.410Z,21.622599999999998,94.057500000000005,76.579999999999998,4.5999999999999996
2013-12-23T16:16:48.380Z,20.559200000000001,94.729900000000001,93.959999999999994,4.7999999999999998
2013-12-20T03:04:36.230Z,14.332100000000001,93.076300000000003,41.490000000000002,4.9000000000000004
2013-12-09T07:39:37.860Z,9.6128999999999998,92.998699999999999,34.979999999999997,4.9000000000000004
2013-12-07T01:06:38.870Z,11.441700000000001,93.745199999999997,154.30000000000001,4.5999999999999996
2013-12-04T03:59:16.650Z,13.8291,92.950800000000001,32.439999999999998,4.7000000000000002
2013-11-29T12:13:53.100Z,28.174399999999999,99.299700000000001,10,4.5
2013-11-28T08:23:53.550Z,25.496500000000001,100.5706,10.029999999999999,4.9000000000000004
2013-11-27T17:29:33.670Z,26.258600000000001,96.153000000000006,89.799999999999997,4.5
2013-11-20T10:09:18.430Z,12.397500000000001,95.148099999999999,10.26,5.5
2013-11-06T04:19:20.640Z,26.370100000000001,93.534499999999994,46.840000000000003,4.7999999999999998
2013-11-06T04:16:16.060Z,26.411799999999999,93.645099999999999,34.32,5.4000000000000004
2013-11-04T12:56:22.710Z,14.285299999999999,93.191400000000002,41.670000000000002,4.7999999999999998
2013-11-03T06:54:07.290Z,10.549300000000001,92.867900000000006,54.509999999999998,4.7999999999999998
2013-10-30T13:53:03.150Z,23.661000000000001,100.8091,15.390000000000001,4.5
2013-10-29T07:51:27.090Z,23.026399999999999,94.426500000000004,84.870000000000005,4.5999999999999996
2013-10-24T17:57:36.970Z,14.291700000000001,93.065399999999997,23,5.4000000000000004
2013-10-08T09:31:11.000Z,9.7794000000000008,93.813199999999995,35,4.5999999999999996
2013-10-06T06:59:11.030Z,12.9734,92.980999999999995,35.189999999999998,4.5
2013-09-26T05:30:05.660Z,23.862100000000002,93.279499999999999,55.920000000000002,4.5999999999999996
2013-09-20T12:24:46.270Z,22.934100000000001,95.960700000000003,4,5.7000000000000002
2013-09-20T11:53:26.430Z,22.860399999999998,95.876499999999993,10,4.9000000000000004
2013-09-11T10:09:40.650Z,10.4984,92.303899999999999,27.68,4.5
2013-09-09T11:58:16.360Z,27.143799999999999,92.359300000000005,10,4.5
2013-09-09T03:28:31.970Z,22.960799999999999,95.936499999999995,10,5
2013-09-07T03:24:56.240Z,25.356400000000001,95.071799999999996,81.930000000000007,4.5
2013-09-03T14:32:36.760Z,28.264900000000001,99.491100000000003,10,4.9000000000000004
2013-09-02T14:52:34.620Z,28.270399999999999,99.285200000000003,10,4.5999999999999996
2013-08-31T01:18:46.200Z,28.212299999999999,99.310699999999997,10.050000000000001,4.5999999999999996
2013-08-31T00:27:01.770Z,28.219899999999999,99.343199999999996,10,5
2013-08-31T00:13:28.940Z,28.2316,99.432199999999995,10,4.9000000000000004
2013-08-31T00:04:17.750Z,28.2425,99.350200000000001,8,5.5999999999999996
2013-08-27T23:53:05.840Z,28.343800000000002,99.364000000000004,10.17,4.5
2013-08-27T20:44:53.360Z,28.239000000000001,99.327600000000004,10,5.2000000000000002
2013-08-17T14:41:18.980Z,11.183,93.308400000000006,62.420000000000002,4.5999999999999996
2013-08-15T16:51:35.710Z,11.0299,95.039000000000001,22.649999999999999,4.5999999999999996
2013-08-07T23:59:23.070Z,20.5931,93.964100000000002,61.460000000000001,4.7999999999999998
2013-08-02T12:04:30.140Z,23.9377,94.731399999999994,100.98,5
2013-07-29T02:26:29.740Z,14.038,92.891999999999996,29.100000000000001,4.5
2013-07-24T19:51:54.990Z,12.978,93.234999999999999,34.5,4.7000000000000002
2013-07-19T01:53:52.140Z,19.454999999999998,94.734999999999999,35.399999999999999,4.5999999999999996
2013-07-18T23:56:19.870Z,25.899999999999999,99.009,39.399999999999999,4.7000000000000002
2013-06-28T15:35:55.270Z,10.622999999999999,93.507000000000005,109.7,4.7999999999999998
2013-05-06T20:18:04.320Z,20.667000000000002,99.850999999999999,35.600000000000001,4.9000000000000004
2013-05-03T04:16:09.700Z,12.887,93.332999999999998,62.700000000000003,4.5
2013-04-21T19:35:38.670Z,22.998999999999999,94.028000000000006,74.299999999999997,4.5999999999999996
2013-04-17T01:46:00.090Z,25.952999999999999,99.781999999999996,38.299999999999997,5.0999999999999996
2013-04-12T08:42:03.330Z,19.280999999999999,95.759,10.1,4.5999999999999996
2013-04-11T03:47:02.930Z,19.257999999999999,95.623000000000005,9.9000000000000004,5.5
2013-04-10T22:05:52.720Z,18.786999999999999,97.478999999999999,10,4.5999999999999996
2013-04-05T06:44:32.590Z,19.242999999999999,95.611000000000004,10,4.5999999999999996
2013-04-04T15:16:26.520Z,19.247,95.745000000000005,10.699999999999999,5.0999999999999996
2013-04-03T23:00:22.350Z,19.25,95.748000000000005,10,4.5999999999999996
2013-04-03T16:35:45.110Z,19.222999999999999,95.646000000000001,6,5.4000000000000004
2013-03-30T20:04:45.850Z,23.071000000000002,95.975999999999999,10,4.7999999999999998
2013-03-26T04:26:19.060Z,11.050000000000001,93.477000000000004,129.80000000000001,4.5
2013-03-20T02:10:26.630Z,12.599,93.703000000000003,103.59999999999999,4.7000000000000002
2013-03-03T05:41:16.940Z,25.98,99.811999999999998,8,5.2000000000000002
2013-03-02T01:30:38.630Z,24.677,92.221999999999994,38.700000000000003,5.2000000000000002
2013-02-28T18:32:26.760Z,22.609000000000002,94.557000000000002,104.09999999999999,4.5999999999999996
2013-02-26T14:42:29.380Z,13.228,95.808999999999997,10,4.5
2013-02-05T03:57:27.240Z,13.856999999999999,92.933000000000007,16.399999999999999,4.7999999999999998
2013-02-04T01:19:28.890Z,11.724,92.698999999999998,44.799999999999997,4.5999999999999996
2013-01-31T20:31:00.640Z,13.975,93.087999999999994,46.299999999999997,4.5999999999999996
2013-01-15T11:17:00.400Z,23.609999999999999,94.706999999999994,110.90000000000001,4.7000000000000002
2013-01-11T09:10:14.980Z,13.304,92.341999999999999,35,4.9000000000000004
2013-01-09T01:41:53.260Z,25.329000000000001,95.048000000000002,93,5.7999999999999998
2012-12-26T13:59:46.060Z,22.783000000000001,95.908000000000001,18,4.9000000000000004
2012-12-22T16:41:45.740Z,22.443000000000001,94.781999999999996,134.40000000000001,5.5
2012-12-20T05:56:04.350Z,22.861999999999998,95.989999999999995,10,4.7000000000000002
2012-12-18T11:51:57.960Z,25.399000000000001,96.609999999999999,32.100000000000001,4.5999999999999996
2012-12-14T02:17:30.990Z,22.745000000000001,95.873999999999995,10,4.7000000000000002
2012-12-03T11:55:27.520Z,23.109999999999999,95.888999999999996,35.399999999999999,4.5999999999999996
2012-11-29T12:22:15.260Z,14.468999999999999,94.174000000000007,74.900000000000006,4.7000000000000002
2012-11-26T23:13:52.470Z,13.85,93.637,53.700000000000003,5.0999999999999996
2012-11-19T17:25:53.010Z,22.992000000000001,95.959000000000003,31.100000000000001,4.9000000000000004
2012-11-18T16:46:19.100Z,19.234999999999999,95.652000000000001,11.800000000000001,4.5999999999999996
2012-11-13T18:28:12.810Z,22.895,95.942999999999998,10,5
2012-11-13T08:36:24.210Z,23.100000000000001,96.013000000000005,10,4.7000000000000002
2012-11-13T01:52:19.810Z,19.120999999999999,95.998999999999995,22,4.7999999999999998
2012-11-11T18:19:45.080Z,23.132000000000001,95.866,28.399999999999999,5.5
2012-11-11T14:45:03.020Z,22.748999999999999,95.938000000000002,8.8000000000000007,4.7999999999999998
2012-11-11T10:54:41.350Z,22.719999999999999,95.831999999999994,6,5.7999999999999998
2012-11-11T01:37:39.160Z,22.984999999999999,96.147999999999996,10,4.5
2012-11-11T01:32:27.630Z,22.678999999999998,95.838999999999999,13.699999999999999,4.9000000000000004
2012-11-11T01:29:58.670Z,22.794,95.918999999999997,10,4.7999999999999998
2012-11-11T01:21:16.510Z,22.809999999999999,95.926000000000002,17.5,4.9000000000000004
2012-11-11T01:12:38.870Z,23.004999999999999,95.885000000000005,13.699999999999999,6.7999999999999998
2012-11-02T21:31:48.630Z,24.893000000000001,95.087999999999994,106.09999999999999,4.5
2012-10-30T01:40:26.490Z,26.117000000000001,92.337000000000003,62,4.5999999999999996
2012-10-28T03:08:52.410Z,10.345000000000001,92.575000000000003,58.299999999999997,5
2012-10-21T07:54:46.990Z,13.694000000000001,96.174999999999997,35,4.7000000000000002
2012-10-02T18:51:38.010Z,26.913,92.938999999999993,37.799999999999997,4.5
2012-10-02T18:40:42.920Z,26.952999999999999,92.994,35,4.5999999999999996
2012-10-02T18:37:38.700Z,26.879000000000001,92.817999999999998,36.799999999999997,5.2000000000000002
2012-09-22T20:42:48.230Z,25.459,96.682000000000002,42.799999999999997,4.5999999999999996
2012-09-19T06:28:34.480Z,22.035,93.881,72.299999999999997,4.5999999999999996
2012-09-11T18:09:49.790Z,24.41,93.530000000000001,60.399999999999999,4.5
2012-09-11T11:09:46.660Z,23.803000000000001,94.382000000000005,50.5,4.7999999999999998
2012-09-11T03:21:21.220Z,24.646999999999998,99.266999999999996,10,5
2012-09-11T03:20:18.090Z,24.687999999999999,99.281000000000006,10,4.5999999999999996
2012-09-10T21:38:21.810Z,10.433,93.423000000000002,55,4.5999999999999996
2012-09-10T14:35:42.810Z,10.459,93.616,38.700000000000003,5.2000000000000002
2012-09-10T13:16:23.360Z,10.397,93.408000000000001,50,4.5
2012-09-10T06:19:20.580Z,13.643000000000001,92.847999999999999,30.5,4.9000000000000004
2012-08-31T19:10:10.910Z,25.175000000000001,96.894999999999996,35,4.5999999999999996
2012-08-27T12:05:23.410Z,10.210000000000001,92.802000000000007,57.600000000000001,5.2000000000000002
2012-08-19T09:24:49.380Z,26.599,92.569999999999993,48.899999999999999,4.7999999999999998
2012-08-07T01:49:53.350Z,13.942,93.076999999999998,37.899999999999999,4.5
2012-08-05T14:29:10.420Z,13.936,93.099000000000004,23.300000000000001,4.5
2012-08-02T19:06:12.700Z,26.103000000000002,96.323999999999998,55.600000000000001,5.0999999999999996
2012-08-01T21:58:38.880Z,26.055,96.311000000000007,43.799999999999997,4.7000000000000002
2012-07-29T02:21:12.600Z,22.934999999999999,94.299000000000007,75.299999999999997,5.7000000000000002
2012-07-22T02:11:12.210Z,24.998000000000001,96.427000000000007,22.600000000000001,5.0999999999999996
2012-07-14T19:55:17.950Z,25.423999999999999,94.480000000000004,52.100000000000001,5.2000000000000002
2012-07-09T20:13:07.390Z,25.347000000000001,96.528999999999996,31,5.0999999999999996
2012-07-01T04:13:52.090Z,25.591999999999999,94.695999999999998,58,5.5999999999999996
2012-06-24T07:59:34.860Z,27.766999999999999,100.78100000000001,10,5.5
2012-06-12T17:02:02.660Z,23.710000000000001,94.305000000000007,45.299999999999997,4.7000000000000002
2012-06-06T04:38:58.010Z,25.137,96.576999999999998,54.700000000000003,4.5
2012-05-30T09:28:14.190Z,24.516999999999999,95.084999999999994,108.7,4.5
2012-05-24T19:39:27.860Z,14.42,93.317999999999998,46.100000000000001,4.9000000000000004
2012-05-19T19:10:38.070Z,15.17,96.828000000000003,10,4.5999999999999996
2012-05-11T12:41:35.300Z,26.175000000000001,92.888999999999996,43.299999999999997,5.4000000000000004
2012-05-03T01:18:09.280Z,10.1,93.100999999999999,74,4.9000000000000004
2012-05-01T14:30:43.850Z,10.037000000000001,93.632999999999996,29,4.7000000000000002
2012-04-30T13:06:58.740Z,14.404999999999999,93.326999999999998,35,5.2000000000000002
2012-04-13T10:11:53.520Z,25.244,94.983000000000004,85.099999999999994,4.5
2012-03-29T00:23:21.690Z,21.619,94.754000000000005,120.3,4.5
2012-03-16T07:07:23.310Z,10.542,93.808000000000007,35,4.7999999999999998
2012-03-16T05:58:16.980Z,10.478,93.661000000000001,35,4.5999999999999996
2012-03-15T20:46:35.020Z,10.532999999999999,93.745999999999995,35,4.5999999999999996
2012-03-15T14:56:00.590Z,10.535,93.768000000000001,35,4.5999999999999996
2012-03-14T17:41:10.140Z,10.535,93.853999999999999,58.200000000000003,5
2012-03-14T17:01:50.650Z,10.679,94.004000000000005,68.299999999999997,4.9000000000000004
2012-03-01T17:52:43.870Z,13.004,92.558000000000007,37.899999999999999,4.7999999999999998
2012-02-28T20:55:46.610Z,23.998999999999999,94.613,54.899999999999999,4.5999999999999996
2012-02-27T05:19:03.980Z,12.249000000000001,92.683000000000007,39.799999999999997,4.5999999999999996
2012-02-10T19:10:01.850Z,26.146000000000001,94.253,52.299999999999997,4.7999999999999998
2012-02-06T23:16:53.560Z,13.645,93.027000000000001,35,4.7999999999999998
2012-01-11T22:23:20.470Z,25.202999999999999,95.153000000000006,105.3,4.5999999999999996
2011-12-26T10:40:30.700Z,23.355,94.254999999999995,73.799999999999997,4.7000000000000002
2011-12-15T04:51:02.120Z,14.045,93.147999999999996,54.299999999999997,4.7000000000000002
2011-12-12T04:45:44.120Z,24.885999999999999,95.260000000000005,122.40000000000001,4.5999999999999996
2011-12-05T05:59:09.350Z,12.484,93.256,81.099999999999994,4.5999999999999996
2011-11-29T13:37:19.070Z,21.388000000000002,94.344999999999999,81.599999999999994,4.7999999999999998
2011-11-28T15:06:52.140Z,25.199999999999999,97.602000000000004,35.299999999999997,5.2000000000000002
2011-11-21T03:15:41.560Z,24.960000000000001,95.231999999999999,107,5.7000000000000002
2011-11-15T10:18:41.330Z,11.143000000000001,93.647999999999996,143,4.7000000000000002
2011-11-04T10:14:43.240Z,24.922999999999998,95.587999999999994,160.30000000000001,4.7000000000000002
2011-10-29T07:51:37.070Z,24.190000000000001,93.516000000000005,35,4.7000000000000002
2011-10-21T14:40:36.320Z,24.884,94.210999999999999,65.900000000000006,4.5
2011-10-11T13:40:29.360Z,13.721,93.822999999999993,73.099999999999994,4.9000000000000004
2011-10-03T04:35:03.360Z,13.071,95.796999999999997,42.899999999999999,4.7999999999999998
2011-10-01T17:54:15.250Z,12.874000000000001,95.923000000000002,14.9,4.5
2011-10-01T12:48:57.410Z,12.989000000000001,95.784000000000006,15.1,5
2011-10-01T04:22:19.210Z,12.968999999999999,95.837999999999994,46.799999999999997,5.2000000000000002
2011-10-01T01:18:49.880Z,12.939,95.846999999999994,42.299999999999997,4.5999999999999996
2011-09-25T11:22:18.580Z,12.744999999999999,92.424000000000007,37.299999999999997,5.0999999999999996
2011-09-22T14:17:34.580Z,23.646999999999998,95.066999999999993,139.30000000000001,4.7000000000000002
2011-09-19T08:04:13.690Z,25.001999999999999,95.177999999999997,116.8,4.5
2011-08-28T04:40:45.350Z,26.521000000000001,96.748000000000005,121.7,4.5
2011-08-09T11:50:22.270Z,24.931999999999999,98.730000000000004,40.100000000000001,5.0999999999999996
2011-07-16T09:36:48.010Z,9.6929999999999996,92.623999999999995,35,4.5999999999999996
2011-07-10T00:40:26.740Z,21.088000000000001,93.900999999999996,70.900000000000006,4.9000000000000004
2011-06-25T23:40:40.890Z,23.734000000000002,94.259,81.400000000000006,4.7000000000000002
2011-06-20T10:16:55.280Z,25.074999999999999,98.721000000000004,39,5
2011-06-18T10:03:49.080Z,13.57,92.894000000000005,16.800000000000001,4.5
2011-06-09T09:51:03.850Z,14.122999999999999,92.876000000000005,39.600000000000001,4.9000000000000004
2011-06-03T07:27:11.820Z,9.6349999999999998,92.459000000000003,45,5.5
2011-05-31T13:13:42.290Z,25.062000000000001,98.790000000000006,34.5,4.7000000000000002
2011-05-07T01:47:15.690Z,23.077000000000002,94.971000000000004,164.59999999999999,4.7000000000000002
2011-04-19T03:34:07.100Z,24.486999999999998,94.561000000000007,84.900000000000006,4.5
2011-04-08T05:39:38.470Z,21.654,94.679000000000002,103.90000000000001,4.5
2011-03-26T05:57:33.380Z,20.736999999999998,100.114,27.699999999999999,5
2011-03-25T06:30:39.150Z,20.702000000000002,100.114,8.0999999999999996,4.5999999999999996
2011-03-25T00:22:39.300Z,20.712,99.879000000000005,10,5
2011-03-24T15:54:35.150Z,20.649999999999999,99.769999999999996,10,5.7000000000000002
2011-03-24T14:23:53.000Z,20.655000000000001,99.930000000000007,11.1,4.7999999999999998
2011-03-24T13:55:12.010Z,20.687000000000001,99.822000000000003,8,6.9000000000000004
2011-03-20T17:31:31.930Z,22.803000000000001,94.570999999999998,73.799999999999997,4.7000000000000002
2011-03-19T12:42:41.210Z,12.949999999999999,92.420000000000002,30.399999999999999,4.7999999999999998
2011-03-10T04:58:13.750Z,24.727,97.956999999999994,10,5.5
2011-02-28T00:55:04.650Z,19.98,95.332999999999998,117.40000000000001,4.5999999999999996
2011-02-24T08:28:14.560Z,19.550000000000001,95.123999999999995,83.599999999999994,4.7000000000000002
2011-02-14T23:44:33.550Z,26.114000000000001,96.325999999999993,59.100000000000001,4.7999999999999998
2011-02-13T00:12:07.270Z,13.904,92.927999999999997,38,4.5
2011-02-04T13:53:46.260Z,24.617999999999999,94.680000000000007,85,6.2000000000000002
2011-02-02T13:11:19.100Z,13.879,93.007999999999996,31.199999999999999,4.5
2011-02-01T13:39:47.000Z,10.622,94.108999999999995,21.800000000000001,5.5999999999999996
2011-02-01T10:24:22.510Z,14.265000000000001,96.546000000000006,35,4.5
2011-02-01T07:11:26.050Z,24.693000000000001,97.942999999999998,31.100000000000001,4.7999999999999998
2011-01-27T22:40:05.190Z,24.266999999999999,94.626999999999995,86.299999999999997,4.7000000000000002
2011-01-18T02:15:50.690Z,24.401,94.756,95.900000000000006,4.7999999999999998
2011-01-01T23:33:39.490Z,24.652999999999999,97.918000000000006,21.399999999999999,5
2011-01-01T17:36:11.140Z,14.385,93.165000000000006,37.5,4.7000000000000002
2011-01-01T07:32:05.300Z,24.588000000000001,98.024000000000001,35.700000000000003,4.5
2010-12-12T01:40:06.960Z,24.792000000000002,93.304000000000002,47.399999999999999,4.7999999999999998
2010-12-09T15:46:56.400Z,13.081,92.579999999999998,32.899999999999999,4.9000000000000004
2010-11-27T14:34:22.880Z,19.312000000000001,95.625,40,4.5999999999999996
2010-11-23T20:34:10.700Z,23.376000000000001,94.218000000000004,85.900000000000006,4.5999999999999996
2010-11-17T04:37:15.670Z,28.469000000000001,94.174000000000007,35.600000000000001,4.5999999999999996
2010-11-15T00:29:23.370Z,13.85,93.555000000000007,40,4.9000000000000004
2010-10-28T07:41:01.710Z,28.396999999999998,92.896000000000001,79.400000000000006,4.5999999999999996
2010-10-21T20:07:08.830Z,14.135999999999999,92.939999999999998,28.699999999999999,4.5999999999999996
2010-10-17T10:15:11.730Z,12.964,92.355000000000004,35,5
2010-10-03T02:58:10.800Z,14.013999999999999,93.019000000000005,38.700000000000003,4.7999999999999998
2010-09-27T04:36:53.110Z,12.34,92.572999999999993,23.899999999999999,4.5999999999999996
2010-09-19T11:10:17.570Z,11.077999999999999,94.998999999999995,12.800000000000001,4.9000000000000004
2010-09-12T01:32:30.950Z,11.455,94.867000000000004,13,4.5
2010-09-02T00:16:39.460Z,12.788,92.563000000000002,24.699999999999999,5.0999999999999996
2010-08-30T09:39:26.180Z,25.148,95.176000000000002,111.59999999999999,4.7000000000000002
2010-08-19T22:19:18.580Z,11.141,95.070999999999998,20,5.0999999999999996
2010-08-17T01:39:28.500Z,11.602,94.972999999999999,13.800000000000001,5.4000000000000004
2010-08-09T22:21:43.230Z,13.608000000000001,92.816999999999993,20.899999999999999,5.2000000000000002
2010-08-05T18:17:46.990Z,26.329000000000001,96.998000000000005,25.800000000000001,4.5999999999999996
2010-08-03T01:48:12.880Z,10.94,93.245999999999995,83.799999999999997,5.0999999999999996
2010-07-26T02:54:24.270Z,9.6289999999999996,93.266000000000005,108.59999999999999,4.5
2010-07-25T08:57:03.950Z,16.344999999999999,94.611000000000004,10,4.5999999999999996
2010-07-15T01:30:32.120Z,22.271999999999998,93.594999999999999,67.200000000000003,4.5999999999999996
2010-07-08T13:46:58.420Z,14.372,93.260000000000005,35,5
2010-07-02T18:23:09.050Z,10.227,92.248999999999995,24.800000000000001,5.4000000000000004
2010-06-27T10:51:47.720Z,13.417,95.768000000000001,39.600000000000001,5
2010-06-27T09:43:51.360Z,14.002000000000001,95.346999999999994,34.799999999999997,5
2010-06-18T23:09:31.020Z,13.196999999999999,93.087000000000003,20,5.9000000000000004
2010-06-16T07:50:44.880Z,14.074,92.864999999999995,47,4.7999999999999998
2010-06-01T15:58:13.400Z,24.917000000000002,99.304000000000002,39.799999999999997,4.9000000000000004
2010-06-01T03:54:24.460Z,25.047999999999998,96.501000000000005,29.899999999999999,4.5999999999999996
2010-05-31T19:51:45.870Z,11.132,93.471000000000004,112,6.5
2010-05-16T08:55:46.290Z,14.423,93.180000000000007,38.700000000000003,5.2999999999999998
2010-05-07T09:23:52.830Z,13.695,92.840000000000003,35,4.9000000000000004
2010-05-02T05:53:43.140Z,13.632999999999999,92.75,35,4.5
2010-05-01T21:18:56.580Z,13.624000000000001,92.777000000000001,35.799999999999997,5
2010-04-28T18:54:42.010Z,24.151,94.390000000000001,64.5,4.5
2010-04-28T18:01:21.250Z,19.391999999999999,93.162999999999997,35.899999999999999,5.2000000000000002
2010-04-19T13:54:06.430Z,10.967000000000001,93.644000000000005,149.5,4.7999999999999998
2010-04-09T18:02:23.120Z,14.404999999999999,93.114000000000004,35,4.7999999999999998
2010-04-09T17:59:42.690Z,14.523,92.998000000000005,35,4.7999999999999998
2010-04-01T07:19:59.850Z,13.613,92.915000000000006,35,4.9000000000000004
2010-03-30T16:54:46.730Z,13.667,92.831000000000003,34,6.5999999999999996
2010-03-20T20:15:05.810Z,13.904999999999999,92.944000000000003,35,4.5
2010-03-19T19:53:36.820Z,21.420999999999999,100.089,10.300000000000001,4.9000000000000004
2010-03-13T08:53:31.770Z,15.007,96.320999999999998,35,4.7000000000000002
2010-03-12T23:19:55.160Z,23.062000000000001,94.623000000000005,102.09999999999999,5.5
2010-03-01T21:15:14.430Z,14.086,93.046000000000006,40,4.7000000000000002
2010-02-25T03:51:49.040Z,14.199,93.162000000000006,34.700000000000003,4.9000000000000004
2010-02-23T06:55:45.560Z,25.818000000000001,93.281999999999996,53.899999999999999,4.7000000000000002
2010-02-20T21:07:25.510Z,23.219000000000001,94.638999999999996,94.799999999999997,4.7999999999999998
2010-02-19T02:15:29.850Z,12.957000000000001,93.656000000000006,105.5,4.7999999999999998
2010-02-16T07:07:49.400Z,13.823,92.846000000000004,35,4.7000000000000002
2010-02-16T04:14:23.190Z,13.932,93.037000000000006,41.5,4.5999999999999996
2010-02-10T18:02:36.540Z,14.042999999999999,92.959000000000003,36.5,4.5
2010-01-19T00:03:08.610Z,20.719000000000001,94.808999999999997,99.700000000000003,4.5999999999999996
2010-01-16T06:31:29.530Z,14.161,93.144999999999996,44.200000000000003,4.9000000000000004
2010-01-01T02:08:21.900Z,26.289999999999999,99.866,10,5
