magnitude,depth,longitude,latitude
4.2000000000000002,34.469999999999999,81.6126,28.865200000000002
4,40.659999999999997,81.052199999999999,29.385300000000001
4.7999999999999998,32.409999999999997,83.973200000000006,28.2987
4.5999999999999996,57.329999999999998,86.3309,28.700700000000001
5,10,82.393799999999999,28.8947
4.4000000000000004,10,82.541399999999996,28.9068
7.7999999999999998,8.2200000000000006,84.731399999999994,28.230499999999999
6.0999999999999996,10,85.5398,27.628499999999999
5.5999999999999996,10,86.021299999999997,27.685700000000001
5.4000000000000004,10,84.492000000000004,28.204599999999999
5.0999999999999996,10,85.114099999999993,27.800599999999999
5.2599999999999998,18,85.447999999999993,27.812999999999999
5,10,85.585400000000007,27.687000000000001
4.7999999999999998,10,85.504300000000001,27.700600000000001
4.7000000000000002,10,85.071700000000007,27.847799999999999
4.5999999999999996,10,85.947900000000004,27.724399999999999
5.0999999999999996,10,85.830200000000005,27.743500000000001
4.5999999999999996,10,85.501199999999997,27.586200000000002
6.5999999999999996,10,84.821600000000004,28.224399999999999
5,10,85.200900000000004,27.672000000000001
5.5,10,85.750500000000002,27.882200000000001
5.0999999999999996,10,86.006100000000004,27.721900000000002
4.4000000000000004,10,86.023700000000005,27.417300000000001
4.4000000000000004,10,84.684299999999993,27.963999999999999
4.2000000000000002,10,85.368200000000002,28.029
4.2999999999999998,10,85.583699999999993,27.9482
4.9000000000000004,10,85.914000000000001,27.7879
4.7999999999999998,10,85.730699999999999,27.614999999999998
4.7000000000000002,10,85.679100000000005,27.881799999999998
4,10,85.340500000000006,27.757400000000001
4.2000000000000002,10,85.847800000000007,27.885400000000001
4.4000000000000004,10,85.892399999999995,27.805299999999999
4.2999999999999998,10,84.991799999999998,27.6891
4.2999999999999998,10,85.609899999999996,27.9633
4.5,10,85.738299999999995,27.682099999999998
5,10,85.595500000000001,27.8172
4.4000000000000004,10,85.487499999999997,27.846
4.4000000000000004,10,85.767600000000002,27.842600000000001
4.5999999999999996,10,85.794300000000007,27.813199999999998
4.9000000000000004,10,85.756299999999996,27.7014
4.7000000000000002,10,85.793099999999995,27.854900000000001
4.9000000000000004,10,85.159999999999997,27.642900000000001
4.5999999999999996,10,85.566599999999994,27.816600000000001
5,10,84.621799999999993,27.935099999999998
4.5999999999999996,10,85.953900000000004,27.6708
4.2000000000000002,10,85.172700000000006,27.729199999999999
4.4000000000000004,10,84.889300000000006,27.740400000000001
5.2999999999999998,10,85.505799999999994,27.586600000000001
4.4000000000000004,10,85.071799999999996,27.808399999999999
4.7999999999999998,10,85.342600000000004,27.874300000000002
5.7000000000000002,10,87.317300000000003,28.3902
4.7000000000000002,10,85.750299999999996,27.719200000000001
4.4000000000000004,10,85.310400000000001,28.0061
4.9000000000000004,10,85.520899999999997,27.994499999999999
4.4000000000000004,10,84.884200000000007,28.066800000000001
4,10,85.725499999999997,27.532599999999999
4.2000000000000002,10,84.725499999999997,28.283799999999999
4.4000000000000004,10,85.8035,27.799900000000001
4.0999999999999996,10,85.8322,27.770399999999999
4.7999999999999998,10,85.956500000000005,27.603300000000001
4.2000000000000002,10,84.623699999999999,28.1447
4,10,85.630399999999995,27.5075
4.5999999999999996,10,85.884200000000007,27.806100000000001
4.2000000000000002,10,85.5471,27.933
4,10,86.0505,27.6021
4.4000000000000004,10,86.005799999999994,27.4923
4.5,10,85.430899999999994,27.648299999999999
4.2000000000000002,10,85.056600000000003,28.0596
4.2000000000000002,10,85.9255,27.863800000000001
4.2999999999999998,10,85.895399999999995,27.6645
4.5,10,85.448999999999998,27.926100000000002
4,10,86.095200000000006,27.484400000000001
5.2000000000000002,10,84.559399999999997,28.097899999999999
4.2999999999999998,10,85.790899999999993,27.805499999999999
4.5999999999999996,10,85.037800000000004,28.076799999999999
4.7000000000000002,10,85.982600000000005,27.726600000000001
4.5999999999999996,10,85.874799999999993,27.710899999999999
4.9000000000000004,10,85.635900000000007,27.869499999999999
5.0999999999999996,10,85.828999999999994,28.238
4.5,35.259999999999998,86.107200000000006,28.213899999999999
4.2000000000000002,14.199999999999999,85.350099999999998,27.637599999999999
4.4000000000000004,10,84.528199999999998,27.9754
4.4000000000000004,10,85.924099999999996,27.643699999999999
4.5999999999999996,23.879999999999999,85.811400000000006,27.765699999999999
4,9.2100000000000009,86.087299999999999,27.6038
5.0999999999999996,13.609999999999999,84.871499999999997,27.799299999999999
4.5,15.68,86.072599999999994,27.6678
4.0999999999999996,6.5700000000000003,85.835400000000007,27.6098
4.2000000000000002,10,85.442400000000006,27.593599999999999
4.0999999999999996,10,86.053100000000001,27.625699999999998
4.5,10,84.585800000000006,28.2272
4.2999999999999998,10,85.562399999999997,27.469000000000001
4,10,84.669899999999998,28.1724
4.0999999999999996,10,85.359499999999997,28.028099999999998
4.5,10,84.708200000000005,27.996600000000001
6.7000000000000002,22.91,86.017300000000006,27.771100000000001
4.9000000000000004,10,85.913600000000002,27.700399999999998
4.7000000000000002,10,85.982200000000006,27.755500000000001
4.2999999999999998,10,85.9863,27.0336
4.2000000000000002,10,86.007800000000003,27.732500000000002
4.2999999999999998,10,85.781000000000006,27.807200000000002
4.4000000000000004,10,85.844899999999996,28.011900000000001
4.5999999999999996,10,85.853999999999999,27.730699999999999
4.4000000000000004,10,85.803200000000004,27.923200000000001
4.2999999999999998,10,85.937100000000001,27.4422
4,8.4199999999999999,85.7179,27.568300000000001
4.5,10,85.408799999999999,27.811199999999999
4.5,10,85.965699999999998,27.686
4.2999999999999998,10,84.6464,28.122299999999999
5,14,85.864999999999995,27.829699999999999
4.2000000000000002,10,85.368600000000001,27.757899999999999
4.4000000000000004,10,84.764499999999998,27.988800000000001
4.2999999999999998,10,85.781300000000002,27.880400000000002
4.5999999999999996,10,85.6751,27.529800000000002
4.0999999999999996,10,84.957899999999995,27.679400000000001
4.2999999999999998,10,85.781800000000004,27.456499999999998
4.0999999999999996,10,84.725099999999998,27.935199999999998
4,10,86.137299999999996,27.834700000000002
5.0999999999999996,31.710000000000001,88.055000000000007,26.8644
4.2999999999999998,19.52,84.582899999999995,28.023099999999999
4.2999999999999998,10,85.608500000000006,27.680199999999999
4,10,85.885499999999993,27.8065
4.2999999999999998,10,85.121200000000002,27.672799999999999
4.7999999999999998,21.350000000000001,84.682000000000002,28.006599999999999
4.2000000000000002,10,85.787700000000001,27.841000000000001
4.2000000000000002,10,85.2821,27.964099999999998
4.0999999999999996,10,85.881699999999995,27.957699999999999
4.2000000000000002,10,84.563999999999993,27.744900000000001
4.5999999999999996,10,85.408600000000007,27.864000000000001
4.0999999999999996,18.760000000000002,84.676000000000002,28.0838
4.4000000000000004,10,85.703100000000006,27.867699999999999
4.5,10,87.231899999999996,28.329999999999998
4.2999999999999998,10,84.666399999999996,27.9057
4,10,86.239699999999999,28.530100000000001
4.0999999999999996,10,84.632900000000006,27.724900000000002
4,10,85.575900000000004,27.607199999999999
4,10,85.177499999999995,27.380199999999999
4,10,85.904200000000003,27.775099999999998
4,10,85.353200000000001,27.7972
4.9000000000000004,10,84.657600000000002,28.314299999999999
4.2000000000000002,10,85.369,27.917100000000001
4.2999999999999998,10,85.949399999999997,27.654499999999999
4.2999999999999998,10,85.932400000000001,27.639500000000002
4,10,84.600499999999997,27.766500000000001
4.2999999999999998,10,84.933099999999996,27.6999
4.2000000000000002,10,85.879099999999994,27.7349
4.5,10,85.974599999999995,27.6326
4,10,86.170400000000001,27.925999999999998
4.0999999999999996,10,86.009699999999995,27.7864
4.2000000000000002,10,85.903599999999997,27.814699999999998
4.0999999999999996,10,85.986699999999999,27.7226
4.0999999999999996,10,85.953500000000005,27.696200000000001
4.9000000000000004,11.56,85.978999999999999,27.6418
4.2000000000000002,10,85.959100000000007,27.866800000000001
4,10,85.025899999999993,27.9634
4,10,86.001000000000005,27.7776
4.2999999999999998,10,85.585800000000006,27.448499999999999
4,10,85.826999999999998,28.007100000000001
4.2999999999999998,10,85.936599999999999,27.932600000000001
4.2999999999999998,10,85.789000000000001,27.758900000000001
7.2999999999999998,15,86.0655,27.808700000000002
5.5,13.01,86.217699999999994,27.714099999999998
4.9000000000000004,10,86.236900000000006,27.307300000000001
4.7999999999999998,10,86.233800000000002,27.579599999999999
5,10,86.256600000000006,27.558900000000001
4.0999999999999996,10,86.009900000000002,27.747699999999998
5.4000000000000004,10,86.244900000000001,27.745799999999999
6.2999999999999998,15,86.161699999999996,27.625
4.9000000000000004,11.77,86.238699999999994,27.652100000000001
4.9000000000000004,10,86.039000000000001,27.5579
4.9000000000000004,10,86.257599999999996,27.7224
4.5,10,86.555400000000006,27.735099999999999
4.2000000000000002,10,86.1387,27.919799999999999
5,15,86.016099999999994,27.722100000000001
4.2999999999999998,10,85.730599999999995,27.465399999999999
5.0999999999999996,15,85.757400000000004,27.762899999999998
5.2000000000000002,15,86.131600000000006,27.729800000000001
4.7999999999999998,10,86.069199999999995,27.7486
4.2999999999999998,16.34,86.014300000000006,28.1877
4.4000000000000004,10,86.210800000000006,27.7042
4,10,86.010000000000005,27.743099999999998
4.2999999999999998,10,86.213800000000006,27.646899999999999
4,10,86.335800000000006,28.008400000000002
4.5,10,86.194999999999993,27.7729
4.5999999999999996,10,86.0672,27.7318
4.5,10,86.250500000000002,27.665800000000001
4.2000000000000002,10,85.930099999999996,27.761700000000001
4.2999999999999998,10,86.173400000000001,27.717199999999998
4.4000000000000004,10.01,85.915800000000004,27.689599999999999
4.5,10,86.084900000000005,27.660599999999999
4.5999999999999996,10,86.404399999999995,27.7987
4.5,10,86.274600000000007,27.716000000000001
4,10,86.340500000000006,27.476500000000001
4,10,86.198999999999998,27.730499999999999
4.2000000000000002,10,86.203299999999999,27.641400000000001
4.0999999999999996,10,85.981999999999999,27.8202
4.4000000000000004,10,86.136899999999997,27.683800000000002
4.2999999999999998,10,85.901799999999994,27.6936
4.5,10,85.993099999999998,27.6751
4,10,85.806200000000004,27.640599999999999
4.4000000000000004,10,85.989599999999996,27.613199999999999
4.0999999999999996,10.609999999999999,85.951099999999997,27.872800000000002
4.2000000000000002,7.9000000000000004,86.163200000000003,27.651599999999998
4.4000000000000004,10,85.901600000000002,27.746099999999998
4.4000000000000004,10,85.897499999999994,27.732099999999999
4.5,10,86.265900000000002,27.601299999999998
4.4000000000000004,10,86.260199999999998,27.721
4.2000000000000002,10,86.080799999999996,27.7866
4.4000000000000004,10,86.2971,27.648499999999999
4,10,86.221100000000007,27.741099999999999
4,10,86.230699999999999,27.617000000000001
4.4000000000000004,6.54,85.941800000000001,27.712
4.7999999999999998,10,86.126599999999996,27.498899999999999
4,15.68,86.251400000000004,27.716999999999999
4.0999999999999996,11.23,86.293999999999997,27.645600000000002
4.2999999999999998,10.93,86.1584,27.6432
4.5,8.5199999999999996,86.130799999999994,27.686800000000002
4.2999999999999998,13.35,85.141300000000001,27.585799999999999
4,5.3600000000000003,86.238900000000001,27.915199999999999
5.2000000000000002,10,84.638400000000004,27.783000000000001
4,10,86.003399999999999,27.8032
4.0999999999999996,10,86.231499999999997,27.669499999999999
4.0999999999999996,10,86.329899999999995,27.6248
4.7000000000000002,10,86.155699999999996,27.6539
4.5,10,86.137900000000002,27.758199999999999
4.7999999999999998,10,86.189099999999996,27.720099999999999
4.2000000000000002,10,86.308400000000006,27.7666
4.2000000000000002,10,86.037999999999997,27.801400000000001
5,8.3800000000000008,86.050299999999993,27.719899999999999
4.4000000000000004,10,86.151499999999999,27.671299999999999
4.9000000000000004,10,84.749899999999997,27.971900000000002
4.0999999999999996,10,84.518699999999995,28.007400000000001
4.7000000000000002,10,85.712999999999994,27.6386
4.2000000000000002,10,85.165300000000002,27.475100000000001
5.5,7,86.073400000000007,27.560300000000002
4.0999999999999996,10,84.697800000000001,28.009399999999999
4.4000000000000004,10,85.951400000000007,27.680399999999999
4.2999999999999998,10,85.823899999999995,27.5777
4.0999999999999996,10,84.699700000000007,27.9438
4.4000000000000004,10,85.892499999999998,27.5867
4.2000000000000002,10,85.867999999999995,27.772200000000002
4.5999999999999996,10,85.048299999999998,27.3231
4,10,85.209000000000003,27.817299999999999
4.7000000000000002,10,84.967100000000002,27.955500000000001
4.2999999999999998,10,86.051100000000005,27.543800000000001
4.0999999999999996,10,85.693600000000004,27.663499999999999
4.2999999999999998,10,81.688800000000001,29.804200000000002
4.4000000000000004,10,84.673400000000001,28.027100000000001
4.2999999999999998,42.439999999999998,87.241100000000003,28.5718
4.5999999999999996,10,85.100499999999997,28.233799999999999
4,10,84.663499999999999,27.325600000000001
4.4000000000000004,10,84.715999999999994,27.402899999999999
4.0999999999999996,10,84.971699999999998,28.252800000000001
4,10,84.643500000000003,28.092300000000002
4.7999999999999998,10,84.781899999999993,27.979800000000001
4.2999999999999998,10,84.926299999999998,27.880199999999999
4,10,86.095299999999995,28.010999999999999
4.2000000000000002,10,85.532799999999995,27.973400000000002
4.2000000000000002,10,85.795900000000003,27.895499999999998
4.7999999999999998,24.489999999999998,85.583600000000004,27.832100000000001
4.4000000000000004,10.32,84.693700000000007,28.114999999999998
4,10,86.037899999999993,27.770499999999998
4.7999999999999998,10,86.070899999999995,27.6326
4.0999999999999996,10,85.752899999999997,28.176300000000001
4,5.7000000000000002,85.294399999999996,27.738099999999999
4.2999999999999998,10,85.498099999999994,27.942599999999999
4.2999999999999998,10,85.876599999999996,28.2774
4.7000000000000002,10,82.631900000000002,28.552299999999999
4.0999999999999996,10,86.029499999999999,27.805900000000001
4.2999999999999998,10,85.989800000000002,27.5413
4.7000000000000002,10,86.055999999999997,28.031600000000001
4,10,85.627899999999997,28.003
4.2999999999999998,10,85.752499999999998,27.4724
4.2000000000000002,10,85.571399999999997,27.983499999999999
4.5,3.3599999999999999,84.906400000000005,27.723600000000001
4.2000000000000002,10,85.688599999999994,27.936800000000002
4.2000000000000002,10,81.733000000000004,29.6068
4.2000000000000002,10,86.083600000000004,27.729700000000001
4,10,85.680800000000005,28.532
4.4000000000000004,34.280000000000001,87.663600000000002,28.747499999999999
4.0999999999999996,10,80.336799999999997,30.365200000000002
4.2000000000000002,10,84.804299999999998,28.2257
4.5999999999999996,10,86.085999999999999,27.569099999999999
4.4000000000000004,10,87.8566,27.375900000000001
4.7000000000000002,10,85.947299999999998,27.702300000000001
4.2000000000000002,10.44,86.132199999999997,27.906600000000001
5,10,86.079499999999996,27.8355
4,10.529999999999999,87.220200000000006,28.346599999999999
4.5,10,85.667299999999997,27.651900000000001
4.0999999999999996,16.02,86.281899999999993,27.683599999999998
4.2000000000000002,7.4800000000000004,86.189400000000006,27.587499999999999
4.4000000000000004,10,85.063299999999998,27.691500000000001
4.5999999999999996,35,80.373699999999999,29.995999999999999
4.4000000000000004,10,85.816199999999995,27.776900000000001
4.5,10,86.034300000000002,27.639500000000002
4.2999999999999998,10,86.158699999999996,27.770299999999999
4,10,86.147900000000007,27.747900000000001
4.2999999999999998,14.039999999999999,85.983800000000002,27.671199999999999
4.2000000000000002,34.700000000000003,84.881699999999995,27.877099999999999
4,10,86.339699999999993,28.899899999999999
4.9000000000000004,10,86.468999999999994,28.854399999999998
4.5,10,86.372900000000001,28.979600000000001
5,16.510000000000002,85.677599999999998,27.852499999999999
4.5999999999999996,8.1899999999999995,84.758700000000005,28.155200000000001
5.4000000000000004,10,81.6541,29.398499999999999
4.0999999999999996,10,81.420000000000002,29.191299999999998
4.4000000000000004,10,88.005399999999995,29.7043
4.0999999999999996,10,87.814499999999995,29.487300000000001
4.5,19.010000000000002,85.051500000000004,28.026900000000001
4.2000000000000002,24.649999999999999,87.8553,29.524799999999999
4.0999999999999996,10,87.956500000000005,29.4663
4.2000000000000002,10,84.232699999999994,29.663699999999999
4.0999999999999996,10,84.268500000000003,29.635300000000001
5.2000000000000002,23.530000000000001,85.337699999999998,27.8782
4.0999999999999996,21.149999999999999,85.629199999999997,27.7118
5.0999999999999996,16.719999999999999,84.694299999999998,27.9633
4.7000000000000002,10,85.736500000000007,27.8322
4.4000000000000004,10,84.820800000000006,27.830300000000001
4.2999999999999998,27.09,85.534000000000006,27.723400000000002
4.0999999999999996,10,85.548299999999998,27.816400000000002
4.2000000000000002,23.690000000000001,85.838300000000004,27.5381
4.0999999999999996,10.220000000000001,85.300200000000004,27.635400000000001
4.2999999999999998,10,86.062100000000001,27.606200000000001
4.0999999999999996,10,87.4392,28.343699999999998
4.2999999999999998,55.920000000000002,87.838099999999997,28.338100000000001
4.0999999999999996,25.809999999999999,87.934600000000003,29.637899999999998
4.2000000000000002,39.310000000000002,85.763099999999994,28.210000000000001
4.5,10.23,84.927700000000002,27.944800000000001
4.5,15.99,84.563900000000004,28.054500000000001
4,10,85.519099999999995,27.957999999999998
4.4000000000000004,22.109999999999999,85.363100000000003,27.860800000000001
4,10,87.352800000000002,28.281700000000001
4.5,6.9900000000000002,87.506699999999995,28.476700000000001
4,10.369999999999999,87.222700000000003,28.245699999999999
5.4000000000000004,9.3599999999999994,87.532600000000002,28.453800000000001
5.0999999999999996,4.4400000000000004,87.479600000000005,28.5654
4,10,87.355400000000003,28.385400000000001
4.2999999999999998,11.050000000000001,87.585300000000004,28.559899999999999
4.2000000000000002,10,87.490300000000005,28.4178
4.2999999999999998,10,85.089600000000004,27.704000000000001
4,10,87.482100000000003,28.455500000000001
4.5999999999999996,10,85.423699999999997,28.009699999999999
4.0999999999999996,10,84.492500000000007,27.933900000000001
4.7000000000000002,10,87.470399999999998,28.7638
4.5999999999999996,9.0299999999999994,81.130600000000001,29.555299999999999
4.4000000000000004,10,81.098399999999998,29.5139
4.2999999999999998,35,82.848799999999997,30.357099999999999
4.9000000000000004,35,82.675299999999993,30.2163
4.2000000000000002,25.199999999999999,85.474599999999995,27.819600000000001
4,10,85.9666,28.350000000000001
5.4000000000000004,10,86.531899999999993,27.801500000000001
5.2000000000000002,31.960000000000001,80.632099999999994,29.978999999999999
4.7000000000000002,10,83.730900000000005,30.494599999999998
4.7000000000000002,10,83.501900000000006,30.210699999999999
4.7000000000000002,11.23,86.078900000000004,27.425899999999999
4.5999999999999996,20.280000000000001,85.931899999999999,27.3706
4.2999999999999998,18.73,81.303399999999996,29.683599999999998
4.4000000000000004,8,86.016800000000003,29.2836
4.2000000000000002,10,88.171400000000006,27.326599999999999
4.7999999999999998,10,86.115899999999996,27.238399999999999
4.2999999999999998,27.699999999999999,81.641800000000003,28.8507
4.5,10,86.123699999999999,27.588100000000001
4.5999999999999996,10,81.155799999999999,29.3871
4.4000000000000004,10,86.767099999999999,30.018899999999999
4.5999999999999996,10,81.291799999999995,29.6127
4.5999999999999996,9.8300000000000001,87.435500000000005,30.264500000000002
4.2000000000000002,10,88.080600000000004,27.285599999999999
5,10,86.147099999999995,27.761800000000001
4.2000000000000002,10,87.819299999999998,30.385400000000001
4.2000000000000002,12.07,87.490700000000004,30.4816
4,10,87.379199999999997,30.319400000000002
4.9000000000000004,11.41,87.633899999999997,30.361999999999998
4,32.609999999999999,87.428200000000004,28.060400000000001
4.4000000000000004,4.6600000000000001,87.421000000000006,28.451699999999999
4.7000000000000002,10,81.677700000000002,29.6464
4.4000000000000004,38.299999999999997,87.504999999999995,26.9633
4.4000000000000004,52.909999999999997,87.813299999999998,27.1508
4.2000000000000002,10,87.527299999999997,30.394300000000001
4.7999999999999998,10,84.827200000000005,27.8919
4.2999999999999998,10,87.490499999999997,30.406199999999998
5.2000000000000002,10,87.602699999999999,30.349299999999999
4.4000000000000004,10,81.578900000000004,28.873999999999999
4.2999999999999998,10,81.479200000000006,28.709900000000001
4.5,11.42,87.630899999999997,30.217600000000001
4.7999999999999998,13.83,87.778300000000002,30.4664
4.7000000000000002,10,87.648300000000006,30.378900000000002
5,10,87.464699999999993,30.289100000000001
4.5,10,80.647199999999998,29.924800000000001
4.0999999999999996,10,87.836100000000002,30.488
4.0999999999999996,10,85.5548,27.776399999999999
5.7999999999999998,10,87.620000000000005,30.407900000000001
5,10,86.794600000000003,30.468399999999999
4.9000000000000004,10,87.454700000000003,30.1798
4.2000000000000002,10,87.424499999999995,30.2227
5.2000000000000002,9.8499999999999996,87.622900000000001,30.390799999999999
4.7000000000000002,9.9700000000000006,87.675399999999996,30.385899999999999
4.2999999999999998,10,86.920199999999994,27.257899999999999
4.0999999999999996,10,87.221599999999995,29.261099999999999
4.2000000000000002,10,87.269900000000007,29.291499999999999
4.0999999999999996,10,87.367999999999995,30.168199999999999
4.5,10,87.493799999999993,30.174199999999999
4,10,81.2864,29.519200000000001
4.7000000000000002,27.34,85.066699999999997,27.7651
4.2000000000000002,10,85.370900000000006,29.533000000000001
4.5,31.280000000000001,81.5715,28.868400000000001
4.7000000000000002,10,84.7453,27.948699999999999
4.5,10,86.342500000000001,27.646799999999999
4,49.390000000000001,81.405600000000007,29.574100000000001
4.7000000000000002,10,87.661000000000001,30.328800000000001
4.7999999999999998,10,87.568600000000004,30.334700000000002
4.5999999999999996,84.75,87.173000000000002,28.421700000000001
4.4000000000000004,10,83.327299999999994,28.432099999999998
4.5,10,86.447599999999994,28.901199999999999
4.5,10,80.741900000000001,29.690999999999999
4.5,18.23,84.3309,28.4605
4.4000000000000004,10,84.437100000000001,28.0869
4.4000000000000004,10,81.531899999999993,30.026
4.2999999999999998,10,80.292699999999996,30.065899999999999
5,10,81.143299999999996,29.322800000000001
4.4000000000000004,64.650000000000006,87.872799999999998,28.165800000000001
4.5999999999999996,10,85.821399999999997,27.7986
4.5999999999999996,15.1,84.288399999999996,30.496500000000001
4.2000000000000002,10,85.716800000000006,27.9194
4.4000000000000004,10,85.404899999999998,29.9815
4.2999999999999998,10,85.558700000000002,30.366399999999999
4.4000000000000004,10,81.704999999999998,29.4848
4.2999999999999998,10,81.592100000000002,29.484100000000002
4.2999999999999998,10,83.592299999999994,28.218399999999999
5.7000000000000002,10,87.308099999999996,28.589600000000001
4,10,87.219700000000003,28.610700000000001
4.9000000000000004,10,86.037800000000004,27.704599999999999
4.2999999999999998,10,84.878399999999999,27.889600000000002
4.2999999999999998,10,87.4178,30.478200000000001
4.5,10,87.503500000000003,30.3934
4.2999999999999998,10,80.929900000000004,29.556000000000001
4.4000000000000004,10,87.771500000000003,27.246400000000001
5.2999999999999998,10,85.876499999999993,27.846399999999999
4.2000000000000002,10,80.898799999999994,29.4069
4.0999999999999996,10,87.771299999999997,27.729900000000001
4.5,10,88.100200000000001,30.188400000000001
4.5,27.68,87.035799999999995,27.5457
4.4000000000000004,10,87.227099999999993,28.5808
4.0999999999999996,35,87.788799999999995,28.027999999999999
5,8.6999999999999993,87.361999999999995,28.822500000000002
4.5,29.41,84.013499999999993,28.803899999999999
5.0999999999999996,10,87.378500000000003,28.746300000000002
4.2999999999999998,35,87.856800000000007,28.033100000000001
4.0999999999999996,15.43,86.468999999999994,28.839700000000001
4.5999999999999996,10,86.369799999999998,30.148499999999999
4.0999999999999996,10,87.1751,30.3858
5.2999999999999998,10,84.337299999999999,28.278500000000001
4.9000000000000004,10,84.304199999999994,28.308800000000002
4.5,10,84.387600000000006,28.2544
4.5,10,86.375500000000002,28.968399999999999
4.2999999999999998,10,87.123999999999995,29.2822
4.4000000000000004,10,85.997799999999998,27.4834
4.5,10,86.111000000000004,27.693999999999999
4.0999999999999996,10,87.652799999999999,28.958200000000001
4.2999999999999998,10,85.800399999999996,27.901
4.2000000000000002,10,85.719300000000004,27.8507
4.7000000000000002,10,87.285200000000003,28.705200000000001
5,10,87.445499999999996,28.826699999999999
4.2000000000000002,41.259999999999998,87.582599999999999,28.8093
4,10,87.559200000000004,28.5625
4.5,10,80.344899999999996,29.9056
4.4000000000000004,10,82.807400000000001,27.830500000000001
4.0999999999999996,10,87.685400000000001,28.8094
4,10,80.354799999999997,29.9803
4.2000000000000002,10,86.531499999999994,28.808499999999999
4.9000000000000004,33.060000000000002,80.421899999999994,29.9682
4.2000000000000002,70.829999999999998,86.288799999999995,28.218599999999999
4.5999999999999996,10,83.824700000000007,28.374199999999998
4.2000000000000002,10,80.873599999999996,29.640499999999999
4.2999999999999998,10,85.582499999999996,27.896100000000001
5.0999999999999996,10,86.782700000000006,27.131599999999999
4.4000000000000004,10,84.9833,27.793600000000001
4.9000000000000004,10,81.196799999999996,28.061900000000001
4.9000000000000004,23.943000000000001,86.038600000000002,27.893999999999998
4.2000000000000002,22.199999999999999,86.036199999999994,27.8248
4.5,10,81.092100000000002,29.557300000000001
4.2000000000000002,10,86.670100000000005,28.9207
4.7000000000000002,10,81.1922,29.344799999999999
5.7000000000000002,11,81.159300000000002,29.291699999999999
4.4000000000000004,22.974,80.290300000000002,29.9803
4.2999999999999998,10,81.156400000000005,29.352
5.2000000000000002,10,81.177700000000002,29.3523
4.2000000000000002,10,83.0809,28.5471
4.5,10,83.101500000000001,28.4999
4,24.596,83.613699999999994,28.925999999999998
4.5999999999999996,18.597000000000001,83.155299999999997,28.489799999999999
5.4000000000000004,33.109999999999999,81.663799999999995,29.5825
4,60.902999999999999,88.000299999999996,27.986000000000001
4.7999999999999998,20.937000000000001,81.573700000000002,29.625399999999999
4.2999999999999998,10,81.126999999999995,29.735199999999999
4,10,87.304500000000004,28.3307
4.2000000000000002,30.882000000000001,81.828000000000003,29.6326
4.5,10,86.176100000000005,27.668500000000002
4.2999999999999998,68.028000000000006,86.714600000000004,28.658200000000001
4.5,10,81.530199999999994,29.572900000000001
5.0999999999999996,10,81.548299999999998,29.621200000000002
4.2999999999999998,42.645000000000003,86.624499999999998,28.902799999999999
4.2999999999999998,10,81.248400000000004,29.655100000000001
4.2999999999999998,27.16,81.577699999999993,29.710000000000001
4.2999999999999998,10,80.701300000000003,30.218299999999999
4.2999999999999998,79.495999999999995,87.151200000000003,28.288799999999998
4.9000000000000004,10,81.218800000000002,29.459
5.7000000000000002,13,81.242000000000004,29.497299999999999
4.7999999999999998,10,81.205100000000002,29.239699999999999
4.2000000000000002,10,81.109200000000001,29.307400000000001
4.7999999999999998,10,81.257000000000005,29.563700000000001
4.5,10,81.170599999999993,29.5106
4.4000000000000004,10,81.1691,29.523099999999999
4.2999999999999998,10,81.290400000000005,29.724499999999999
5,10,81.205500000000001,29.513300000000001
4.7999999999999998,10,81.180099999999996,29.5869
4.4000000000000004,10,81.212900000000005,29.572199999999999
4.2000000000000002,10,80.7774,30.092400000000001
4.5,10,81.356999999999999,29.668099999999999
5.2000000000000002,25.706,84.725200000000001,27.887899999999998
4,26.661000000000001,84.646000000000001,27.851900000000001
5.7000000000000002,12,82.153099999999995,28.858000000000001
4.0999999999999996,10,81.991200000000006,28.833200000000001
4,10,82.272800000000004,28.975999999999999
5.2999999999999998,10,82.065200000000004,28.856400000000001
4.4000000000000004,10,81.170699999999997,29.522400000000001
4.7000000000000002,74.707999999999998,87.785200000000003,28.679500000000001
4.4000000000000004,70.466999999999999,87.838800000000006,27.811699999999998
4.5999999999999996,22.321999999999999,85.799000000000007,27.727
4.0999999999999996,10,86.423699999999997,28.0794
4.5,10,86.380600000000001,28.0886
4.2000000000000002,10,86.611599999999996,27.9221
4.2999999999999998,22.599,81.125299999999996,29.521999999999998
4.4000000000000004,89.465999999999994,88.092100000000002,29.6188
4.2000000000000002,10,80.661299999999997,30.404499999999999
4.2999999999999998,26.184000000000001,81.006799999999998,29.738099999999999
4.0999999999999996,14.586,86.789100000000005,29.736799999999999
4.5,10,86.981200000000001,30.0913
4.4000000000000004,10,86.958799999999997,29.866800000000001
4.2999999999999998,10,87.050200000000004,29.921600000000002
4.5,35,88.193700000000007,27.1586
4.0999999999999996,10,84.347499999999997,28.634699999999999
4.4000000000000004,13.48,82.189300000000003,29.956299999999999
4,10,86.798900000000003,27.3416
4,35,80.329499999999996,30.284400000000002
4.4000000000000004,20.081,81.388300000000001,29.831
4.2999999999999998,10,84.103700000000003,28.583300000000001
5,10,81.609899999999996,29.4923
4.2000000000000002,10,87.051400000000001,28.296199999999999
4,10,86.715699999999998,28.371600000000001
4.0999999999999996,10,80.978399999999993,29.3582
4.2000000000000002,10,87.218699999999998,28.9374
7.0999999999999996,10,87.378100000000003,28.6036
5.4000000000000004,10,87.196799999999996,28.753699999999998
5.2000000000000002,10,87.134299999999996,28.805700000000002
5.2000000000000002,10,87.465900000000005,28.4421
5.2000000000000002,10,87.355999999999995,28.528199999999998
4.7000000000000002,10,87.1798,28.3398
4.5999999999999996,10,87.426599999999993,28.5411
4.5,10,87.138099999999994,28.514700000000001
4.2000000000000002,10,87.476699999999994,28.721900000000002
4.2999999999999998,10,87.236699999999999,28.796399999999998
5,10,87.457499999999996,28.484500000000001
4.9000000000000004,10,87.608000000000004,28.805299999999999
4.2000000000000002,10,87.443600000000004,28.717400000000001
5,10,87.232100000000003,28.796900000000001
4.9000000000000004,10,87.263300000000001,28.388500000000001
4.5999999999999996,10,87.346500000000006,28.779
4.5,10,87.310100000000006,28.747699999999998
4.0999999999999996,10,87.221199999999996,28.615500000000001
4.2000000000000002,10,87.248199999999997,28.7346
4.2999999999999998,10,87.281300000000002,28.6661
4,10,87.157899999999998,28.266500000000001
4.5,10,87.113399999999999,28.3017
4.2000000000000002,10,87.287800000000004,28.4666
4.4000000000000004,10,87.388099999999994,28.567699999999999
4.2000000000000002,10,87.234200000000001,28.669799999999999
4.2000000000000002,10,87.505799999999994,29.015699999999999
4.4000000000000004,10,87.216300000000004,28.893799999999999
4.2999999999999998,10,87.226600000000005,28.7212
4.4000000000000004,10,87.362200000000001,29.0441
4.4000000000000004,10,87.4268,28.908000000000001
4.5,10,87.320700000000002,28.655799999999999
4.2000000000000002,10,87.500600000000006,28.929600000000001
4.2000000000000002,10,87.292500000000004,28.6419
4,10,87.3172,28.700600000000001
4.0999999999999996,10,87.145200000000003,28.635000000000002
4.0999999999999996,10,87.154300000000006,28.195699999999999
4.5999999999999996,10,87.581400000000002,28.8918
4,10,87.467100000000002,28.477900000000002
4.4000000000000004,10,87.450500000000005,28.5853
4.2000000000000002,10,87.223299999999995,28.283899999999999
4.0999999999999996,10,87.518799999999999,28.749099999999999
4.5999999999999996,10,87.214799999999997,28.599299999999999
4.2999999999999998,10,87.334999999999994,28.5578
4.0999999999999996,10,87.329300000000003,28.808499999999999
4.2999999999999998,10,87.267399999999995,28.613700000000001
4.5,10,87.343699999999998,28.710799999999999
4.0999999999999996,10,87.233999999999995,28.753
4.0999999999999996,10,87.388499999999993,28.2681
4.2000000000000002,10,87.296700000000001,28.3995
5,10,87.364800000000002,28.4359
4.2000000000000002,10,87.4953,28.9617
4.2000000000000002,10,87.261799999999994,28.1006
4.2000000000000002,10,87.283799999999999,28.517700000000001
4,10,87.173599999999993,28.515499999999999
4.4000000000000004,10,87.360100000000003,28.476900000000001
4.4000000000000004,10,87.246799999999993,28.590800000000002
4.2999999999999998,10,87.354500000000002,28.359100000000002
4.2999999999999998,10,87.141199999999998,28.3706
4.0999999999999996,10,87.004099999999994,28.233000000000001
4.5,10,87.442700000000002,28.662199999999999
5,10,87.307900000000004,28.405000000000001
5.0999999999999996,10,87.405799999999999,28.4815
4.2999999999999998,10,87.332300000000004,28.460699999999999
4.2999999999999998,10,87.2761,28.4558
4.5999999999999996,10,87.168999999999997,28.424700000000001
4.4000000000000004,10,87.419499999999999,29.0382
4.0999999999999996,10,87.439099999999996,29.137799999999999
4.9000000000000004,10,87.409499999999994,28.777699999999999
4,10,87.541300000000007,29.152899999999999
4.7999999999999998,10,87.604600000000005,28.432300000000001
4.5999999999999996,10,87.469099999999997,28.6435
4.5,10,87.548100000000005,28.352699999999999
4.4000000000000004,10,87.501000000000005,28.421600000000002
5,10,87.565100000000001,28.3855
4.7999999999999998,10,87.488,28.352499999999999
4.2000000000000002,10,87.626800000000003,28.674499999999998
4.5999999999999996,10,87.521799999999999,28.863199999999999
4.7999999999999998,10,87.458799999999997,28.6098
4.2000000000000002,10,87.238299999999995,28.6434
4.2999999999999998,10,86.349000000000004,29.159500000000001
4,10,87.4589,28.071400000000001
4.2999999999999998,10,87.274299999999997,28.055299999999999
4.7999999999999998,10,87.465800000000002,28.9741
4.9000000000000004,10,87.462100000000007,28.4908
5.5999999999999996,10,85.923199999999994,27.8626
4.2999999999999998,10,87.521500000000003,28.421900000000001
5.0999999999999996,10,87.551599999999993,28.5716
4.0999999999999996,10,87.711299999999994,28.414899999999999
4,10,87.423400000000001,28.641300000000001
4.4000000000000004,17.309999999999999,83.884,28.109999999999999
4.0999999999999996,10,87.143799999999999,29.2287
4.2999999999999998,10,87.625500000000002,29.011099999999999
4.4000000000000004,10,86.5548,28.765899999999998
4.2999999999999998,10,81.519000000000005,29.4072
4.2999999999999998,27.327000000000002,87.134600000000006,28.460000000000001
4.9000000000000004,10,82.0167,28.962399999999999
4.4000000000000004,35,87.436800000000005,28.883099999999999
4.0999999999999996,10,86.626199999999997,29.004000000000001
4.2999999999999998,10,87.274600000000007,28.556999999999999
4.2000000000000002,10,88.0672,28.257999999999999
4.2000000000000002,2.847,86.987399999999994,29.1891
