Year,latitude,longitude,depth,magnitude,Region
2022,33.283200000000001,70.560699999999997,41.200000000000003,4.7999999999999998,PAKISTAN
2022,30.146000000000001,72.595500000000001,15.300000000000001,4.2000000000000002,PAKISTAN
2022,25.152699999999999,63.548900000000003,10,5.5999999999999996,SOUTHWESTERN PAKISTAN
2022,26.9542,66.272499999999994,10,5.2000000000000002,PAKISTAN
2022,25.147300000000001,63.437600000000003,10,5.0999999999999996,SOUTHWESTERN PAKISTAN
2022,28.467600000000001,64.349999999999994,10,5.0999999999999996,SOUTHWESTERN PAKISTAN
2022,25.464400000000001,62.447299999999998,10,4.7000000000000002,SOUTHWESTERN PAKISTAN
2022,29.078600000000002,69.521699999999996,10,4.5999999999999996,PAKISTAN
2022,32.998600000000003,69.518100000000004,10,4.5,PAKISTAN
2022,26.216000000000001,67.554400000000001,10,4.4000000000000004,PAKISTAN
2022,26.8918,67.468900000000005,10,4.2999999999999998,PAKISTAN
2022,32.583300000000001,69.064800000000005,10,4.2999999999999998,PAKISTAN
2022,32.82,73.423000000000002,10,4.2000000000000002,PAKISTAN
2022,29.594100000000001,68.900400000000005,10,4.0999999999999996,PAKISTAN
2022,32.735399999999998,69.232399999999998,10,4,PAKISTAN
2022,28.990300000000001,66.369699999999995,9.4000000000000004,4.5999999999999996,PAKISTAN
2021,32.164900000000003,69.860500000000002,48.700000000000003,4.5,PAKISTAN
2021,34.679600000000001,73.205399999999997,44.100000000000001,4.9000000000000004,PAKISTAN
2021,27.8125,66.159599999999998,34.799999999999997,4.2999999999999998,PAKISTAN
2021,33.531700000000001,71.568700000000007,33.200000000000003,4.7000000000000002,PAKISTAN
2021,29.347200000000001,69.644800000000004,32.200000000000003,4.4000000000000004,PAKISTAN
2021,30.119800000000001,69.312399999999997,32,4.7000000000000002,PAKISTAN
2021,34.616599999999998,73.130799999999994,29.199999999999999,4.5,PAKISTAN
2021,31.730799999999999,69.789699999999996,28.899999999999999,4.4000000000000004,PAKISTAN
2021,27.677399999999999,66.009100000000004,26.300000000000001,4.2000000000000002,PAKISTAN
2021,30.1647,70.324600000000004,25.199999999999999,4.4000000000000004,PAKISTAN
2021,29.9239,68.286799999999999,21.899999999999999,4.4000000000000004,PAKISTAN
2021,29.3261,70.048400000000001,10,5.2000000000000002,PAKISTAN
2021,24.225100000000001,68.432900000000004,10,4.9000000000000004,INDIA-PAKISTAN BORDER REGION
2021,30.219100000000001,69.749799999999993,10,4.7999999999999998,PAKISTAN
2021,27.946400000000001,66.496700000000004,10,4.7999999999999998,PAKISTAN
2021,33.266399999999997,72.215800000000002,10,4.7000000000000002,PAKISTAN
2021,30.073399999999999,66.278899999999993,10,4.7000000000000002,PAKISTAN
2021,30.340599999999998,67.424700000000001,10,4.5999999999999996,PAKISTAN
2021,30.0779,68.033900000000003,10,4.5999999999999996,PAKISTAN
2021,30.0547,67.936899999999994,10,4.5,PAKISTAN
2021,29.857099999999999,69.895499999999998,10,4.4000000000000004,PAKISTAN
2021,24.037299999999998,64.979200000000006,10,4.4000000000000004,OFF COAST OF PAKISTAN
2021,27.7941,64.692499999999995,10,4.4000000000000004,SOUTHWESTERN PAKISTAN
2021,24.602499999999999,62.340499999999999,10,4.2999999999999998,OFF COAST OF PAKISTAN
2021,30.479800000000001,69.927899999999994,10,4.2999999999999998,PAKISTAN
2021,28.3413,67.268199999999993,10,4.2999999999999998,PAKISTAN
2021,34.919400000000003,72.119799999999998,10,4.2000000000000002,PAKISTAN
2021,28.361799999999999,65.833200000000005,10,4.2000000000000002,PAKISTAN
2021,27.296700000000001,65.743399999999994,10,4.2000000000000002,PAKISTAN
2021,30.0625,66.293700000000001,10,4.2000000000000002,PAKISTAN
2021,25.4846,67.823700000000002,10,4.0999999999999996,PAKISTAN
2021,29.7501,69.928799999999995,10,4.0999999999999996,PAKISTAN
2021,23.7897,65.373699999999999,10,4.0999999999999996,OFF COAST OF PAKISTAN
2021,27.9711,66.551400000000001,10,4.0999999999999996,PAKISTAN
2021,24.990200000000002,67.566800000000001,10,3.8999999999999999,PAKISTAN
2021,31.973199999999999,72.256699999999995,10,3.3999999999999999,PAKISTAN
2021,30.1936,67.995699999999999,9,5.9000000000000004,PAKISTAN
2020,34.659700000000001,74.275499999999994,51.399999999999999,4.5999999999999996,SOUTHWESTERN KASHMIR
2020,30.043099999999999,69.552599999999998,36.100000000000001,4.0999999999999996,PAKISTAN
2020,29.977499999999999,69.571399999999997,35,4.0999999999999996,PAKISTAN
2020,33.257100000000001,73.588300000000004,34.299999999999997,4.5,PAKISTAN
2020,33.359999999999999,72.752899999999997,28.699999999999999,4.5,PAKISTAN
2020,27.7651,66.078000000000003,28.5,4.5999999999999996,PAKISTAN
2020,29.798100000000002,68.309399999999997,26.199999999999999,4.7999999999999998,PAKISTAN
2020,29.594899999999999,67.561400000000006,19.199999999999999,4.2999999999999998,PAKISTAN
2020,29.3811,67.700000000000003,16.300000000000001,4.2999999999999998,PAKISTAN
2020,28.029199999999999,65.963300000000004,14.300000000000001,5.5999999999999996,PAKISTAN
2020,28.083600000000001,65.938000000000002,13.4,4.2000000000000002,PAKISTAN
2020,30.363800000000001,67.4589,12.1,5.5,PAKISTAN
2020,35.013399999999997,74.459699999999998,10,5.0999999999999996,NORTHWESTERN KASHMIR
2020,34.750900000000001,73.007800000000003,10,4.9000000000000004,PAKISTAN
2020,25.498999999999999,63.1389,10,4.9000000000000004,SOUTHWESTERN PAKISTAN
2020,26.196300000000001,66.501400000000004,10,4.7999999999999998,PAKISTAN
2020,24.312799999999999,63.592500000000001,10,4.7000000000000002,OFF COAST OF PAKISTAN
2020,25.988299999999999,62.283799999999999,10,4.7000000000000002,SOUTHWESTERN PAKISTAN
2020,26.192900000000002,66.209500000000006,10,4.5999999999999996,PAKISTAN
2020,25.003799999999998,64.347499999999997,10,4.5999999999999996,SOUTHWESTERN PAKISTAN
2020,25.128499999999999,66.594999999999999,10,4.5,PAKISTAN
2020,34.0837,74.794700000000006,10,4.4000000000000004,SOUTHWESTERN KASHMIR
2020,24.024000000000001,65.526499999999999,10,4.4000000000000004,OFF COAST OF PAKISTAN
2020,33.076000000000001,73.6571,10,4.2999999999999998,PAKISTAN
2020,31.0091,69.910399999999996,10,4.2999999999999998,PAKISTAN
2020,33.866,74.926599999999993,10,4.2000000000000002,SOUTHWESTERN KASHMIR
2020,30.231200000000001,70.085899999999995,10,4.2000000000000002,PAKISTAN
2020,27.9727,65.973799999999997,10,4.2000000000000002,PAKISTAN
2020,33.055700000000002,73.615600000000001,10,4.0999999999999996,PAKISTAN
2020,32.856200000000001,73.759200000000007,10,4.0999999999999996,PAKISTAN
2020,29.399899999999999,68.798199999999994,10,4,PAKISTAN
2020,29.3551,70.069900000000004,10,4,PAKISTAN
2020,27.4084,67.578800000000001,10,4,PAKISTAN
2019,33.580599999999997,71.629800000000003,48.700000000000003,4.4000000000000004,PAKISTAN
2019,32.8536,73.647800000000004,43.899999999999999,4.7000000000000002,PAKISTAN
2019,31.073499999999999,70.065299999999993,37.600000000000001,4.5999999999999996,PAKISTAN
2019,35.111499999999999,74.123800000000003,35,4.5,NORTHWESTERN KASHMIR
2019,32.772799999999997,71.236400000000003,35,4.2000000000000002,PAKISTAN
2019,34.671100000000003,72.906499999999994,30.699999999999999,5.2000000000000002,PAKISTAN
2019,34.622599999999998,72.285200000000003,29.899999999999999,4.5999999999999996,PAKISTAN
2019,31.9269,68.962400000000002,28.899999999999999,4.4000000000000004,PAKISTAN
2019,27.818300000000001,65.820099999999996,26.5,4.7000000000000002,PAKISTAN
2019,26.7014,67.4983,24.5,4.5,PAKISTAN
2019,30.959099999999999,70.113100000000003,24,4.2000000000000002,PAKISTAN
2019,35.103000000000002,74.169399999999996,20.699999999999999,5.2000000000000002,NORTHWESTERN KASHMIR
2019,28.833600000000001,67.409599999999998,16.5,4.5,PAKISTAN
2019,28.856300000000001,65.074700000000007,12.199999999999999,4.2999999999999998,PAKISTAN
2019,33.106200000000001,73.765500000000003,10,5.5999999999999996,PAKISTAN
2019,29.720600000000001,67.427099999999996,10,5,PAKISTAN
2019,30.973199999999999,70.057500000000005,10,4.9000000000000004,PAKISTAN
2019,33.160600000000002,73.729399999999998,10,4.7000000000000002,PAKISTAN
2019,23.8628,64.465299999999999,10,4.7000000000000002,OFF COAST OF PAKISTAN
2019,24.9861,62.943399999999997,10,4.5,OFF COAST OF PAKISTAN
2019,25.552299999999999,67.823899999999995,10,4.5,PAKISTAN
2019,30.7239,70.297799999999995,10,4.5,PAKISTAN
2019,29.901900000000001,68.000399999999999,10,4.4000000000000004,PAKISTAN
2019,28.481300000000001,69.519199999999998,10,4.4000000000000004,PAKISTAN
2019,27.535499999999999,66.063400000000001,10,4.2999999999999998,PAKISTAN
2019,33.993699999999997,71.756100000000004,10,4.2000000000000002,PAKISTAN
2019,28.392900000000001,69.061800000000005,10,4.2000000000000002,PAKISTAN
2019,31.482700000000001,70.042199999999994,10,4.0999999999999996,PAKISTAN
2019,35.010899999999999,74.208699999999993,10,4,NORTHWESTERN KASHMIR
2019,33.992199999999997,72.567099999999996,10,3.8999999999999999,PAKISTAN
2019,32.980699999999999,73.646600000000007,10,3.7000000000000002,PAKISTAN
2019,32.890599999999999,73.662400000000005,10,3.6000000000000001,PAKISTAN
2019,33.073,73.811499999999995,10,3.6000000000000001,PAKISTAN
2019,32.955599999999997,73.560000000000002,10,3.2999999999999998,PAKISTAN
2018,31.4085,74.056200000000004,59.100000000000001,3.8999999999999999,INDIA-PAKISTAN BORDER REGION
2018,32.175400000000003,69.695300000000003,47,4,PAKISTAN
2018,34.362299999999998,73.996799999999993,43.799999999999997,4.2000000000000002,PAKISTAN
2018,33.222900000000003,70.456800000000001,40.899999999999999,5.0999999999999996,PAKISTAN
2018,34.2911,74.078900000000004,40.100000000000001,4.5,SOUTHWESTERN KASHMIR
2018,33.808300000000003,72.662700000000001,38.100000000000001,3.7999999999999998,PAKISTAN
2018,27.407699999999998,65.669300000000007,26.899999999999999,4.5,PAKISTAN
2018,29.927299999999999,70.268100000000004,25.100000000000001,4.0999999999999996,PAKISTAN
2018,30.270099999999999,66.544300000000007,24.899999999999999,4.0999999999999996,PAKISTAN
2018,29.389299999999999,68.106200000000001,22.5,4.2999999999999998,PAKISTAN
2018,30.0593,70.381600000000006,20.899999999999999,4.0999999999999996,PAKISTAN
2018,29.354600000000001,69.963200000000001,17.399999999999999,4.4000000000000004,PAKISTAN
2018,23.743099999999998,63.956299999999999,15.699999999999999,4.2999999999999998,OFF COAST OF PAKISTAN
2018,30.0778,70.208500000000001,10,5.2000000000000002,PAKISTAN
2018,25.0779,62.904800000000002,10,4.9000000000000004,SOUTHWESTERN PAKISTAN
2018,29.995899999999999,67.715500000000006,10,4.7000000000000002,PAKISTAN
2018,30.049800000000001,69.869900000000001,10,4.7000000000000002,PAKISTAN
2018,27.2621,65.655699999999996,10,4.5999999999999996,PAKISTAN
2018,25.049399999999999,63.173299999999998,10,4.5,SOUTHWESTERN PAKISTAN
2018,25.788599999999999,67.158699999999996,10,4.4000000000000004,PAKISTAN
2018,27.857700000000001,67.743899999999996,10,4.2999999999999998,PAKISTAN
2018,26.294599999999999,66.326300000000003,10,4.2999999999999998,PAKISTAN
2018,30.354900000000001,66.4482,10,4.2000000000000002,PAKISTAN
2018,25.915199999999999,66.179000000000002,10,4.0999999999999996,PAKISTAN
2018,27.684799999999999,67.200800000000001,10,4.0999999999999996,PAKISTAN
2018,24.696100000000001,63.046799999999998,10,4,OFF COAST OF PAKISTAN
2018,29.3688,68.270099999999999,10,4,PAKISTAN
2018,30.989799999999999,74.207599999999999,10,3.7000000000000002,INDIA-PAKISTAN BORDER REGION
2017,27.484200000000001,64.7821,47.799999999999997,4.7000000000000002,SOUTHWESTERN PAKISTAN
2017,26.1068,62.6982,42.299999999999997,4.2999999999999998,SOUTHWESTERN PAKISTAN
2017,33.595399999999998,72.709299999999999,41.5,4.4000000000000004,PAKISTAN
2017,34.213099999999997,74.594399999999993,35,4.5999999999999996,SOUTHWESTERN KASHMIR
2017,26.1464,67.831299999999999,33.600000000000001,4.4000000000000004,PAKISTAN
2017,33.5732,72.998000000000005,32.100000000000001,4.5999999999999996,PAKISTAN
2017,28.1706,66.473500000000001,26.699999999999999,4.0999999999999996,PAKISTAN
2017,29.502099999999999,69.989099999999993,25.699999999999999,4.5999999999999996,PAKISTAN
2017,34.870800000000003,72.9161,25.100000000000001,4.7000000000000002,PAKISTAN
2017,34.883299999999998,73.822599999999994,24.5,4.2000000000000002,PAKISTAN
2017,27.306699999999999,65.537700000000001,24.300000000000001,4.5999999999999996,PAKISTAN
2017,25.2011,63.2577,24.100000000000001,6.2999999999999998,SOUTHWESTERN PAKISTAN
2017,27.191500000000001,65.899799999999999,23.899999999999999,4.0999999999999996,PAKISTAN
2017,29.097799999999999,68.965400000000002,23.600000000000001,4.5,PAKISTAN
2017,34.659799999999997,73.4405,22.300000000000001,4.7000000000000002,PAKISTAN
2017,26.573699999999999,66.226299999999995,21.699999999999999,4,PAKISTAN
2017,29.1084,67.177099999999996,18,4.9000000000000004,PAKISTAN
2017,29.629200000000001,67.373099999999994,17.800000000000001,4.2999999999999998,PAKISTAN
2017,29.444299999999998,66.455500000000001,17.600000000000001,5,PAKISTAN
2017,27.102399999999999,63.360500000000002,15,4.0999999999999996,SOUTHWESTERN PAKISTAN
2017,27.449999999999999,65.713200000000001,12.5,5.2999999999999998,PAKISTAN
2017,25.144400000000001,63.310200000000002,10,5.2000000000000002,SOUTHWESTERN PAKISTAN
2017,26.7669,65.952100000000002,10,4.7000000000000002,PAKISTAN
2017,26.706700000000001,66.146100000000004,10,4.5,PAKISTAN
2017,31.773900000000001,72.156000000000006,10,4.5,PAKISTAN
2017,30.782,69.772199999999998,10,4.2999999999999998,PAKISTAN
2017,34.244199999999999,73.840599999999995,10,4.2000000000000002,PAKISTAN
2017,24.077400000000001,65.165700000000001,10,4.0999999999999996,OFF COAST OF PAKISTAN
2016,31.3474,74.446399999999997,60.700000000000003,4.5,INDIA-PAKISTAN BORDER REGION
2016,33.9373,72.710300000000004,55.899999999999999,4.2000000000000002,PAKISTAN
2016,31.764199999999999,70.077799999999996,50.299999999999997,4.4000000000000004,PAKISTAN
2016,34.473799999999997,73.759900000000002,49,4.2999999999999998,PAKISTAN
2016,26.8613,62.2971,47.299999999999997,4.0999999999999996,SOUTHWESTERN PAKISTAN
2016,26.156600000000001,62.132399999999997,47,4.4000000000000004,SOUTHWESTERN PAKISTAN
2016,32.182299999999998,69.651200000000003,46.899999999999999,4.5999999999999996,PAKISTAN
2016,33.244700000000002,72.770899999999997,35,4.5999999999999996,PAKISTAN
2016,25.795500000000001,65.080699999999993,35,4.5999999999999996,PAKISTAN
2016,34.681699999999999,72.9636,34.899999999999999,4.5,PAKISTAN
2016,30.8996,66.470600000000005,30.100000000000001,4.7000000000000002,PAKISTAN
2016,31.904900000000001,71.897900000000007,29.800000000000001,4.0999999999999996,PAKISTAN
2016,27.693999999999999,66.046499999999995,28.100000000000001,4.5999999999999996,PAKISTAN
2016,34.737099999999998,73.097999999999999,25.899999999999999,4.7000000000000002,PAKISTAN
2016,30.2409,70.165099999999995,24.699999999999999,4.0999999999999996,PAKISTAN
2016,27.248899999999999,65.585700000000003,24.399999999999999,4.0999999999999996,PAKISTAN
2016,27.747599999999998,66.066100000000006,21.100000000000001,4.5,PAKISTAN
2016,34.096699999999998,73.835700000000003,20.399999999999999,4.5999999999999996,PAKISTAN
2016,29.532299999999999,66.588099999999997,17.800000000000001,4.0999999999999996,PAKISTAN
2016,28.4406,62.085500000000003,15.300000000000001,4.5,SOUTHWESTERN PAKISTAN
2016,34.434100000000001,73.760300000000001,14.300000000000001,4.2999999999999998,PAKISTAN
2016,27.767600000000002,66.096199999999996,10,5.5999999999999996,PAKISTAN
2016,30.658999999999999,66.387799999999999,10,5.5,PAKISTAN
2016,34.904800000000002,73.682199999999995,10,5.4000000000000004,PAKISTAN
2016,30.659800000000001,66.424300000000002,10,5.2000000000000002,PAKISTAN
2016,30.650700000000001,66.436099999999996,10,4.7000000000000002,PAKISTAN
2016,26.796199999999999,66.1357,10,4.5999999999999996,PAKISTAN
2016,26.1494,68.151600000000002,10,4.5999999999999996,PAKISTAN
2016,29.739100000000001,69.915400000000005,10,4.5999999999999996,PAKISTAN
2016,30.056899999999999,70.269800000000004,10,4.5,PAKISTAN
2016,30.502300000000002,66.435000000000002,10,4.4000000000000004,PAKISTAN
2016,27.790400000000002,66.149199999999993,10,4.4000000000000004,PAKISTAN
2016,25.012499999999999,62.102800000000002,10,4.2999999999999998,SOUTHWESTERN PAKISTAN
2016,23.4984,62.251399999999997,10,4.2000000000000002,OFF COAST OF PAKISTAN
2016,27.3645,65.501400000000004,10,4.0999999999999996,PAKISTAN
2015,28.864100000000001,64.323400000000007,79.5,3.5,SOUTHWESTERN PAKISTAN
2015,28.7072,63.852499999999999,61.799999999999997,4.7999999999999998,SOUTHWESTERN PAKISTAN
2015,31.794499999999999,74.430999999999997,59.799999999999997,3.1000000000000001,INDIA-PAKISTAN BORDER REGION
2015,28.842199999999998,64.372299999999996,55.5,4.5,SOUTHWESTERN PAKISTAN
2015,34.334299999999999,73.636300000000006,50,3.7000000000000002,PAKISTAN
2015,34.981900000000003,73.050700000000006,48.899999999999999,4.7000000000000002,PAKISTAN
2015,32.0869,69.556200000000004,44.700000000000003,5,PAKISTAN
2015,26.8005,62.442500000000003,44.100000000000001,4.5,SOUTHWESTERN PAKISTAN
2015,27.202000000000002,65.786699999999996,44,3.6000000000000001,PAKISTAN
2015,32.056399999999996,69.548100000000005,40,4.5999999999999996,PAKISTAN
2015,26.747499999999999,62.468499999999999,35,4.7000000000000002,SOUTHWESTERN PAKISTAN
2015,34.710500000000003,73.146299999999997,35,4.5,PAKISTAN
2015,33.169600000000003,71.427199999999999,35,4.5,PAKISTAN
2015,25.674900000000001,64.665599999999998,35,4.4000000000000004,SOUTHWESTERN PAKISTAN
2015,27.288599999999999,65.694000000000003,35,4.2999999999999998,PAKISTAN
2015,25.679099999999998,66.668000000000006,35,4.2000000000000002,PAKISTAN
2015,34.843499999999999,74.196600000000004,35,4.2000000000000002,SOUTHWESTERN KASHMIR
2015,34.627800000000001,73.395499999999998,35,4.2000000000000002,PAKISTAN
2015,28.3919,69.517200000000003,35,4.0999999999999996,PAKISTAN
2015,30.9129,67.832099999999997,35,4.0999999999999996,PAKISTAN
2015,31.969100000000001,69.528099999999995,35,4.0999999999999996,PAKISTAN
2015,35.121699999999997,71.906199999999998,35,4,PAKISTAN
2015,34.588099999999997,73.387500000000003,35,4,PAKISTAN
2015,34.6858,73.392200000000003,35,4,PAKISTAN
2015,32.445399999999999,70.530199999999994,35,3.8999999999999999,PAKISTAN
2015,30.371600000000001,69.840000000000003,35,3.8999999999999999,PAKISTAN
2015,33.170299999999997,71.044700000000006,35,3.7999999999999998,PAKISTAN
2015,32.585099999999997,69.663799999999995,35,3.7999999999999998,PAKISTAN
2015,30.837,68.864900000000006,35,3.7000000000000002,PAKISTAN
2015,26.474,66.147199999999998,35,3.7000000000000002,PAKISTAN
2015,34.002299999999998,73.598100000000002,35,3.7000000000000002,PAKISTAN
2015,25.8218,64.440799999999996,35,3.6000000000000001,SOUTHWESTERN PAKISTAN
2015,34.924999999999997,72.499399999999994,35,3.6000000000000001,PAKISTAN
2015,24.814800000000002,62.7468,35,3.6000000000000001,OFF COAST OF PAKISTAN
2015,29.705300000000001,67.699799999999996,35,3.5,PAKISTAN
2015,34.557499999999997,71.963399999999993,35,3.5,PAKISTAN
2015,24.968699999999998,62.242400000000004,35,3.5,OFF COAST OF PAKISTAN
2015,33.3949,75.097200000000001,35,3.5,EASTERN KASHMIR
2015,34.859699999999997,73.989699999999999,34,3.6000000000000001,PAKISTAN
2015,34.705199999999998,73.241100000000003,29.800000000000001,5.0999999999999996,PAKISTAN
2015,32.020400000000002,69.815799999999996,29,3.7000000000000002,PAKISTAN
2015,24.971900000000002,62.796300000000002,28,4.2999999999999998,OFF COAST OF PAKISTAN
2015,29.733599999999999,70.427700000000002,27.699999999999999,4,PAKISTAN
2015,33.820799999999998,73.300899999999999,27,3.3999999999999999,PAKISTAN
2015,29.5365,70.297200000000004,26.899999999999999,4.5,PAKISTAN
2015,27.263200000000001,65.943700000000007,26.800000000000001,4.4000000000000004,PAKISTAN
2015,34.187899999999999,74.246600000000001,26,4,SOUTHWESTERN KASHMIR
2015,27.266100000000002,65.947199999999995,25.399999999999999,4.4000000000000004,PAKISTAN
2015,27.347899999999999,65.950800000000001,25.300000000000001,5.4000000000000004,PAKISTAN
2015,24.712800000000001,62.451900000000002,25,4.7000000000000002,OFF COAST OF PAKISTAN
2015,27.558199999999999,66.060299999999998,25,4.4000000000000004,PAKISTAN
2015,27.2563,66.055599999999998,25,4.2999999999999998,PAKISTAN
2015,27.589400000000001,65.865600000000001,25,3.8999999999999999,PAKISTAN
2015,30.6508,69.984499999999997,24.800000000000001,4.2999999999999998,PAKISTAN
2015,29.814299999999999,69.906199999999998,24.699999999999999,4.2000000000000002,PAKISTAN
2015,29.920400000000001,67.928799999999995,24,4,PAKISTAN
2015,29.5671,68.189800000000005,24,3.7000000000000002,PAKISTAN
2015,31.079499999999999,69.796599999999998,23,4.2999999999999998,PAKISTAN
2015,29.447199999999999,70.265000000000001,22.800000000000001,4,PAKISTAN
2015,34.429299999999998,73.493099999999998,22,4.5,PAKISTAN
2015,34.288600000000002,73.660399999999996,22,4.2999999999999998,PAKISTAN
2015,34.585700000000003,73.313199999999995,22,4.2000000000000002,PAKISTAN
2015,34.531700000000001,73.500699999999995,22,3.7999999999999998,PAKISTAN
2015,34.562899999999999,73.013000000000005,21,3.6000000000000001,PAKISTAN
2015,29.3004,69.919399999999996,20,4.4000000000000004,PAKISTAN
2015,28.5974,66.352000000000004,20,4.2000000000000002,PAKISTAN
2015,28.3871,66.554900000000004,20,4.0999999999999996,PAKISTAN
2015,28.198,62.734000000000002,20,3.6000000000000001,SOUTHWESTERN PAKISTAN
2015,23.914300000000001,61.2286,19.5,5,OFF COAST OF PAKISTAN
2015,30.023299999999999,67.442300000000003,17,4.2000000000000002,PAKISTAN
2015,28.3779,69.478399999999993,16.800000000000001,4.0999999999999996,PAKISTAN
2015,33.287100000000002,73.251300000000001,16,4.5999999999999996,PAKISTAN
2015,30.8064,70.452399999999997,16,4,PAKISTAN
2015,33.917499999999997,73.138400000000004,14.9,5,PAKISTAN
2015,27.292200000000001,65.975999999999999,12.6,5.2999999999999998,PAKISTAN
2015,30.126899999999999,69.866600000000005,12,4.4000000000000004,PAKISTAN
2015,30.0396,69.886099999999999,12,4.2000000000000002,PAKISTAN
2015,29.059899999999999,69.546700000000001,12,3.6000000000000001,PAKISTAN
2015,34.490600000000001,73.658199999999994,11.4,5.2999999999999998,PAKISTAN
2015,29.637699999999999,70.325999999999993,11,5.5999999999999996,PAKISTAN
2015,29.640000000000001,70.329999999999998,11,5.5999999999999996,PAKISTAN
2015,27.430599999999998,66.011399999999995,10,5,PAKISTAN
2015,27.8368,66.890600000000006,10,4.9000000000000004,PAKISTAN
2015,29.904599999999999,63.833500000000001,10,4.7000000000000002,SOUTHWESTERN PAKISTAN
2015,29.548100000000002,70.262500000000003,10,4.4000000000000004,PAKISTAN
2015,25.817299999999999,65.112200000000001,10,4.4000000000000004,PAKISTAN
2015,24.061499999999999,70.201700000000002,10,4.2999999999999998,INDIA-PAKISTAN BORDER REGION
2015,29.321999999999999,69.040000000000006,10,4,PAKISTAN
2015,31.985800000000001,69.834500000000006,10,3.7999999999999998,PAKISTAN
2015,28.6112,69.117099999999994,10,3.7999999999999998,PAKISTAN
2015,25.896699999999999,64.980400000000003,10,3.7999999999999998,SOUTHWESTERN PAKISTAN
2015,32.470500000000001,73.5364,10,3.7999999999999998,PAKISTAN
2015,27.751000000000001,65.758300000000006,10,3.7000000000000002,PAKISTAN
2015,29.647600000000001,66.114800000000002,10,3.7000000000000002,PAKISTAN
2015,29.663699999999999,69.980500000000006,10,3.7000000000000002,PAKISTAN
2015,24.995699999999999,62.097900000000003,10,3.6000000000000001,OFF COAST OF PAKISTAN
2015,27.927299999999999,65.9495,10,3.6000000000000001,PAKISTAN
2015,29.8476,67.567599999999999,10,3.6000000000000001,PAKISTAN
2015,31.209900000000001,70.245900000000006,10,3.6000000000000001,PAKISTAN
2015,29.754899999999999,70.001599999999996,10,3.6000000000000001,PAKISTAN
2015,26.897300000000001,67.345500000000001,10,3.5,PAKISTAN
2015,31.887,71.694999999999993,10,3.3999999999999999,PAKISTAN
2015,32.687100000000001,73.576499999999996,10,3.3999999999999999,PAKISTAN
2015,25.7059,62.8782,10,3.2000000000000002,SOUTHWESTERN PAKISTAN
2015,32.634999999999998,73.5,10,3.1000000000000001,PAKISTAN
2015,34.8307,73.930300000000003,5,5,PAKISTAN
2015,24.036000000000001,61.219700000000003,4.5,5,OFF COAST OF PAKISTAN
2015,28.928100000000001,64.213099999999997,0,3.7000000000000002,SOUTHWESTERN PAKISTAN
2015,29.903199999999998,70.308599999999998,0,3.7000000000000002,PAKISTAN
2015,29.231999999999999,71.744900000000001,0,3.6000000000000001,PAKISTAN
2015,27.093399999999999,66.214699999999993,0,3.6000000000000001,PAKISTAN
2015,29.9208,70.798500000000004,0,3.5,PAKISTAN
2014,24.755299999999998,61.651600000000002,648.70000000000005,4.7000000000000002,OFF COAST OF PAKISTAN
2014,27.099399999999999,63.303400000000003,131.5,4.5999999999999996,SOUTHWESTERN PAKISTAN
2014,25.779299999999999,63.475299999999997,81.5,4.7000000000000002,SOUTHWESTERN PAKISTAN
2014,25.8657,63.576599999999999,52.600000000000001,3,SOUTHWESTERN PAKISTAN
2014,27.2803,65.777199999999993,51.100000000000001,5.5999999999999996,PAKISTAN
2014,24.821200000000001,62.551200000000001,43.200000000000003,4.7999999999999998,OFF COAST OF PAKISTAN
2014,34.909999999999997,73.843000000000004,41.100000000000001,4.2000000000000002,PAKISTAN
2014,24.7883,61.091099999999997,36,2.7999999999999998,OFF COAST OF PAKISTAN
2014,27.119700000000002,65.5107,35,5.0999999999999996,PAKISTAN
2014,34.898800000000001,73.843199999999996,35,4.7999999999999998,PAKISTAN
2014,31.724900000000002,70.0411,35,4.7999999999999998,PAKISTAN
2014,27.159800000000001,67.238299999999995,35,4.5999999999999996,PAKISTAN
2014,29.430199999999999,70.143699999999995,35,4.4000000000000004,PAKISTAN
2014,25.961200000000002,64.146199999999993,35,4.4000000000000004,SOUTHWESTERN PAKISTAN
2014,31.558399999999999,73.760499999999993,35,4.2999999999999998,PAKISTAN
2014,27.216200000000001,65.712299999999999,35,4.2999999999999998,PAKISTAN
2014,29.2911,67.578299999999999,35,4.2000000000000002,PAKISTAN
2014,33.903500000000001,72.418899999999994,35,4.0999999999999996,PAKISTAN
2014,27.8779,66.134200000000007,35,4,PAKISTAN
2014,28.767399999999999,67.351399999999998,35,4,PAKISTAN
2014,29.296600000000002,67.424899999999994,35,4,PAKISTAN
2014,35.018099999999997,72.184100000000001,35,3.6000000000000001,PAKISTAN
2014,34.428600000000003,74.484499999999997,35,3.6000000000000001,SOUTHWESTERN KASHMIR
2014,31.564,74.048299999999998,35,3.6000000000000001,INDIA-PAKISTAN BORDER REGION
2014,31.501799999999999,69.887299999999996,35,3.6000000000000001,PAKISTAN
2014,28.3828,70.2911,35,3.6000000000000001,PAKISTAN
2014,30.231000000000002,67.127799999999993,35,3.5,PAKISTAN
2014,25.814499999999999,63.983899999999998,35,3.5,SOUTHWESTERN PAKISTAN
2014,28.270900000000001,65.827500000000001,35,3.3999999999999999,PAKISTAN
2014,24.843800000000002,62.181800000000003,35,2.6000000000000001,OFF COAST OF PAKISTAN
2014,27.257100000000001,65.826999999999998,34.299999999999997,5,PAKISTAN
2014,34.913600000000002,73.902299999999997,34,3.3999999999999999,PAKISTAN
2014,34.063099999999999,72.675600000000003,34,3.3999999999999999,PAKISTAN
2014,25.970700000000001,63.536200000000001,33.200000000000003,4.7999999999999998,SOUTHWESTERN PAKISTAN
2014,24.886399999999998,61.488399999999999,32.700000000000003,3,OFF COAST OF PAKISTAN
2014,30.5395,69.855599999999995,30.399999999999999,4.0999999999999996,PAKISTAN
2014,25.5931,63.271099999999997,30.100000000000001,3.7000000000000002,SOUTHWESTERN PAKISTAN
2014,27.803000000000001,66.206000000000003,30,4.4000000000000004,PAKISTAN
2014,24.971299999999999,62.787100000000002,28,4.5999999999999996,OFF COAST OF PAKISTAN
2014,24.927199999999999,63.095300000000002,28,3.8999999999999999,OFF COAST OF PAKISTAN
2014,34.411900000000003,73.968500000000006,26,4.7000000000000002,PAKISTAN
2014,25.262799999999999,62.966999999999999,26,3,SOUTHWESTERN PAKISTAN
2014,27.5505,66.028800000000004,25,4.5,PAKISTAN
2014,25.68,63.857799999999997,25,2.7999999999999998,SOUTHWESTERN PAKISTAN
2014,34.834499999999998,73.162400000000005,24,4.5999999999999996,PAKISTAN
2014,30.215800000000002,67.765900000000002,24,3.7000000000000002,PAKISTAN
2014,31.0303,70.140199999999993,23,4.5,PAKISTAN
2014,34.526000000000003,73.683999999999997,22,3.7000000000000002,PAKISTAN
2014,34.8643,73.423299999999998,22,3.5,PAKISTAN
2014,34.776899999999998,73.704300000000003,21,4.7000000000000002,PAKISTAN
2014,34.840899999999998,73.763800000000003,21,3.7000000000000002,PAKISTAN
2014,26.362100000000002,63.089500000000001,20,5,SOUTHWESTERN PAKISTAN
2014,27.689,65.963099999999997,19.399999999999999,5.2999999999999998,PAKISTAN
2014,30.68,69.819999999999993,18,4.4000000000000004,PAKISTAN
2014,27.258700000000001,65.623999999999995,18,3.6000000000000001,PAKISTAN
2014,27.3569,65.591300000000004,18,3.6000000000000001,PAKISTAN
2014,27.265899999999998,65.333699999999993,18,3.5,PAKISTAN
2014,32.851700000000001,73.337599999999995,15,4,PAKISTAN
2014,33.197899999999997,73.337800000000001,15,4,PAKISTAN
2014,29.742000000000001,62.997999999999998,14.199999999999999,3.5,SOUTHWESTERN PAKISTAN
2014,30.273900000000001,67.545599999999993,14,4.5,PAKISTAN
2014,30.302399999999999,67.635400000000004,14,3.5,PAKISTAN
2014,29.321400000000001,67.666899999999998,11.1,4.7999999999999998,PAKISTAN
2014,26.229500000000002,68.325400000000002,10,5,PAKISTAN
2014,27.3322,65.735299999999995,10,4.5,PAKISTAN
2014,27.229299999999999,65.524199999999993,10,4.4000000000000004,PAKISTAN
2014,26.324100000000001,68.565799999999996,10,4.2999999999999998,PAKISTAN
2014,26.4877,68.384,10,4.2999999999999998,PAKISTAN
2014,26.314399999999999,68.514099999999999,10,4.2000000000000002,PAKISTAN
2014,26.933199999999999,66.949100000000001,10,4.2000000000000002,PAKISTAN
2014,28.040800000000001,67.215299999999999,10,4.2000000000000002,PAKISTAN
2014,27.584900000000001,66.199399999999997,10,4.0999999999999996,PAKISTAN
2014,32.378100000000003,71.473299999999995,10,4,PAKISTAN
2014,33.698599999999999,71.675700000000006,10,4,PAKISTAN
2014,29.657699999999998,70.066900000000004,10,3.7000000000000002,PAKISTAN
2014,29.871700000000001,68.192999999999998,10,3.7000000000000002,PAKISTAN
2014,29.327000000000002,73.037999999999997,10,3.7000000000000002,INDIA-PAKISTAN BORDER REGION
2014,28.1724,66.179299999999998,10,3.6000000000000001,PAKISTAN
2014,26.625699999999998,62.372500000000002,10,3.5,SOUTHWESTERN PAKISTAN
2014,35.0289,72.591999999999999,10,3.5,PAKISTAN
2014,29.700800000000001,70.031099999999995,10,3.5,PAKISTAN
2014,26.128900000000002,65.776899999999998,10,3.5,PAKISTAN
2014,26.134899999999998,64.4148,10,3.5,SOUTHWESTERN PAKISTAN
2014,34.777500000000003,73.361400000000003,10,3.3999999999999999,PAKISTAN
2014,28.504100000000001,67.901600000000002,10,3.2999999999999998,PAKISTAN
2014,26.363399999999999,68.4071,8.1999999999999993,4.5999999999999996,PAKISTAN
2014,30.4146,70.578900000000004,0,3.8999999999999999,PAKISTAN
2014,34.716900000000003,75.183800000000005,0,3.8999999999999999,EASTERN KASHMIR
2014,29.346399999999999,70.031599999999997,0,3.7999999999999998,PAKISTAN
2014,27.864100000000001,66.267200000000003,0,3.7000000000000002,PAKISTAN
2014,29.994499999999999,70.417599999999993,0,3.7000000000000002,PAKISTAN
2014,25.8917,67.065200000000004,0,3.7000000000000002,PAKISTAN
2014,30.765599999999999,69.127899999999997,0,3.6000000000000001,PAKISTAN
2014,34.091900000000003,74.367999999999995,0,3.6000000000000001,SOUTHWESTERN KASHMIR
2014,30.093800000000002,68.213899999999995,0,3.6000000000000001,PAKISTAN
2014,31.5623,72.194999999999993,0,3.6000000000000001,PAKISTAN
2014,32.015900000000002,69.851200000000006,0,3.6000000000000001,PAKISTAN
2014,23.667999999999999,68.476699999999994,0,3.6000000000000001,INDIA-PAKISTAN BORDER REGION
2014,28.3184,66.094700000000003,0,3.5,PAKISTAN
2014,27.1568,65.443799999999996,0,3.5,PAKISTAN
2014,30.345600000000001,70.129300000000001,0,3.5,PAKISTAN
2014,35.058700000000002,71.991799999999998,0,3.5,PAKISTAN
2014,27.0276,65.715999999999994,0,3.5,PAKISTAN
2014,27.823899999999998,66.350399999999993,0,3.3999999999999999,PAKISTAN
2014,28.2135,66.538200000000003,0,3.3999999999999999,PAKISTAN
2014,27.796199999999999,66.100899999999996,0,3.3999999999999999,PAKISTAN
2014,28.856300000000001,68.738500000000002,0,3.3999999999999999,PAKISTAN
2013,28.1233,62.337800000000001,59.899999999999999,5.7000000000000002,SOUTHWESTERN PAKISTAN
2013,28.074300000000001,62.396999999999998,57.700000000000003,4.7999999999999998,SOUTHWESTERN PAKISTAN
2013,24.641400000000001,61.091299999999997,56.799999999999997,3.1000000000000001,OFF COAST OF PAKISTAN
2013,25.322299999999998,62.673200000000001,49.700000000000003,3.1000000000000001,SOUTHWESTERN PAKISTAN
2013,25.744900000000001,64.050200000000004,43.799999999999997,2.5,SOUTHWESTERN PAKISTAN
2013,27.6526,63.4983,43.100000000000001,4.5,SOUTHWESTERN PAKISTAN
2013,23.773,64.0852,37.399999999999999,3.2000000000000002,OFF COAST OF PAKISTAN
2013,25.539200000000001,63.278100000000002,35.5,3.1000000000000001,SOUTHWESTERN PAKISTAN
2013,25.484400000000001,63.918500000000002,35.100000000000001,3.3999999999999999,SOUTHWESTERN PAKISTAN
2013,29.172000000000001,67.666399999999996,35,4.7000000000000002,PAKISTAN
2013,28.401,62.122900000000001,35,4.5999999999999996,SOUTHWESTERN PAKISTAN
2013,29.254899999999999,63.490499999999997,35,4.5,SOUTHWESTERN PAKISTAN
2013,32.834200000000003,73.123800000000003,35,4.5,PAKISTAN
2013,24.429400000000001,68.691199999999995,35,4.5,INDIA-PAKISTAN BORDER REGION
2013,30.480799999999999,69.530299999999997,35,4.5,PAKISTAN
2013,27.063600000000001,65.725200000000001,35,4.4000000000000004,PAKISTAN
2013,27.159300000000002,65.689400000000006,35,4.2999999999999998,PAKISTAN
2013,32.330599999999997,69.991900000000001,35,4.2000000000000002,PAKISTAN
2013,28.226299999999998,66.522099999999995,35,4.2000000000000002,PAKISTAN
2013,24.995100000000001,62.745100000000001,35,4.2000000000000002,OFF COAST OF PAKISTAN
2013,23.607500000000002,64.088399999999993,35,4.2000000000000002,OFF COAST OF PAKISTAN
2013,27.188800000000001,65.578800000000001,35,4.2000000000000002,PAKISTAN
2013,26.306100000000001,64.890600000000006,35,4.2000000000000002,SOUTHWESTERN PAKISTAN
2013,27.768599999999999,66.581599999999995,35,4.2000000000000002,PAKISTAN
2013,29.050000000000001,67.440399999999997,35,4.2000000000000002,PAKISTAN
2013,33.241,70.752799999999993,35,4.0999999999999996,PAKISTAN
2013,34.898000000000003,72.300799999999995,35,4.0999999999999996,PAKISTAN
2013,30.186800000000002,66.402100000000004,35,4.0999999999999996,PAKISTAN
2013,27.090800000000002,65.527600000000007,35,4.0999999999999996,PAKISTAN
2013,25.491599999999998,63.641199999999998,35,4.0999999999999996,SOUTHWESTERN PAKISTAN
2013,25.8018,64.260900000000007,35,4,SOUTHWESTERN PAKISTAN
2013,28.160799999999998,66.163700000000006,35,4,PAKISTAN
2013,28.010999999999999,62.798200000000001,35,4,SOUTHWESTERN PAKISTAN
2013,34.555300000000003,72.253500000000003,35,3.8999999999999999,PAKISTAN
2013,23.651399999999999,64.034000000000006,35,3.8999999999999999,OFF COAST OF PAKISTAN
2013,35.022399999999998,72.796999999999997,35,3.8999999999999999,PAKISTAN
2013,31.7102,71.908100000000005,35,3.8999999999999999,PAKISTAN
2013,26.360900000000001,66.934200000000004,35,3.8999999999999999,PAKISTAN
2013,24.320699999999999,68.8489,35,3.8999999999999999,INDIA-PAKISTAN BORDER REGION
2013,24.355699999999999,68.735399999999998,35,3.8999999999999999,INDIA-PAKISTAN BORDER REGION
2013,26.0702,66.052800000000005,35,3.7999999999999998,PAKISTAN
2013,24.825800000000001,65.003600000000006,35,3.7999999999999998,OFF COAST OF PAKISTAN
2013,27.0031,65.651200000000003,35,3.7999999999999998,PAKISTAN
2013,27.7197,63.863100000000003,35,3.7999999999999998,SOUTHWESTERN PAKISTAN
2013,34.305900000000001,74.128600000000006,35,3.7999999999999998,SOUTHWESTERN KASHMIR
2013,26.996200000000002,65.320599999999999,35,3.7999999999999998,PAKISTAN
2013,32.817100000000003,73.0886,35,3.7999999999999998,PAKISTAN
2013,27.6736,65.633300000000006,35,3.7000000000000002,PAKISTAN
2013,28.108699999999999,65.340199999999996,35,3.7000000000000002,PAKISTAN
2013,28.6371,70.0745,35,3.7000000000000002,PAKISTAN
2013,27.143599999999999,65.584199999999996,35,3.6000000000000001,PAKISTAN
2013,30.1511,73.227400000000003,35,3.6000000000000001,INDIA-PAKISTAN BORDER REGION
2013,26.927900000000001,65.431700000000006,35,3.5,PAKISTAN
2013,27.130099999999999,65.515600000000006,35,3.5,PAKISTAN
2013,33.961599999999997,70.929299999999998,35,3.5,PAKISTAN
2013,29.440200000000001,67.5304,35,3.5,PAKISTAN
2013,28.07,62.534100000000002,35,3.5,SOUTHWESTERN PAKISTAN
2013,24.809100000000001,61.267699999999998,35,3.3999999999999999,OFF COAST OF PAKISTAN
2013,29.953099999999999,71.918899999999994,35,3.3999999999999999,PAKISTAN
2013,26.950500000000002,66.977400000000003,35,3.3999999999999999,PAKISTAN
2013,26.7194,66.774900000000002,35,3.3999999999999999,PAKISTAN
2013,25.6112,62.232999999999997,35,3.1000000000000001,SOUTHWESTERN PAKISTAN
2013,26.039000000000001,64.337199999999996,35,2.5,SOUTHWESTERN PAKISTAN
2013,33.834000000000003,72.344999999999999,34,3.7999999999999998,PAKISTAN
2013,35.075200000000002,74.276600000000002,34,3.2999999999999998,NORTHWESTERN KASHMIR
2013,29.827400000000001,67.540099999999995,32,4.9000000000000004,PAKISTAN
2013,26.9969,70.894099999999995,31,3.8999999999999999,INDIA-PAKISTAN BORDER REGION
2013,25.9435,63.575299999999999,30,3.7000000000000002,SOUTHWESTERN PAKISTAN
2013,23.586200000000002,63.718600000000002,30,3.3999999999999999,OFF COAST OF PAKISTAN
2013,24.871400000000001,61.870600000000003,30,3,OFF COAST OF PAKISTAN
2013,25.114699999999999,63.886800000000001,30,2.2999999999999998,SOUTHWESTERN PAKISTAN
2013,31.774899999999999,69.9739,29,4.0999999999999996,PAKISTAN
2013,25.584700000000002,63.8645,29,3.8999999999999999,SOUTHWESTERN PAKISTAN
2013,32.104199999999999,69.910600000000002,29,3.7999999999999998,PAKISTAN
2013,25.1968,63.231200000000001,28,4,SOUTHWESTERN PAKISTAN
2013,34.217399999999998,73.698599999999999,27,3.3999999999999999,PAKISTAN
2013,24.929400000000001,62.329999999999998,26.399999999999999,2.8999999999999999,OFF COAST OF PAKISTAN
2013,27.6556,65.824200000000005,25,4.7999999999999998,PAKISTAN
2013,27.314900000000002,65.992099999999994,25,3.7000000000000002,PAKISTAN
2013,30.1051,68.131100000000004,24,4.5,PAKISTAN
2013,32.660600000000002,71.118399999999994,24,3.7999999999999998,PAKISTAN
2013,34.802500000000002,73.426000000000002,24,3.6000000000000001,PAKISTAN
2013,31.861000000000001,74.522999999999996,23.699999999999999,3,INDIA-PAKISTAN BORDER REGION
2013,30.970700000000001,70.229299999999995,23,3.6000000000000001,PAKISTAN
2013,25.8796,63.6447,23,3.5,SOUTHWESTERN PAKISTAN
2013,25.734200000000001,63.8887,23,3.2999999999999998,SOUTHWESTERN PAKISTAN
2013,33.232300000000002,75.359399999999994,22,4.5,EASTERN KASHMIR
2013,34.7286,73.277500000000003,22,3.8999999999999999,PAKISTAN
2013,33.825499999999998,72.921300000000002,22,3.8999999999999999,PAKISTAN
2013,33.855600000000003,73.141199999999998,22,3.7000000000000002,PAKISTAN
2013,34.613300000000002,73.096500000000006,22,3.7000000000000002,PAKISTAN
2013,34.642000000000003,73.084900000000005,21,4.4000000000000004,PAKISTAN
2013,34.702199999999998,73.036000000000001,21,3.8999999999999999,PAKISTAN
2013,34.490200000000002,73.092299999999994,21,3.7999999999999998,PAKISTAN
2013,34.545900000000003,73.8155,21,3.5,PAKISTAN
2013,34.766599999999997,73.065200000000004,21,3,PAKISTAN
2013,29.968299999999999,68.429000000000002,20,4,PAKISTAN
2013,25.738600000000002,63.6419,20,3.8999999999999999,SOUTHWESTERN PAKISTAN
2013,25.4924,63.891500000000001,20,3.5,SOUTHWESTERN PAKISTAN
2013,25.1602,64.271500000000003,20,3.2000000000000002,SOUTHWESTERN PAKISTAN
2013,24.440100000000001,61.567999999999998,20,2.7000000000000002,OFF COAST OF PAKISTAN
2013,27.1617,65.619200000000006,18.699999999999999,6.7999999999999998,PAKISTAN
2013,26.1708,64.590500000000006,18.699999999999999,4.2000000000000002,SOUTHWESTERN PAKISTAN
2013,27.4923,65.691999999999993,18,5.2000000000000002,PAKISTAN
2013,27.2544,65.679699999999997,18,4.7000000000000002,PAKISTAN
2013,27.370999999999999,65.672899999999998,18,4.5999999999999996,PAKISTAN
2013,27.334599999999998,65.594099999999997,18,4.4000000000000004,PAKISTAN
2013,27.318200000000001,65.719300000000004,18,4.0999999999999996,PAKISTAN
2013,27.113099999999999,65.546099999999996,16.100000000000001,5.7999999999999998,PAKISTAN
2013,26.910900000000002,65.531499999999994,15.5,7.7999999999999998,PAKISTAN
2013,32.866,75.189999999999998,15.199999999999999,2.6000000000000001,KASHMIR-INDIA BORDER REGION
2013,30.032699999999998,69.638300000000001,15,4,PAKISTAN
2013,26.019400000000001,63.534300000000002,15,3.8999999999999999,SOUTHWESTERN PAKISTAN
2013,26.037099999999999,63.5869,15,3.8999999999999999,SOUTHWESTERN PAKISTAN
2013,26.5886,62.727699999999999,15,3.7000000000000002,SOUTHWESTERN PAKISTAN
2013,27.525500000000001,67.477500000000006,14.800000000000001,5.4000000000000004,PAKISTAN
2013,24.603899999999999,62.438800000000001,14.699999999999999,4.5,OFF COAST OF PAKISTAN
2013,27.4422,65.804599999999994,14.6,4.7999999999999998,PAKISTAN
2013,30.265899999999998,67.446200000000005,14,3.7000000000000002,PAKISTAN
2013,30.335699999999999,67.575800000000001,14,3.6000000000000001,PAKISTAN
2013,27.258099999999999,65.529899999999998,13,4.7999999999999998,PAKISTAN
2013,27.2592,65.570999999999998,12.4,5,PAKISTAN
2013,29.1203,69.428600000000003,12,4.5999999999999996,PAKISTAN
2013,29.930199999999999,69.820899999999995,12,4.5,PAKISTAN
2013,29.9209,69.778400000000005,12,4.2999999999999998,PAKISTAN
2013,29.066299999999998,69.358800000000002,12,4.2999999999999998,PAKISTAN
2013,30.1892,70.1447,12,4.2000000000000002,PAKISTAN
2013,30.410799999999998,66.522300000000001,12,4.2000000000000002,PAKISTAN
2013,23.646999999999998,64.330200000000005,12,4.0999999999999996,OFF COAST OF PAKISTAN
2013,29.789899999999999,69.903599999999997,12,4,PAKISTAN
2013,30.2193,69.882000000000005,12,3.7000000000000002,PAKISTAN
2013,29.0825,69.4773,12,3.6000000000000001,PAKISTAN
2013,24.856400000000001,61.864400000000003,12,3.1000000000000001,OFF COAST OF PAKISTAN
2013,28.337499999999999,66.552599999999998,11.699999999999999,5.4000000000000004,PAKISTAN
2013,27.3096,65.674099999999996,11.300000000000001,5.5999999999999996,PAKISTAN
2013,27.167400000000001,65.572400000000002,10,5.7999999999999998,PAKISTAN
2013,25.935500000000001,64.150499999999994,10,5.2000000000000002,SOUTHWESTERN PAKISTAN
2013,26.7532,65.532700000000006,10,5.0999999999999996,PAKISTAN
2013,25.916,64.208699999999993,10,5,SOUTHWESTERN PAKISTAN
2013,25.433,66.014399999999995,10,5,PAKISTAN
2013,26.539000000000001,65.140299999999996,10,5,PAKISTAN
2013,26.067900000000002,64.300700000000006,10,4.9000000000000004,SOUTHWESTERN PAKISTAN
2013,27.313099999999999,65.712599999999995,10,4.9000000000000004,PAKISTAN
2013,27.0825,65.5137,10,4.9000000000000004,PAKISTAN
2013,26.843299999999999,65.355500000000006,10,4.7999999999999998,PAKISTAN
2013,26.542200000000001,65.198300000000003,10,4.5999999999999996,PAKISTAN
2013,24.572399999999998,61.9542,10,4.5999999999999996,OFF COAST OF PAKISTAN
2013,31.816199999999998,72.015299999999996,10,4.4000000000000004,PAKISTAN
2013,27.1022,67.936199999999999,10,4.4000000000000004,PAKISTAN
2013,26.404800000000002,66.159300000000002,10,4.4000000000000004,PAKISTAN
2013,27.035,65.377399999999994,10,4.4000000000000004,PAKISTAN
2013,27.057600000000001,65.699100000000001,10,4.2999999999999998,PAKISTAN
2013,26.946200000000001,65.332300000000004,10,4.2999999999999998,PAKISTAN
2013,32.319699999999997,70.733199999999997,10,4.2999999999999998,PAKISTAN
2013,27.408799999999999,67.537000000000006,10,4.2000000000000002,PAKISTAN
2013,27.252700000000001,67.591999999999999,10,4.2000000000000002,PAKISTAN
2013,33.216999999999999,73.697000000000003,10,4.2000000000000002,PAKISTAN
2013,25.843499999999999,64.156800000000004,10,4.2000000000000002,SOUTHWESTERN PAKISTAN
2013,27.061199999999999,65.5655,10,4.2000000000000002,PAKISTAN
2013,25.577300000000001,67.572000000000003,10,4.2000000000000002,PAKISTAN
2013,26.963699999999999,65.493499999999997,10,4.2000000000000002,PAKISTAN
2013,29.855899999999998,70.299800000000005,10,4.2000000000000002,PAKISTAN
2013,26.496400000000001,65.015500000000003,10,4.0999999999999996,PAKISTAN
2013,27.0183,65.472300000000004,10,4.0999999999999996,PAKISTAN
2013,26.9998,65.4255,10,4.0999999999999996,PAKISTAN
2013,27.0183,65.404399999999995,10,4.0999999999999996,PAKISTAN
2013,27.086300000000001,65.518900000000002,10,4.0999999999999996,PAKISTAN
2013,26.4877,65.044399999999996,10,4.0999999999999996,PAKISTAN
2013,26.930299999999999,65.327500000000001,10,4.0999999999999996,PAKISTAN
2013,26.959499999999998,65.356300000000005,10,4.0999999999999996,PAKISTAN
2013,27.076000000000001,65.438299999999998,10,4.0999999999999996,PAKISTAN
2013,26.885100000000001,65.451999999999998,10,4.0999999999999996,PAKISTAN
2013,25.9251,64.173100000000005,10,4.0999999999999996,SOUTHWESTERN PAKISTAN
2013,24.966200000000001,62.6586,10,4.0999999999999996,OFF COAST OF PAKISTAN
2013,24.124300000000002,68.539299999999997,10,4.0999999999999996,INDIA-PAKISTAN BORDER REGION
2013,27.759499999999999,66.124300000000005,10,4,PAKISTAN
2013,29.745899999999999,69.576999999999998,10,4,PAKISTAN
2013,25.8993,64.242199999999997,10,4,SOUTHWESTERN PAKISTAN
2013,27.3278,64.900499999999994,10,4,SOUTHWESTERN PAKISTAN
2013,26.618600000000001,66.133499999999998,10,4,PAKISTAN
2013,27.8416,63.169800000000002,10,4,SOUTHWESTERN PAKISTAN
2013,27.023299999999999,65.635599999999997,10,3.8999999999999999,PAKISTAN
2013,27.047899999999998,65.795100000000005,10,3.8999999999999999,PAKISTAN
2013,27.154699999999998,65.523499999999999,10,3.8999999999999999,PAKISTAN
2013,27.235499999999998,65.625600000000006,10,3.8999999999999999,PAKISTAN
2013,27.001899999999999,65.509200000000007,10,3.8999999999999999,PAKISTAN
2013,27.248999999999999,65.018199999999993,10,3.8999999999999999,PAKISTAN
2013,25.584399999999999,62.320799999999998,10,3.8999999999999999,SOUTHWESTERN PAKISTAN
2013,34.835099999999997,72.595600000000005,10,3.7999999999999998,PAKISTAN
2013,27.424199999999999,65.526799999999994,10,3.7999999999999998,PAKISTAN
2013,26.786100000000001,65.859800000000007,10,3.7999999999999998,PAKISTAN
2013,27.020900000000001,65.390799999999999,10,3.7999999999999998,PAKISTAN
2013,26.9466,65.492199999999997,10,3.7999999999999998,PAKISTAN
2013,27.227,65.155199999999994,10,3.7999999999999998,PAKISTAN
2013,24.299900000000001,69.7226,10,3.7999999999999998,INDIA-PAKISTAN BORDER REGION
2013,28.333500000000001,62.084600000000002,10,3.7999999999999998,SOUTHWESTERN PAKISTAN
2013,26.946200000000001,62.448700000000002,10,3.7000000000000002,SOUTHWESTERN PAKISTAN
2013,26.220800000000001,64.506500000000003,10,3.7000000000000002,SOUTHWESTERN PAKISTAN
2013,26.512599999999999,65.6511,10,3.7000000000000002,PAKISTAN
2013,25.9389,64.001800000000003,10,3.7000000000000002,SOUTHWESTERN PAKISTAN
2013,26.890699999999999,67.312899999999999,10,3.7000000000000002,PAKISTAN
2013,27.075399999999998,67.201800000000006,10,3.7000000000000002,PAKISTAN
2013,28.900099999999998,63.370100000000001,10,3.7000000000000002,SOUTHWESTERN PAKISTAN
2013,29.030000000000001,68.307500000000005,10,3.7000000000000002,PAKISTAN
2013,25.427299999999999,65.370599999999996,10,3.7000000000000002,PAKISTAN
2013,25.619900000000001,63.929499999999997,10,3.2000000000000002,SOUTHWESTERN PAKISTAN
2013,33.5473,73.913799999999995,10,3.1000000000000001,PAKISTAN
2013,25.381699999999999,63.716900000000003,9.3000000000000007,3,SOUTHWESTERN PAKISTAN
2013,26.9679,66.717100000000002,8,4.7999999999999998,PAKISTAN
2013,26.859000000000002,66.659599999999998,8,3.3999999999999999,PAKISTAN
2013,32.731999999999999,75.251000000000005,8,2.7000000000000002,KASHMIR-INDIA BORDER REGION
2013,32.950000000000003,75.227000000000004,7,2.8999999999999999,KASHMIR-INDIA BORDER REGION
2013,32.734000000000002,75.188000000000002,3,2.7000000000000002,KASHMIR-INDIA BORDER REGION
2013,26.993400000000001,65.785600000000002,0,3.7999999999999998,PAKISTAN
2013,27.097300000000001,65.727400000000003,0,3.7999999999999998,PAKISTAN
2013,26.8735,65.480500000000006,0,3.7000000000000002,PAKISTAN
2013,27.483599999999999,67.363200000000006,0,3.6000000000000001,PAKISTAN
2013,27.005299999999998,65.774000000000001,0,3.6000000000000001,PAKISTAN
2013,28.015599999999999,62.145899999999997,0,3.6000000000000001,SOUTHWESTERN PAKISTAN
2013,24.067599999999999,68.483900000000006,0,3.6000000000000001,INDIA-PAKISTAN BORDER REGION
2013,32.942500000000003,69.393699999999995,0,3.6000000000000001,PAKISTAN
2013,27.099,65.718900000000005,0,3.5,PAKISTAN
2013,26.974,65.757400000000004,0,3.5,PAKISTAN
2013,31.694199999999999,72.785200000000003,0,3.5,PAKISTAN
2013,34.497999999999998,72.193200000000004,0,3.3999999999999999,PAKISTAN
2013,31.7882,68.810400000000001,0,3.3999999999999999,PAKISTAN
2013,26.999600000000001,67.126400000000004,0,3.2000000000000002,PAKISTAN
2012,29.290700000000001,64.457300000000004,91.400000000000006,4.7000000000000002,SOUTHWESTERN PAKISTAN
2012,31.304600000000001,73.478800000000007,46.600000000000001,4.2000000000000002,PAKISTAN
2012,26.7773,66.205699999999993,44,4.9000000000000004,PAKISTAN
2012,32.321300000000001,70.958600000000004,43.299999999999997,4.7000000000000002,PAKISTAN
2012,33.915900000000001,72.875200000000007,35,4.5999999999999996,PAKISTAN
2012,26.215,66.352000000000004,35,4.4000000000000004,PAKISTAN
2012,26.624199999999998,66.228099999999998,35,4.4000000000000004,PAKISTAN
2012,28.357199999999999,66.266800000000003,35,4.2999999999999998,PAKISTAN
2012,32.640300000000003,71.774699999999996,35,4.2999999999999998,PAKISTAN
2012,31.935600000000001,69.791899999999998,35,4.2999999999999998,PAKISTAN
2012,27.748999999999999,66.394499999999994,35,4.2999999999999998,PAKISTAN
2012,29.727399999999999,66.613200000000006,35,4.2000000000000002,PAKISTAN
2012,31.304600000000001,74.570400000000006,35,4.0999999999999996,INDIA-PAKISTAN BORDER REGION
2012,30.139600000000002,69.244,35,4.0999999999999996,PAKISTAN
2012,30.129200000000001,66.9512,35,4.0999999999999996,PAKISTAN
2012,26.071200000000001,62.8431,35,3.8999999999999999,SOUTHWESTERN PAKISTAN
2012,31.461099999999998,74.163399999999996,35,3.7999999999999998,INDIA-PAKISTAN BORDER REGION
2012,30.485399999999998,67.166399999999996,35,3.7999999999999998,PAKISTAN
2012,25.493600000000001,66.888199999999998,35,3.7999999999999998,PAKISTAN
2012,34.718299999999999,72.579599999999999,35,3.7000000000000002,PAKISTAN
2012,28.393000000000001,66.539400000000001,35,3.6000000000000001,PAKISTAN
2012,27.021699999999999,67.104500000000002,35,3.6000000000000001,PAKISTAN
2012,23.771799999999999,61.7121,35,3.6000000000000001,OFF COAST OF PAKISTAN
2012,27.036799999999999,66.959599999999995,35,3.6000000000000001,PAKISTAN
2012,28.7761,67.331000000000003,35,3.6000000000000001,PAKISTAN
2012,29.742000000000001,70.198999999999998,35,3.5,PAKISTAN
2012,29.6068,66.290700000000001,35,3.5,PAKISTAN
2012,30.161799999999999,66.421499999999995,35,3.5,PAKISTAN
2012,30.495200000000001,66.688299999999998,35,3.5,PAKISTAN
2012,32.534599999999998,70.216700000000003,35,3.5,PAKISTAN
2012,31.865200000000002,71.814099999999996,35,3.3999999999999999,PAKISTAN
2012,28.109400000000001,66.109899999999996,35,3.2000000000000002,PAKISTAN
2012,33.884799999999998,72.673299999999998,34,4.2000000000000002,PAKISTAN
2012,34.8215,73.708299999999994,28.300000000000001,5,PAKISTAN
2012,33.671100000000003,74.805700000000002,27.600000000000001,4.2000000000000002,SOUTHWESTERN KASHMIR
2012,34.2729,74.047700000000006,26,3.7999999999999998,SOUTHWESTERN KASHMIR
2012,34.141399999999997,74.563999999999993,26,3.7000000000000002,SOUTHWESTERN KASHMIR
2012,34.553199999999997,72.576300000000003,25,3.7999999999999998,PAKISTAN
2012,29.506599999999999,68.016099999999994,24,4.5,PAKISTAN
2012,29.369700000000002,67.846699999999998,24,4.2999999999999998,PAKISTAN
2012,29.499300000000002,67.717100000000002,24,3.5,PAKISTAN
2012,35.045699999999997,72.924999999999997,24,3.5,PAKISTAN
2012,28.3978,66.507099999999994,23.600000000000001,4.9000000000000004,PAKISTAN
2012,30.625399999999999,69.991900000000001,23,3.5,PAKISTAN
2012,34.3401,73.471500000000006,22,4.2000000000000002,PAKISTAN
2012,33.695900000000002,75.280799999999999,22,4.0999999999999996,EASTERN KASHMIR
2012,34.5779,73.197299999999998,22,3.8999999999999999,PAKISTAN
2012,34.920200000000001,73.585599999999999,21,4.2999999999999998,PAKISTAN
2012,34.854900000000001,73.618200000000002,21,4.2999999999999998,PAKISTAN
2012,34.874699999999997,73.578800000000001,21,4.0999999999999996,PAKISTAN
2012,34.466000000000001,73.123800000000003,21,3.6000000000000001,PAKISTAN
2012,34.631900000000002,73.212900000000005,21,3.6000000000000001,PAKISTAN
2012,34.129899999999999,73.817300000000003,20,4.5999999999999996,PAKISTAN
2012,28.6417,66.534400000000005,20,4.4000000000000004,PAKISTAN
2012,28.712800000000001,66.699200000000005,20,4.2000000000000002,PAKISTAN
2012,28.5533,66.480699999999999,20,4,PAKISTAN
2012,28.369599999999998,66.384399999999999,20,3.6000000000000001,PAKISTAN
2012,30.0288,69.597499999999997,15,3.6000000000000001,PAKISTAN
2012,30.436499999999999,67.572000000000003,14.9,5.2999999999999998,PAKISTAN
2012,23.7376,61.930500000000002,14.199999999999999,4.9000000000000004,OFF COAST OF PAKISTAN
2012,30.4816,67.527600000000007,14,4.7999999999999998,PAKISTAN
2012,30.313099999999999,67.597300000000004,14,4.5,PAKISTAN
2012,30.303699999999999,67.469700000000003,14,4.0999999999999996,PAKISTAN
2012,30.250599999999999,67.869299999999996,13,4.2999999999999998,PAKISTAN
2012,30.021899999999999,70.148600000000002,12,4.7000000000000002,PAKISTAN
2012,29.7911,70.039900000000003,12,3.5,PAKISTAN
2012,26.784500000000001,62.3889,10,4.4000000000000004,SOUTHWESTERN PAKISTAN
2012,34.678699999999999,71.389300000000006,10,4.2999999999999998,PAKISTAN
2012,25.324400000000001,66.613299999999995,10,4,PAKISTAN
2012,29.3917,69.016099999999994,10,3.7000000000000002,PAKISTAN
2012,28.220800000000001,66.212699999999998,10,3.7000000000000002,PAKISTAN
2012,26.537199999999999,66.144900000000007,10,3.7000000000000002,PAKISTAN
2012,30.450700000000001,70.7029,10,3.5,PAKISTAN
2012,29.457999999999998,69.239800000000002,10,3.5,PAKISTAN
2012,32.699599999999997,70.281199999999998,10,3.3999999999999999,PAKISTAN
2012,30.756,70.428100000000001,10,3.2000000000000002,PAKISTAN
2012,31.983000000000001,74.858000000000004,10,3,INDIA-PAKISTAN BORDER REGION
2012,28.7697,66.747399999999999,8,4.5,PAKISTAN
2012,28.935700000000001,66.362399999999994,8,3.5,PAKISTAN
2012,28.9864,66.375600000000006,8,3.5,PAKISTAN
2012,35.091200000000001,71.765900000000002,0,3.7000000000000002,PAKISTAN
2012,27.320699999999999,70.131600000000006,0,3.6000000000000001,INDIA-PAKISTAN BORDER REGION
2012,31.747900000000001,71.083799999999997,0,3.5,PAKISTAN
2012,31.142299999999999,74.376599999999996,0,3.5,INDIA-PAKISTAN BORDER REGION
2012,30.464200000000002,67.572800000000001,0,3.3999999999999999,PAKISTAN
2012,34.600000000000001,72.434899999999999,0,3.3999999999999999,PAKISTAN
2012,31.5702,69.853800000000007,0,3.2000000000000002,PAKISTAN
2012,33.931100000000001,74.315200000000004,0,3.2000000000000002,SOUTHWESTERN KASHMIR
2011,32.470399999999998,71.882900000000006,351,2.3999999999999999,PAKISTAN
2011,28.6831,63.994799999999998,79.900000000000006,7.2000000000000002,SOUTHWESTERN PAKISTAN
2011,28.854600000000001,64.738600000000005,79.599999999999994,3.7999999999999998,SOUTHWESTERN PAKISTAN
2011,24.622900000000001,61.5794,60.700000000000003,3.3999999999999999,OFF COAST OF PAKISTAN
2011,28.180199999999999,62.814599999999999,50.299999999999997,4,SOUTHWESTERN PAKISTAN
2011,34.717599999999997,71.180499999999995,50,3.5,PAKISTAN
2011,32.245800000000003,72.279700000000005,44.399999999999999,4.5999999999999996,PAKISTAN
2011,27.7669,65.136300000000006,43.600000000000001,5.7999999999999998,PAKISTAN
2011,34.075299999999999,75.180800000000005,40,4.2000000000000002,EASTERN KASHMIR
2011,27.831,66.555700000000002,35,4.9000000000000004,PAKISTAN
2011,27.7593,66.811099999999996,35,4.7000000000000002,PAKISTAN
2011,32.782400000000003,70.4084,35,4.5999999999999996,PAKISTAN
2011,28.7759,64.023300000000006,35,4.5,SOUTHWESTERN PAKISTAN
2011,29.380800000000001,70.071100000000001,35,4.4000000000000004,PAKISTAN
2011,29.165299999999998,63.416200000000003,35,4.4000000000000004,SOUTHWESTERN PAKISTAN
2011,28.908899999999999,66.760900000000007,35,4.2999999999999998,PAKISTAN
2011,34.8996,72.712400000000002,35,4.0999999999999996,PAKISTAN
2011,26.6525,66.974199999999996,35,3.7999999999999998,PAKISTAN
2011,27.895600000000002,66.388199999999998,35,3.7999999999999998,PAKISTAN
2011,33.462499999999999,72.554500000000004,35,3.7999999999999998,PAKISTAN
2011,28.651700000000002,66.761600000000001,35,3.7999999999999998,PAKISTAN
2011,31.285799999999998,73.634299999999996,35,3.7999999999999998,PAKISTAN
2011,31.297899999999998,71.032799999999995,35,3.7999999999999998,PAKISTAN
2011,28.545300000000001,69.504900000000006,35,3.7000000000000002,PAKISTAN
2011,28.633900000000001,66.026700000000005,35,3.6000000000000001,PAKISTAN
2011,28.805900000000001,68.461299999999994,35,3.5,PAKISTAN
2011,29.275200000000002,65.741799999999998,35,3.3999999999999999,PAKISTAN
2011,35.121600000000001,75.094300000000004,35,3.3999999999999999,EASTERN KASHMIR
2011,34.597200000000001,74.260499999999993,35,3.3999999999999999,SOUTHWESTERN KASHMIR
2011,31.604099999999999,72.355500000000006,35,3.3999999999999999,PAKISTAN
2011,31.7818,68.921999999999997,35,3.2999999999999998,PAKISTAN
2011,23.7135,62.836599999999997,35,3.2999999999999998,OFF COAST OF PAKISTAN
2011,34.879199999999997,73.927400000000006,34,4.4000000000000004,PAKISTAN
2011,33.786000000000001,72.545699999999997,34,3.7999999999999998,PAKISTAN
2011,34.824100000000001,73.843999999999994,34,3.7000000000000002,PAKISTAN
2011,35.020400000000002,73.840000000000003,34,3.5,NORTHWESTERN KASHMIR
2011,28.217600000000001,66.416700000000006,32,4.9000000000000004,PAKISTAN
2011,32.030799999999999,70.057500000000005,29,4.5,PAKISTAN
2011,31.979399999999998,69.952299999999994,29,4.2000000000000002,PAKISTAN
2011,29.3429,69.475399999999993,29,4.0999999999999996,PAKISTAN
2011,34.085700000000003,73.431799999999996,27,3.8999999999999999,PAKISTAN
2011,34.338799999999999,73.856099999999998,26,3.3999999999999999,PAKISTAN
2011,27.3962,65.834100000000007,25,3.5,PAKISTAN
2011,34.768300000000004,72.955799999999996,24,4.2000000000000002,PAKISTAN
2011,30.206499999999998,67.775999999999996,24,3.7999999999999998,PAKISTAN
2011,29.542999999999999,68.114199999999997,24,3.7000000000000002,PAKISTAN
2011,34.885899999999999,73.214500000000001,24,3.6000000000000001,PAKISTAN
2011,30.877300000000002,69.965400000000002,23,4.2000000000000002,PAKISTAN
2011,31.234500000000001,69.820499999999996,23,4.0999999999999996,PAKISTAN
2011,30.737300000000001,69.970699999999994,23,4.0999999999999996,PAKISTAN
2011,34.620800000000003,73.366699999999994,22,4,PAKISTAN
2011,34.601399999999998,73.634,22,3.3999999999999999,PAKISTAN
2011,34.698700000000002,73.024900000000002,21,4.4000000000000004,PAKISTAN
2011,34.4876,73.099900000000005,21,4.2000000000000002,PAKISTAN
2011,34.601900000000001,73.066900000000004,21,3.7000000000000002,PAKISTAN
2011,34.779400000000003,73.266199999999998,21,3.6000000000000001,PAKISTAN
2011,34.610199999999999,73.192099999999996,21,3.6000000000000001,PAKISTAN
2011,34.910499999999999,73.746399999999994,21,3.5,PAKISTAN
2011,34.939700000000002,73.626499999999993,21,3.2000000000000002,PAKISTAN
2011,26.9726,66.739999999999995,20.199999999999999,4.9000000000000004,PAKISTAN
2011,28.3185,66.414000000000001,20,4.5,PAKISTAN
2011,28.511399999999998,66.430300000000003,20,4.2000000000000002,PAKISTAN
2011,30.532900000000001,69.817499999999995,19,3.7999999999999998,PAKISTAN
2011,30.3096,67.609399999999994,17,3.6000000000000001,PAKISTAN
2011,28.880800000000001,68.364199999999997,16.699999999999999,5.0999999999999996,PAKISTAN
2011,31.042000000000002,70.3977,16,3.7000000000000002,PAKISTAN
2011,30.018000000000001,69.224500000000006,15,3.8999999999999999,PAKISTAN
2011,33.057299999999998,73.675899999999999,15,3.7000000000000002,PAKISTAN
2011,30.303999999999998,67.694800000000001,14,3.5,PAKISTAN
2011,30.119,69.892799999999994,12,4,PAKISTAN
2011,30.115600000000001,69.886499999999998,12,3.8999999999999999,PAKISTAN
2011,29.687999999999999,69.879599999999996,12,3.7999999999999998,PAKISTAN
2011,24.9559,62.781999999999996,10,4.4000000000000004,OFF COAST OF PAKISTAN
2011,31.645199999999999,71.722800000000007,10,4.0999999999999996,PAKISTAN
2011,30.5777,69.576300000000003,10,4,PAKISTAN
2011,34.647100000000002,73.382000000000005,10,4,PAKISTAN
2011,27.011900000000001,66.441800000000001,10,3.7999999999999998,PAKISTAN
2011,29.737200000000001,69.379900000000006,10,3.7999999999999998,PAKISTAN
2011,32.672199999999997,72.296800000000005,10,3.7000000000000002,PAKISTAN
2011,26.707999999999998,66.739699999999999,10,3.7000000000000002,PAKISTAN
2011,33.174700000000001,74.013499999999993,10,3.7000000000000002,SOUTHWESTERN KASHMIR
2011,24.747800000000002,61.460700000000003,10,3.6000000000000001,OFF COAST OF PAKISTAN
2011,34.895800000000001,72.683599999999998,10,3.6000000000000001,PAKISTAN
2011,35.061300000000003,72.876499999999993,10,3.6000000000000001,PAKISTAN
2011,25.719000000000001,70.078999999999994,10,3.5,INDIA-PAKISTAN BORDER REGION
2011,34.640000000000001,73.319999999999993,10,3.3999999999999999,PAKISTAN
2011,33.420999999999999,75.022999999999996,10,3.2999999999999998,EASTERN KASHMIR
2011,30.462499999999999,69.893600000000006,10,3.2999999999999998,PAKISTAN
2011,34.005600000000001,74.758899999999997,10,3.2999999999999998,SOUTHWESTERN KASHMIR
2011,32.187899999999999,69.733099999999993,10,3.2000000000000002,PAKISTAN
2011,27.149000000000001,66.428299999999993,8,4.9000000000000004,PAKISTAN
2011,27.1389,66.450199999999995,8,4.7000000000000002,PAKISTAN
2011,27.157,66.447999999999993,8,4.5,PAKISTAN
2011,26.991299999999999,66.725999999999999,8,4.4000000000000004,PAKISTAN
2011,30.375,70.694000000000003,0,3.8999999999999999,PAKISTAN
2011,35.063600000000001,75.203100000000006,0,3.7000000000000002,EASTERN KASHMIR
2011,28.204899999999999,65.461200000000005,0,3.6000000000000001,PAKISTAN
2011,34.284999999999997,73.234999999999999,0,3.5,PAKISTAN
2011,29.1416,62.058,0,3.5,SOUTHWESTERN PAKISTAN
2011,29.674099999999999,68.817099999999996,0,3.2999999999999998,PAKISTAN
2011,27.3093,66.373000000000005,0,3.2999999999999998,PAKISTAN
2010,32.3416,69.668000000000006,52.299999999999997,5,PAKISTAN
2010,33.769799999999996,75.349599999999995,45,4.2000000000000002,EASTERN KASHMIR
2010,32.259399999999999,70.892700000000005,42,4.2999999999999998,PAKISTAN
2010,29.818100000000001,70.199700000000007,38.700000000000003,4.5,PAKISTAN
2010,32.956499999999998,71.254099999999994,35,5,PAKISTAN
2010,32.820599999999999,69.780500000000004,35,4.7000000000000002,PAKISTAN
2010,33.701900000000002,75.234399999999994,35,4.7000000000000002,EASTERN KASHMIR
2010,27.014500000000002,66.989400000000003,35,4.5999999999999996,PAKISTAN
2010,25.563800000000001,63.327399999999997,35,4.5999999999999996,SOUTHWESTERN PAKISTAN
2010,29.208100000000002,69.983000000000004,35,4.5999999999999996,PAKISTAN
2010,32.820700000000002,69.761499999999998,35,4.5,PAKISTAN
2010,27.051400000000001,67.112799999999993,35,4.0999999999999996,PAKISTAN
2010,30.687100000000001,70.447599999999994,35,4.0999999999999996,PAKISTAN
2010,33.752299999999998,75.224000000000004,35,3.7999999999999998,EASTERN KASHMIR
2010,26.864699999999999,67.777000000000001,35,3.7999999999999998,PAKISTAN
2010,32.229799999999997,71.004499999999993,35,3.7999999999999998,PAKISTAN
2010,27.706600000000002,66.284000000000006,35,3.7999999999999998,PAKISTAN
2010,31.908899999999999,71.901200000000003,35,3.7999999999999998,PAKISTAN
2010,26.488099999999999,66.389499999999998,35,3.7000000000000002,PAKISTAN
2010,25.146799999999999,62.418700000000001,35,3.7000000000000002,SOUTHWESTERN PAKISTAN
2010,33.6738,75.214200000000005,35,3.7000000000000002,EASTERN KASHMIR
2010,28.273299999999999,66.261499999999998,35,3.7000000000000002,PAKISTAN
2010,25.799700000000001,65.158600000000007,35,3.7000000000000002,PAKISTAN
2010,27.444199999999999,66.669600000000003,35,3.7000000000000002,PAKISTAN
2010,26.946200000000001,66.775199999999998,35,3.6000000000000001,PAKISTAN
2010,25.994700000000002,65.951700000000002,35,3.6000000000000001,PAKISTAN
2010,27.206,65.524900000000002,35,3.6000000000000001,PAKISTAN
2010,33.607300000000002,71.192400000000006,35,3.6000000000000001,PAKISTAN
2010,26.741700000000002,66.304000000000002,35,3.6000000000000001,PAKISTAN
2010,29.457999999999998,67.511499999999998,35,3.6000000000000001,PAKISTAN
2010,33.365900000000003,71.848500000000001,35,3.5,PAKISTAN
2010,27.475899999999999,67.168199999999999,35,3.5,PAKISTAN
2010,34.836100000000002,72.997200000000007,35,3.3999999999999999,PAKISTAN
2010,26.8812,66.876000000000005,35,3.3999999999999999,PAKISTAN
2010,33.560400000000001,70.634,35,3.3999999999999999,PAKISTAN
2010,31.3414,73.355000000000004,35,3.3999999999999999,PAKISTAN
2010,33.825899999999997,72.883600000000001,34.5,5.2000000000000002,PAKISTAN
2010,34.851399999999998,73.836600000000004,34,4,PAKISTAN
2010,34.9221,73.957899999999995,34,3.7999999999999998,PAKISTAN
2010,34.9559,73.864199999999997,34,2.5,PAKISTAN
2010,30.065999999999999,69.579599999999999,33.700000000000003,5,PAKISTAN
2010,25.393999999999998,66.533000000000001,31.300000000000001,4.4000000000000004,PAKISTAN
2010,30.0806,67.141199999999998,29,4.7000000000000002,PAKISTAN
2010,29.763000000000002,69.729699999999994,29,4.2000000000000002,PAKISTAN
2010,31.794499999999999,70.1464,29,3.7999999999999998,PAKISTAN
2010,32.085599999999999,69.784199999999998,29,3.7999999999999998,PAKISTAN
2010,29.5503,69.307500000000005,29,3.6000000000000001,PAKISTAN
2010,28.244299999999999,66.393799999999999,26.899999999999999,5.2000000000000002,PAKISTAN
2010,34.205599999999997,74.035600000000002,26,4.4000000000000004,SOUTHWESTERN KASHMIR
2010,34.8444,73.098200000000006,24,4.5,PAKISTAN
2010,34.817700000000002,72.770200000000003,24,3.7999999999999998,PAKISTAN
2010,34.759300000000003,73.453500000000005,24,3.6000000000000001,PAKISTAN
2010,34.486800000000002,73.131299999999996,24,3.3999999999999999,PAKISTAN
2010,34.754899999999999,72.853300000000004,24,3.2999999999999998,PAKISTAN
2010,34.471899999999998,73.265600000000006,22,3.7000000000000002,PAKISTAN
2010,34.703000000000003,73.332599999999999,22,3.7000000000000002,PAKISTAN
2010,34.328600000000002,73.283299999999997,22,3.6000000000000001,PAKISTAN
2010,34.299900000000001,73.567999999999998,22,3.5,PAKISTAN
2010,34.380699999999997,73.437799999999996,22,3.2999999999999998,PAKISTAN
2010,34.717700000000001,72.781499999999994,21,3.7000000000000002,PAKISTAN
2010,34.730400000000003,72.926900000000003,21,3.3999999999999999,PAKISTAN
2010,34.330100000000002,72.867500000000007,21,2.6000000000000001,PAKISTAN
2010,28.365500000000001,66.571799999999996,20,4,PAKISTAN
2010,28.4148,66.571700000000007,20,3.6000000000000001,PAKISTAN
2010,30.209800000000001,68.358400000000003,20,3.5,PAKISTAN
2010,34.170999999999999,74.059799999999996,20,3.3999999999999999,SOUTHWESTERN KASHMIR
2010,30.4298,68.970100000000002,20,3.2999999999999998,PAKISTAN
2010,30.374500000000001,69.4923,19.399999999999999,5,PAKISTAN
2010,30.014299999999999,69.166200000000003,19,3.5,PAKISTAN
2010,28.605899999999998,66.096800000000002,17.600000000000001,4.5999999999999996,PAKISTAN
2010,30.161300000000001,67.625200000000007,17,3.7000000000000002,PAKISTAN
2010,30.190999999999999,69.923299999999998,16.399999999999999,4.5,PAKISTAN
2010,29.673999999999999,69.572400000000002,16.100000000000001,5.2000000000000002,PAKISTAN
2010,28.075600000000001,66.094999999999999,16.100000000000001,5,PAKISTAN
2010,29.8935,69.486199999999997,15,3.6000000000000001,PAKISTAN
2010,30.6083,67.863,14,3.7999999999999998,PAKISTAN
2010,30.324999999999999,67.795500000000004,14,3.6000000000000001,PAKISTAN
2010,30.494,67.457999999999998,14,3.5,PAKISTAN
2010,30.4617,67.753600000000006,13,3.7999999999999998,PAKISTAN
2010,31.521599999999999,70.194699999999997,12,5.4000000000000004,PAKISTAN
2010,29.764299999999999,69.826599999999999,12,3.6000000000000001,PAKISTAN
2010,30.053899999999999,69.859999999999999,12,3.6000000000000001,PAKISTAN
2010,30.145600000000002,69.832599999999999,12,3.5,PAKISTAN
2010,32.193800000000003,70.936499999999995,10,4.4000000000000004,PAKISTAN
2010,27.513300000000001,66.273099999999999,10,4.4000000000000004,PAKISTAN
2010,28.181899999999999,66.440299999999993,10,4.2999999999999998,PAKISTAN
2010,32.802300000000002,69.642700000000005,10,4.0999999999999996,PAKISTAN
2010,28.154,66.443100000000001,10,4,PAKISTAN
2010,34.235799999999998,71.156700000000001,10,4,PAKISTAN
2010,34.654499999999999,73.141199999999998,10,3.8999999999999999,PAKISTAN
2010,27.249700000000001,65.715900000000005,10,3.8999999999999999,PAKISTAN
2010,25.5868,63.350900000000003,10,3.7999999999999998,SOUTHWESTERN PAKISTAN
2010,27.946999999999999,66.081999999999994,10,3.7999999999999998,PAKISTAN
2010,27.774999999999999,65.437399999999997,10,3.7999999999999998,PAKISTAN
2010,31.467199999999998,74.256699999999995,10,3.6000000000000001,INDIA-PAKISTAN BORDER REGION
2010,33.971200000000003,73.557699999999997,10,3.6000000000000001,PAKISTAN
2010,29.003699999999998,68.444800000000001,10,3.6000000000000001,PAKISTAN
2010,34.590499999999999,73.156300000000002,10,3.6000000000000001,PAKISTAN
2010,33.064300000000003,71.412400000000005,10,3.5,PAKISTAN
2010,31.469999999999999,74.980999999999995,10,3.5,INDIA-PAKISTAN BORDER REGION
2010,33.245600000000003,72.149100000000004,10,3.5,PAKISTAN
2010,26.871300000000002,62.690100000000001,10,3.5,SOUTHWESTERN PAKISTAN
2010,30.695900000000002,69.612799999999993,10,3.5,PAKISTAN
2010,34.25,73.382999999999996,10,3.2999999999999998,PAKISTAN
2010,33.360999999999997,75.355999999999995,10,3.2000000000000002,EASTERN KASHMIR
2010,28.816600000000001,66.510300000000001,8,4.0999999999999996,PAKISTAN
2010,27.2727,66.754199999999997,8,3.7999999999999998,PAKISTAN
2010,35.0306,72.041799999999995,0,3.7999999999999998,PAKISTAN
2010,25.855599999999999,62.866500000000002,0,3.7000000000000002,SOUTHWESTERN PAKISTAN
2010,27.1035,66.086100000000002,0,3.7000000000000002,PAKISTAN
2010,26.918800000000001,67.459500000000006,0,3.6000000000000001,PAKISTAN
2010,35.023000000000003,72.660799999999995,0,3.5,PAKISTAN
2010,30.268000000000001,69.585599999999999,0,3.5,PAKISTAN
2010,26.776599999999998,66.846800000000002,0,3.3999999999999999,PAKISTAN
2010,28.639399999999998,68.094099999999997,0,3.3999999999999999,PAKISTAN
2010,29.645199999999999,68.2684,0,3.2999999999999998,PAKISTAN
2010,34.960900000000002,72.803700000000006,0,3.2000000000000002,PAKISTAN
