"magnitude","latitude","longitude","depth"
"4.4","37.3763","43.9859","10"
"4.4","37.329","43.9618","10"
"4.2","38.3805","39.0214","10"
"4.2","36.3336","28.3997","71.016"
"4.6","38.1995","38.0744","10"
"4.9","41.0715","33.7513","10"
"4.1","37.992","37.6592","10"
"4.1","36.9512","28.9794","10"
"4.2","36.346","27.5437","90.271"
"4.2","36.3343","36.1845","10"
"4.2","39.9108","39.2903","10"
"4.2","40.73","29.0587","12.447"
"4.6","36.1922","36.0589","10"
"4.1","37.1005","36.7291","9.113"
"5.1","40.4371","28.848","10.117"
"4.5","38.3501","37.6095","10"
"4.7","38.1529","38.5763","10"
"5.3","38.0841","38.552","10"
"4.5","38.1772","38.749","10"
"4.1","37.9535","36.6096","2.323"
"4.2","36.3438","27.6584","9.996"
"4.3","39.4045","44.7473","15.041"
"4.3","37.6939","29.9412","10"
"4.2","36.2482","31.915","100.268"
"4.2","36.9197","27.047","10"
"4.6","36.5969","36.4173","10"
"4.4","37.0154","30.2291","102.216"
"4.1","40.4965","27.5314","11.827"
"4.4","38.0188","36.3493","10"
"4.3","38.1561","38.6903","9.359"
"4.2","38.2054","27.6496","11.712"
"4.4","37.843","36.3173","6.207"
"4.1","37.4969","37.232","10"
"4.6","40.9045","31.7104","10"
"4.5","38.8669","43.4631","10"
"4.3","38.2782","38.1622","10"
"4.3","37.9536","38.1279","10"
"4.4","37.8482","36.6379","7.098"
"4.1","36.0004","35.9839","10"
"4.1","36.9464","27.0389","8.956"
"4.3","40.5347","36.6845","10"
"4.5","37.8997","36.359","6.835"
"4.4","37.9532","27.0764","12.09"
"4.8","38.967","32.9223","7.802"
"4.4","36.3227","27.8094","67.601"
"4.8","38.2125","38.1815","10"
"4.3","39.253","40.3487","10"
"4.7","38.4319","36.6586","14"
"4.3","36.7359","28.1337","73.187"
"4.4","37.9856","36.4304","10.013"
"4.7","37.6374","35.4222","10"
"4.7","38.2878","38.2075","10"
"3.3","37.8939","36.2631","3.78"
"3.3","36.8127","36.8093","10"
"4.2","39.3387","40.9565","10"
"5.2","38.2665","38.2011","10"
"4.3","38.5196","40.3602","10"
"4.2","38.1363","38.4248","10"
"4.3","36.0569","36.018","10"
"4.1","36.3607","31.0965","80.257"
"4.2","38.1855","38.6542","4.946"
"4.1","40.4059","42.2324","10"
"4.8","38.0881","32.6486","12.017"
"4.4","37.6148","36.0103","10"
"5.5","37.5794","35.9482","13.116"
"4.1","38.1644","37.162","10"
"4.2","37.8683","36.2978","10"
"3.5","38.3473","38.0806","10"
"4.1","39.7703","41.9078","10"
"3.4","39.3804","26.2468","10"
"3.5","38","36.3643","5.736"
"4.3","38.0471","36.572","0.876"
"4.2","38.0788","37.2715","10"
"4.3","37.9845","36.298","10"
"4.2","38.5003","39.1965","9.959"
"4.3","37.1215","43.492","10"
"4","38.1122","38.3939","10"
"4.4","37.9955","36.5699","10"
"4.2","38.8398","44.4737","10"
"4.1","38.1399","38.0173","10"
"4.2","37.841","36.2621","10"
"4.4","38.19","38.5957","10"
"4.3","37.6295","37.4085","10"
"4.5","38.4669","44.9405","10"
"4.3","38.667","42.996","16.035"
"4.3","40.1178","40.985","10"
"4","37.7894","27.186","10"
"4.3","37.7829","36.3231","10"
"4.5","37.9672","36.5784","10.496"
"4.1","39.4591","37.0948","10"
"4","38.0916","38.5909","10"
"4","37.9429","36.3225","10"
"4.3","37.8904","36.2608","10"
"4.4","37.9346","36.2708","5.385"
"4.1","36.4601","31.1573","74.002"
"4.1","37.9176","36.2543","10"
"4.9","37.9246","36.2523","5.539"
"4","38.3533","37.7687","10"
"4.1","37.9018","36.1797","7.024"
"4.2","37.8832","36.231","4.268"
"4.5","37.8784","36.2491","2.866"
"4.1","39.1821","32.9989","10.106"
"4.3","36.4169","28.8622","25.042"
"4.5","38.0217","38.4005","10"
"4.7","36.3545","36.2183","10"
"4.2","37.8443","36.564","10"
"4.8","37.9221","36.3313","9.387"
"4.2","40.4326","26.2194","10"
"4.2","38.0547","36.6366","7.793"
"4.9","38.0541","36.5563","11.5"
"4.4","37.5767","35.6059","10"
"4.2","38.1582","38.5532","10"
"4.2","38.3303","37.7144","10"
"4.6","38.1021","36.4431","10"
"4.1","36.1028","36.0439","10"
"4.2","38.7636","37.134","7.476"
"5.1","36.4294","26.3159","116.496"
"4.3","38.0104","36.4372","6"
"4.2","37.8831","36.4031","10"
"4","38.0275","37.3069","5"
"4.1","37.0767","28.4647","10"
"4.2","37.065","28.4103","10"
"2.6","39.9668","32.6543","8.353"
"4.4","38.4076","39.161","12.718"
"4","38.1965","38.6816","8.37"
"4","38.0743","36.7493","10"
"4.1","37.6037","37.1654","10"
"4.3","37.9156","36.2978","2.813"
"4.4","38.1221","38.5573","10"
"4.3","39.4205","44.48","10"
"4.3","37.897","36.4435","10"
"4","37.4535","37.1254","15.554"
"4.1","38.1056","36.8693","5.63"
"4.5","39.076","40.4393","10"
"4.2","37.6604","35.4674","10.149"
"4.3","37.1977","30.48","10"
"4.1","38.0591","37.7701","10"
"4.3","38.013","37.7709","10"
"4.4","37.9347","36.2862","5"
"4.3","41.0553","33.5349","6.314"
"4.3","36.0466","35.9161","10"
"4.3","36.0662","35.8128","10"
"4.3","36.9811","36.661","10.143"
"4.3","37.786","36.5257","10"
"4.1","37.3405","36.8426","3.865"
"4.5","37.9287","36.2781","3.848"
"4.4","38.2368","38.0593","5.513"
"4.3","37.6759","36.3106","16.767"
"4.4","38.0816","36.5466","8.93"
"4.3","37.9067","36.189","10"
"4.5","38.039","37.0762","10"
"4.4","37.9624","37.5237","12.756"
"5.6","38.4614","44.8505","11"
"4.6","37.9593","36.3728","10"
"4.4","38.0186","36.4699","10"
"5.3","38.0109","36.4273","10"
"4.2","37.8867","36.6199","7.606"
"4.3","38.0772","38.0427","10"
"4","37.3664","36.7383","10"
"4.2","38.0581","37.1965","10"
"4.3","38.0182","36.4817","9.438"
"4.3","38.0441","36.4908","9.74"
"4.1","37.1129","36.3047","7.423"
"4.4","37.8325","36.3765","2.786"
"4.6","38.0124","36.4342","7.446"
"4.1","37.7982","36.6794","7.657"
"4.4","38.0241","36.5823","5"
"4.3","36.2558","34.3695","10"
"4.8","40.7432","31.5028","10"
"4.2","37.1468","36.3894","12.301"
"4.6","37.7899","37.3899","10"
"4.6","38.0681","36.9544","3.289"
"3.9","38.1128","38.5365","8.388"
"4.3","36.8216","36.5749","8.342"
"4.4","38.1179","38.6785","10"
"4.6","38.1188","38.6904","5.474"
"4.3","37.9391","36.329","10"
"4.3","36.9506","35.7349","3.736"
"4.3","38.078","38.5946","10.648"
"4.1","37.9912","37.4971","8.969"
"4.8","38.6968","35.3499","6"
"4","38.0554","38.4498","5.379"
"4.3","38.0443","38.4499","10"
"4.2","38.8412","37.3634","10"
"4.1","38.7072","35.3412","3.922"
"4.7","38.6363","35.2749","5"
"4.4","37.6641","36.608","8.301"
"4","36.1589","36.0428","10"
"4","38.197","37.2109","14.422"
"4","36.2202","36.0072","10"
"4.3","36.1213","36.1681","10"
"4.1","37.9373","37.9093","4.878"
"4","36.1816","36.0375","10"
"4.8","36.7867","36.1842","10"
"4.2","38.0299","38.2134","2.86"
"5","37.8395","36.7004","7.12"
"3.4","38.2315","38.1119","6.914"
"4.4","37.2659","37.0676","9.357"
"4.2","41.3069","44.0089","10.051"
"4.7","36.3065","36.097","10"
"4.3","37.7611","37.8869","10"
"4.1","37.9019","36.8966","10"
"4.1","37.2808","37.0318","11.969"
"4.1","37.2588","36.992","13.18"
"4","38.714","35.3935","10"
"3.9","37.9073","36.7306","10"
"4.4","37.7893","36.7056","10"
"4.3","37.4289","36.4287","13.271"
"4.2","38.2434","38.2911","10"
"5.2","38.2144","38.2773","10"
"4.4","36.6204","35.704","10"
"4.2","37.9189","37.0464","8.266"
"4.7","37.8722","37.5853","10"
"4.3","38.0353","37.0903","10"
"4.5","36.0535","36.012","10"
"4.4","38.0367","37.067","6.703"
"5.2","37.9797","33.9876","11.752"
"4.1","38.3654","37.4414","5.166"
"4.2","36.0592","35.9528","10"
"4.2","38.9781","41.0714","6.75"
"4.5","38.0934","38.7162","10"
"4.6","38.7865","37.3025","10"
"4.5","37.9736","33.9905","10.022"
"4","36.3086","36.0365","10"
"4.9","36.0589","36.095","10"
"4.4","38.0035","37.7419","10"
"4","37.2286","37.0909","10"
"4.1","38.0438","38.3872","9.136"
"4.2","38.0395","37.8449","10"
"4.4","38.4898","40.3081","11.672"
"4","38.0463","36.6397","10"
"4.2","36.1158","36.1459","10"
"4.1","38.0685","37.43","10.747"
"4.2","37.4411","37.2074","16.582"
"4.2","38.1698","38.4896","5.935"
"4.3","38.0175","37.3695","10"
"4.2","36.2572","36.1266","10"
"4.2","36.105","35.9906","10"
"4.6","36.2653","36.0798","10"
"5.5","36.159","35.9351","10"
"6.3","36.1616","36.0251","16"
"4.4","38.6405","39.9601","7.501"
"4.3","38.0024","36.7996","6.718"
"4.4","38.6331","39.9916","5.322"
"4.2","38.6528","39.9381","13.941"
"4.5","38.6907","39.9843","10"
"4.7","38.6445","39.9175","10"
"4.2","38.2676","38.8212","10"
"3.9","37.3725","36.8705","10"
"4.6","38.2354","38.1917","5.306"
"4.3","37.3021","36.8869","11.749"
"4.2","37.2737","36.8291","10"
"4.1","37.1416","36.8384","9.74"
"4.3","38.0406","36.2306","6.431"
"5","38.0696","36.5991","12.158"
"4","37.9217","38.1144","9.326"
"4","38.073","37.1651","5.16"
"2.6","37.9028","32.5633","10"
"3.9","38.0804","38.1774","15.797"
"4.4","38.6273","39.642","10"
"4.4","37.9375","36.3279","6.44"
"4.6","39.1851","40.1492","10"
"4.1","37.8609","37.9524","10"
"5.2","36.1766","35.7967","10"
"4.1","37.9197","37.5097","10"
"4.6","38.1997","37.8377","10"
"4.3","38.0817","38.5211","15.653"
"3.9","37.3595","36.8701","13.697"
"4.2","38.0487","36.6395","6.273"
"4.2","40.5723","35.3842","2.084"
"4.4","38.0187","36.4651","5.224"
"4.3","38.0945","36.7069","10"
"4.2","36.7937","36.5503","10"
"4.5","38.5302","37.4908","5"
"4.4","38.0849","37.166","0.343"
"4","37.8316","37.9533","12.979"
"4.4","36.0172","36.1295","10"
"4.2","36.781","36.1142","10"
"4.6","38.0051","36.42","7.437"
"4.2","37.8703","36.2865","10"
"4.3","38.0402","38.589","13.42"
"4.5","36.8844","36.6204","11.34"
"4.3","38.0251","36.6342","10"
"4","36.0389","35.8488","10"
"4.4","36.5999","36.8854","10"
"4.3","37.2623","37.0849","10"
"4.7","37.3429","36.9989","9.339"
"4.1","38.083","36.6197","10"
"5","38.824","38.031","10"
"4.4","37.8149","36.7003","10"
"4.3","37.9553","38.2894","10"
"4.2","36.7991","36.7677","4.27"
"4.1","38.1339","38.2786","16.771"
"4.2","36.1158","36.3017","10"
"4","41.875","42.2665","10"
"4.4","38.0797","37.3193","7.67"
"4.3","41.8775","42.1528","10"
"4","38.1156","38.5843","8.654"
"4.1","37.9055","37.4792","10"
"4.3","36.5324","36.4568","10"
"4.3","37.796","38.2326","10"
"4.1","38.0249","36.4218","10"
"4.3","36.6384","36.5737","10"
"4.3","37.7557","37.8675","11.351"
"4.3","38.1325","38.732","2.958"
"4.3","36.268","36.171","10"
"4.4","41.9449","42.1521","10"
"4.4","37.9428","36.5034","10"
"4.5","38.8519","38.0757","10"
"4.1","38.0902","36.6163","8.66"
"4.2","37.8492","36.67","8.739"
"4.4","36.4869","36.3096","5.36"
"4.3","38.1233","36.6274","13.853"
"4.3","38.0281","38.1329","4.448"
"4.6","37.0598","36.95","4.748"
"4.6","38.0647","36.5778","8.106"
"4","37.9256","38.192","10"
"4.3","37.8165","36.5708","10"
"4.2","37.9489","38.4382","10.26"
"4.1","36.5556","36.5606","10"
"4.2","38.0517","38.5848","10"
"4.1","38.1788","38.5981","4.258"
"4.7","37.8868","36.2951","2.087"
"4.4","38.1976","38.1375","10"
"4.3","38.0757","38.1756","7.345"
"4.2","38.0858","38.451","10"
"4.7","38.1736","38.1714","10"
"4.4","38.1343","38.2167","10"
"4.3","37.8685","36.631","5.225"
"4.2","37.1058","36.6317","5.459"
"4.2","37.1694","36.8496","10"
"4.1","38.0264","36.6096","10"
"4.2","36.1764","35.7977","10"
"4","38.0746","36.5194","10"
"4.1","37.9544","37.7834","10"
"4.3","37.9921","37.7044","10"
"4.3","37.2659","36.9198","11.669"
"4.3","39.1974","40.1831","10.605"
"4.3","38.0605","38.6406","12.373"
"4.2","38.0799","36.5452","8.987"
"4.3","37.995","36.5954","6.994"
"4.6","36.9611","36.6603","8.379"
"4.1","37.8752","37.6589","14.944"
"4.3","38.1849","38.1997","15.513"
"4.4","38.0679","36.6086","8.594"
"4.3","38.0951","38.4712","15.955"
"4.3","37.9616","36.3641","10"
"4.3","37.9889","38.5654","13.975"
"4.3","36.8136","36.4252","10"
"4.5","37.8831","37.7147","8.154"
"4.4","38.4984","40.4216","8.839"
"4.2","38.3957","39.284","14.83"
"4.2","38.512","40.4236","13.017"
"4","38.2135","38.1703","10"
"4.5","38.1972","38.1247","10"
"4.2","36.3313","36.0996","10"
"4.5","38.0531","36.5409","10"
"4.4","37.5096","37.116","10"
"4.4","39.7542","40.744","10"
"4.4","38.0244","37.1589","10"
"4.3","37.8218","36.5994","1.576"
"4.3","38.0391","36.953","10"
"4.3","38.0396","38.5055","16.116"
"4.4","38.0953","36.6525","11.674"
"5.1","37.9963","37.4325","5.398"
"4.1","37.9312","38.2283","17.226"
"4.1","38.8457","37.2766","10"
"4","38.0802","36.8835","10"
"4.5","37.9367","37.6179","3.53"
"5.4","37.9389","37.6611","9.559"
"4.1","38.0268","37.7704","10"
"4.4","37.1554","37.0022","6.602"
"4.4","38.0337","36.5009","10"
"4.3","36.6565","36.5077","10"
"4.1","37.8795","37.7666","12.886"
"5","38.0061","36.4959","10"
"4.1","36.3259","36.2434","10"
"4.4","36.7009","36.3794","10"
"4.5","36.2022","36.1959","10"
"4.4","37.9558","38.313","10"
"4.2","38.0593","36.7087","10"
"4.3","37.1511","36.671","10"
"4.1","37.1601","36.6433","10"
"4.3","37.8759","38.1193","10"
"4.1","38.0835","37.1939","14.197"
"4.5","36.0927","35.8637","10"
"4.2","38.0992","36.5507","6.069"
"4.2","38.0663","36.5541","12.635"
"4.1","37.4201","36.9564","12.635"
"4.7","37.904","37.4957","3.541"
"4.6","38.5889","39.9722","10"
"4.4","38.0472","36.9204","13"
"4.4","37.9172","42.8093","3.523"
"4.4","37.8659","38.2929","26.793"
"5.3","37.9358","36.6013","17.857"
"4.2","38.0002","36.4438","8.524"
"4.2","37.8896","37.6276","16.287"
"4.1","37.9421","37.323","17.033"
"4.2","36.0086","35.9967","10"
"5","37.9939","36.4771","11.132"
"4.7","37.3758","37.1447","10"
"4.4","38.0426","36.5803","10"
"4.5","36.0984","35.8449","10"
"4.5","38.2171","38.263","15.409"
"4.4","37.9808","37.6619","3.759"
"4.1","37.8906","36.6707","10"
"4.5","37.8696","36.6642","8.656"
"4.6","36.0958","35.9441","10"
"4.6","38.3061","38.1915","16.052"
"5.3","38.0164","38.57","12.988"
"4.2","37.5226","37.1468","10.944"
"4.2","38.1471","36.3693","20.355"
"4.2","37.8817","37.528","10"
"4.3","38.1372","38.537","15.974"
"4.3","36.5768","36.4539","10"
"4.2","36.8855","36.6006","10"
"4.4","38.0311","37.5813","16.18"
"5.4","38.0971","38.6398","9.063"
"4.5","38.3144","37.5808","5.787"
"4.5","38.0342","36.455","6.359"
"4.2","37.3357","36.8762","7.505"
"4.1","38.0668","38.1413","17.718"
"4.4","36.1531","36.3488","13.661"
"4.4","36.8131","36.6306","10"
"3.9","37.9036","37.4321","10"
"4.1","37.7181","37.4217","10"
"4.2","37.507","37.227","10"
"4.3","36.2678","36.2151","10"
"4.3","37.748","37.6323","10"
"4.6","37.6089","37.3755","10"
"5.5","37.7639","37.7309","10"
"4.8","37.917","37.6406","10"
"4.3","37.3373","37.1197","10"
"4.4","38.0387","36.5733","10"
"4.4","38.1044","36.9078","10"
"4.2","38.6041","37.5154","15.268"
"4.1","38.0265","37.5093","10"
"4.4","37.4326","37.0521","10"
"4.4","38.0152","36.5543","10"
"4.2","38.0903","36.7693","10"
"4.3","38.0195","36.4624","10"
"4.2","37.8431","36.6148","10"
"4.2","37.9846","37.404","10"
"4","37.9341","36.6247","11.221"
"4.2","38.0613","36.5637","13.174"
"4.1","38.0473","36.4145","6.86"
"4.2","37.9513","37.4756","5.481"
"4.4","38.1918","38.1778","8.296"
"4.1","38.0814","36.8993","10.236"
"4.7","38.032","36.5882","9.855"
"4.9","38.072","37.034","10.235"
"4.5","36.7444","36.4904","19.625"
"4.4","37.9263","36.4655","10"
"4.8","38.2106","38.2511","10"
"4.3","36.1512","36.1819","10"
"4.8","38.0063","36.5773","10"
"4.9","38.2636","37.9916","10"
"5.3","37.2507","37.0859","10"
"4.1","38.0887","38.6825","10"
"4.3","37.9649","36.479","6.59"
"4.3","37.8934","37.6383","14.754"
"4.8","38.0339","36.3096","10"
"4.2","38.0947","36.6422","10"
"4.4","38.0516","38.1927","9.27"
"4.2","37.4801","37.1528","10"
"4.4","38.0086","37.2784","10"
"4.5","37.8505","36.6645","10"
"4.2","37.989","36.3922","10"
"4.1","38.0322","37.3231","10"
"4.2","37.9398","38.1889","10"
"4.3","36.9819","36.8786","10"
"4.1","36.9291","36.7256","10"
"3.9","38.1659","38.1633","10"
"5.2","37.9781","36.4456","10"
"4.4","38.1022","36.5286","10"
"4.5","38.0881","37.8449","10"
"4.5","37.0895","36.7386","10"
"4.5","38.097","36.696","10"
"4.1","38.1262","36.5145","10"
"4.3","37.961","37.3379","10"
"4.5","38.0112","37.4148","9.152"
"5","38.0007","36.5078","10"
"4.3","38.2354","39.1175","10"
"4.9","36.6625","36.4828","10"
"4.7","37.4633","36.981","5.178"
"4.7","38.0468","36.4364","10"
"4.8","38.0385","36.5982","10"
"4.6","37.9826","36.8994","10"
"4.2","38.0666","36.4607","10"
"4.1","38.0189","36.5048","3.826"
"4.1","38.0912","36.433","10"
"4.5","36.1064","35.7822","10"
"4.3","37.9972","36.9911","10"
"4.2","38.0709","37.5505","10"
"4.3","37.868","37.8519","15.594"
"5.4","38.19","38.1756","7.43"
"4.9","37.8791","37.7355","10"
"4.3","38.0378","37.8354","10"
"4.4","38.0706","38.404","10"
"4.5","38.1782","37.7439","10"
"4.5","38.0365","37.8572","10"
"4.7","37.9977","36.4927","10"
"4.5","36.8097","36.5387","10"
"4.4","37.8732","37.3571","21.255"
"4.5","37.7257","37.385","10"
"4.4","37.9944","36.4533","10"
"4.3","38.2079","37.8768","10"
"4.3","38.0588","36.4642","10"
"5","37.9405","37.4916","16.865"
"5.3","38.0166","37.7013","10"
"4.2","36.3454","36.4775","10"
"4.2","37.9231","37.5399","15.685"
"4.3","38.2669","38.3801","10"
"4.5","36.3959","36.3691","10"
"4.4","38.0367","37.3789","10.761"
"4.9","37.9951","36.3843","10"
"4.5","37.8011","37.9066","14.619"
"4.8","37.9077","36.5237","10"
"4.7","38.0104","36.6564","10"
"4.6","36.2541","36.2923","10"
"5","38.0384","37.371","16.904"
"4.5","37.991","37.2762","19.665"
"4.6","37.9978","37.4732","9.48"
"4.5","38.1156","36.6841","10"
"4.6","38.0519","36.864","18.833"
"4.3","38.0382","36.8659","13.923"
"4.6","37.9664","37.7885","10"
"4.9","38.0972","38.2339","14.471"
"4","37.9345","38.0571","16.472"
"4.2","37.8798","37.4824","16.174"
"4.4","38.0621","36.4541","8.221"
"4.7","37.9248","37.3761","17.77"
"4.4","38.0169","36.4016","8.28"
"6","38.0582","36.5114","8.516"
"4.7","38.0509","37.5686","15.351"
"4.3","38.0599","36.6805","7.09"
"4.5","38.016","37.7225","16.818"
"4.5","37.9721","36.3402","5.716"
"4.3","38.1471","38.0506","16.478"
"4.8","38.0622","36.5678","11.405"
"4.5","37.9417","37.351","17.733"
"4.1","38.1794","37.955","11.962"
"4.2","37.9264","36.9995","18.104"
"4.3","37.9321","38.246","13.126"
"4.1","38.0274","37.7493","15.64"
"4.9","37.9593","37.3732","10"
"5.1","38.0752","36.7588","5.968"
"4.2","38.0723","36.6628","15.349"
"4.8","37.8259","37.4436","13.77"
"4.6","37.9728","37.3801","10"
"4.3","38.6244","37.3766","10"
"5.7","38.248","38.1847","10"
"4.6","37.6189","37.9263","10"
"4.3","37.9155","37.8106","16.124"
"4.7","38.0443","36.644","10"
"4.7","38.039","36.8385","10"
"4.6","38.034","37.7967","11.982"
"4.5","37.8722","37.3582","10"
"5.8","38.0249","37.8023","10"
"5.4","37.9962","37.2033","14.057"
"6","38.0315","38.0984","10"
"7.5","38.0106","37.1962","7.432"
"4.4","37.9287","38.3323","17.106"
"4.4","38.8229","39.4835","16.043"
"4.3","37.3147","36.7946","11.367"
"4.6","36.9214","36.427","10"
"4.5","37.7583","37.9812","17.065"
"4.5","38.0402","38.2553","11.354"
"4.8","37.4633","37.2102","10"
"4","36.1795","35.9229","10"
"4.5","36.6219","36.4225","10"
"4.6","37.8718","38.0812","10"
"4.3","36.7978","36.2602","10"
"4.2","36.595","36.3297","10"
"4.5","36.7139","36.4459","11.457"
"4.2","37.47","37.0824","19.154"
"4.8","37.6427","37.394","10"
"4.5","38.0564","38.2173","10"
"4.6","37.3961","37.1506","10"
"4.4","38.1199","38.3761","10"
"4.3","37.4072","36.9513","10"
"4.5","37.9201","38.4457","10"
"4.4","36.3265","36.4042","10"
"4.6","36.2606","36.2043","10"
"4.5","37.9116","38.2366","19.278"
"4.6","36.2975","36.2085","13.032"
"4.4","36.4188","36.2183","10"
"4.6","38.0957","38.2361","15.345"
"4.4","38.0053","38.042","10"
"4.4","37.3082","37.7106","10"
"4.1","38.0197","38.3054","10"
"4.1","37.7999","37.7821","10"
"4.4","37.4966","37.1888","5.336"
"4.2","37.3768","37.0793","11.165"
"4.6","37.7898","37.8568","16.551"
"4.5","37.4609","37.1603","16.174"
"4.5","36.7176","36.4733","10"
"4.3","37.7907","37.4444","17.034"
"4.4","36.3649","36.4413","10"
"4.3","37.2919","36.8854","12.932"
"4.1","37.555","37.2001","13.385"
"5","38.1845","38.5342","16.416"
"4.5","37.5236","37.2784","11.788"
"4.4","38.1847","38.6102","9.958"
"4.2","37.0844","36.9133","12.1"
"4.1","37.7658","37.4588","10"
"4.4","37.8315","37.3919","5.017"
"4.3","36.6427","36.426","10"
"4.2","37.3982","36.8946","10"
"4.3","37.7604","37.4251","14.46"
"4.8","38.1656","38.65","16.431"
"4.3","37.2442","37.1335","15.704"
"4.2","38.2368","38.5132","9.221"
"4.2","37.0297","36.7506","10"
"4.4","38.0773","38.5775","16.819"
"4.4","37.9268","37.8357","5.884"
"4.3","38.1446","38.558","12.514"
"4","37.733","37.4257","10"
"4.3","38.0715","38.4951","17.34"
"4.5","37.5003","37.3267","3.572"
"4.4","37.7127","37.8001","16.08"
"4.7","38.1742","38.482","16.696"
"4.4","37.9204","37.7822","10"
"4.1","38.1475","38.435","14.043"
"4.4","38.8297","38.8005","14.19"
"4.7","36.7084","36.3519","10"
"4.2","38.5461","40.4563","12.85"
"4.2","36.8497","36.3895","10"
"4.2","37.8697","38.3908","10"
"4.7","37.0822","37.0363","10"
"4.3","37.4941","37.2266","14.637"
"4.4","38.1084","38.495","17.891"
"4.5","37.5639","37.1467","17.393"
"4.5","37.4137","36.8216","12.112"
"4.1","37.4292","36.9502","8.01"
"5.3","37.1816","36.9658","11.359"
"4.2","37.4358","37.0658","14.349"
"4.8","37.1024","36.7301","12.201"
"4.2","37.4468","37.0449","10"
"4.2","37.2863","36.8539","10"
"4.1","37.9265","38.2237","16.711"
"4.4","38.1562","38.5195","14.253"
"5","37.9227","38.0613","10"
"5.3","37.7712","37.9141","16.929"
"4.8","37.3512","37.095","10.502"
"4.5","37.7238","37.8026","16.202"
"5.1","37.0302","36.6208","10"
"4.3","37.7175","37.3615","10"
"4.4","37.2073","36.5988","10"
"4.4","36.3603","36.1708","10"
"4.7","37.4756","37.1578","7.445"
"4.5","36.7205","36.6192","10"
"4.8","38.2407","38.7424","15.123"
"4.9","37.9828","38.1435","10"
"4.6","38.6055","40.5767","11.35"
"4.6","37.9792","38.5117","14.252"
"4.7","36.6696","36.4767","10"
"5.6","36.9921","36.6832","10"
"6.7","37.1893","36.8929","9.797"
"5.7","37.2252","37.0001","10"
"7.8","37.2256","37.0143","10"
"4.2","37.2003","36.4998","10"
"4","38.5428","44.8784","10"
"4.2","38.5153","44.8139","10"
"4.2","38.5594","44.717","10"
"4.5","38.4819","44.7507","10"
"4.7","38.4906","44.8693","10"
"4.1","38.6392","44.8223","10"
"4.5","38.6005","44.8287","10"
"5.1","38.4811","44.9282","10"
"5.9","38.4199","44.9097","16"
"4.2","36.089","31.6537","87.455"
"4.3","38.5878","44.7612","10"
"4.4","38.3997","44.9477","10"
"4.1","36.9911","36.1694","10"
"4.3","38.472","44.9169","16.66"
"5.7","38.4334","44.9458","19.102"
"4.7","38.4311","39.156","10"
"3.2","37.943","27.3214","10"
"4.9","39.4874","26.2503","10"
"4.6","39.4132","26.1996","12.538"
"4.8","39.389","26.1735","10"
"4.1","41.197","34.1385","12.346"
"4.4","40.0075","42.2048","13.14"
"4.1","37.1006","37.0917","25.656"
"4.6","36.392","36.4912","10"
"4.2","40.3585","27.0456","10"
"4.1","37.0933","28.3024","10"
"4.2","36.0737","27.0127","10.892"
"4.3","37.9374","27.2412","10"
"4.2","40.7866","30.9174","10"
"3.1","37.0273","30.6936","6.465"
"4.5","40.8448","31.01","10"
"4.4","40.8188","30.9274","10"
"6.1","40.8356","30.9831","10"
"4.6","36.9992","28.4542","10"
"4.2","38.7487","42.5778","10"
"4.2","38.6937","42.5508","10"
"4.8","38.339","27.2071","10"
"4.1","37.4183","37.142","10"
"4.3","37.3677","37.2943","10"
"4.1","37.9036","27.2683","10"
"4.2","37.8719","27.2544","10"
"4","38.3019","39.0543","10"
"5","37.2612","36.2339","10"
"4.6","37.0741","28.9243","10"
"4.3","39.602","40.5212","3.106"
"4.3","39.5387","40.5292","10"
"4.4","40.7747","42.9258","11.564"
"4","36.9112","27.6954","11.133"
"4","40.8132","43.0097","10"
"4.3","40.7497","42.9007","10"
"5.3","40.7188","42.8876","10"
"5.1","38.4613","44.9496","10"
"4.8","39.3672","40.7044","10.924"
"4.3","37.0733","28.6036","10"
"4.2","38.2452","44.0181","10"
"4","37.093","28.5153","10"
"4.6","37.5368","26.8049","10"
"5.4","37.5527","26.8515","10.926"
"4.7","37.5649","26.8151","10"
"5","37.9952","27.1512","11.697"
"4.2","37.4826","37.0408","10"
"4.3","40.635","34.7903","10"
"4.3","36.1379","29.697","37.627"
"4.2","36.1028","30.9478","81.804"
"4.2","39.4721","41.2253","2.283"
"4","37.363","37.0592","10"
"4.3","40.1461","27.3855","26.557"
"4","40.8374","31.2823","10"
"4.1","39.2566","27.7308","10"
"4.2","36.4826","31.0733","67.46"
"4.2","41.1684","43.937","10"
"4.7","41.1354","43.9928","10"
"4","38.8439","43.5181","10"
"4.4","39.1434","37.7879","8.07"
"5.2","38.7366","43.5068","10"
"4.3","36.0321","31.4165","62.57"
"4.6","38.8382","43.4028","10"
"4.3","39.8377","27.9827","10"
"4","39.8749","27.9645","10"
"4.9","36.0633","27.5159","17.71"
"4.3","38.9782","29.7287","5.89"
"4.1","39.483","40.7909","14.57"
"4.2","41.701","43.4425","10"
"4.2","36.4323","26.8293","134.49"
"4","36.5108","28.5676","57.36"
"4.3","41.112","44.065","12.45"
"4.3","38.1744","26.1468","4.78"
"4.9","41.1134","44.0631","10"
"4.2","37.054","28.236","7.91"
"4","38.2131","38.7501","10"
"5.3","38.1155","38.6617","10"
"4.2","37.4062","35.1184","10"
"4","36.0814","31.1221","71.21"
"4.2","41.1601","34.126","10"
"4","41.1617","43.9674","10"
"4.1","38.0267","28.4775","10"
"4.4","40.0699","28.6157","10"
"4.2","38.1754","38.4545","7.93"
"4","36.8988","27.6253","10"
"4.1","41.1904","34.3678","10"
"4.4","40.769","27.404","10"
"5.3","41.1598","44.01","10"
"4.1","36.9648","27.641","10"
"4.2","40.5313","28.9725","11"
"4.5","37.9265","32.098","10"
"4.6","39.0635","40.0681","10"
"4.7","39.1928","40.1586","10"
"4.6","39.5763","28.8232","2.68"
"4.9","39.0484","35.9156","10"
"4.2","36.261","28.8712","44.31"
"4.2","37.907","44.6724","10"
"5.1","36.1445","31.2928","42.99"
"4.3","36.5925","27.0733","137.39"
"4","38.7404","43.401","10"
"4.1","40.5072","34.1769","10"
"4.9","38.8916","43.4846","19.36"
"4.1","37.8976","26.0127","10"
"4","37.6558","26.1139","10"
"5.1","37.7371","26.0792","10"
"4.7","39.7369","41.8806","10"
"5.1","39.8267","41.9223","6.17"
"4.8","40.8642","30.9954","7.19"
"4.8","38.1991","38.7832","7"
"4.3","37.8971","32.1059","20.74"
"5.1","37.8434","32.1713","10"
"4","38.5818","31.6373","10"
"4.1","41.105","44.0514","10"
"4.4","38.6076","43.3512","10"
"4.2","38.6719","43.0894","10"
"4.4","38.6105","43.1477","10"
"4.2","36.3625","27.1864","10"
"4.4","36.4451","27.1903","9.86"
"4.3","37.528","30.3663","10"
"4.3","36.4671","27.1622","10"
"4.5","36.5029","27.1495","10"
"4.6","36.4896","27.1703","10"
"4.2","36.4251","28.4345","59.5"
"4.1","36.3523","27.2673","10"
"4","36.4387","27.1385","10"
"4.4","36.7164","42.4005","10"
"4.3","40.58","36.9462","10"
"4.1","37.93","29.3483","10"
"4.1","37.8875","29.4053","10"
"4.3","36.333","27.0088","10"
"4","36.2823","35.7899","10"
"4.5","36.4786","27.1703","9.76"
"4.2","36.4181","27.2005","9.42"
"4.6","36.1165","31.0332","48.62"
"4.2","37.8132","29.688","10"
"4.6","36.2989","27.1498","10"
"4.2","36.3356","27.0107","10"
"5.1","39.0422","30.1894","10"
"4.3","36.342","27.0888","10"
"4","38.5978","44.2294","5"
"4.7","36.3354","27.1198","10"
"4.3","36.1814","27.1131","10"
"4.8","41.1691","43.9722","10"
"4.1","41.1211","44.12","10"
"4","36.1895","27.0206","10"
"4.2","36.1792","27.0554","10"
"5","36.2724","27.0356","18.4"
"4.1","36.25","27.0402","10"
"4.2","36.2408","27.0945","25.8"
"4","36.0894","27.0016","10"
"4.2","36.3481","27.089","10"
"4.4","36.2661","27.081","10"
"4","38.9189","35.667","10"
"4.3","36.2232","27.0556","10"
"4.2","36.3071","27.062","10"
"4.4","36.2933","27.1431","10"
"4.6","36.3658","27.0007","8.18"
"4","36.3153","27.0209","16.94"
"5.2","36.3902","27.0435","10"
"4.2","36.3204","26.9805","10"
"4.2","36.2966","27.0954","10"
"4.1","36.2233","27.187","10"
"4","36.2001","27.1133","10"
"4.5","36.3665","27.0431","5.96"
"4.4","36.2215","27.0298","10"
"4","36.3931","27.0824","11.22"
"4.2","36.3191","27.0565","10"
"5.6","36.3958","27.0112","10.13"
"4.4","36.3274","27.064","10"
"4.7","36.4103","27.0628","10.99"
"4.1","39.289","40.3319","10"
"4.3","39.1724","26.1042","10"
"4.6","37.1114","36.4369","10"
"3.3","37.064","36.4077","10"
"4.8","36.3524","27.0556","41.61"
"4.1","38.9471","26.1083","10"
"4.3","38.9612","26.0722","14.8"
"3.9","38.9222","26.0911","14.73"
"4.1","37.7573","27.9657","10"
"4.1","38.945","35.6174","6.95"
"4.1","38.9412","35.6905","10"
"4","40.1215","34.4358","10"
"4.1","38.9155","26.0142","10"
"4.3","38.9159","26.0225","10"
"4.2","36.4134","27.0791","10"
"4.3","39.0238","29.7084","10"
"4.1","38.4368","39.6178","6.77"
"5.4","39.1868","40.1667","3.07"
"4.3","36.3765","27.0535","10"
"4.2","38.9298","44.5543","10"
"4.2","36.3417","27.0624","10"
"4.3","36.2707","27.0835","10"
"5.5","36.4391","27.0416","9.03"
"4.2","36.4705","27.1418","10"
"3.5","40.9881","29.1424","9.81"
"4.1","37.2087","30.8173","105.17"
"4.4","36.2859","27.1213","10"
"4.2","36.3759","27.1473","20.92"
"4.2","37.5745","36.1435","10"
"4.3","39.985","40.1588","10"
"4.1","36.3856","27.1625","33.75"
"4.6","38.076","27.0444","10"
"4","40.2787","34.4398","4.9"
"4.3","36.2784","27.1579","10"
"4.4","36.3394","27.6434","84.46"
"4.2","36.3338","27.2142","10"
"4.4","36.2966","27.1552","10"
"4.1","36.5988","27.0299","140.98"
"4.6","36.3997","27.1438","10"
"4.2","36.3788","27.1475","10"
"4.4","36.3455","27.1118","10"
"4.1","36.3324","27.0665","9.4"
"5","36.4064","27.096","9.98"
"4.5","39.239","26.0924","11.2"
"5.3","36.5325","27.0593","5.7"
"4.1","40.8361","34.7499","8.37"
"4.2","36.3391","27.1309","10"
"4.5","36.463","27.1575","4.9"
"4","36.4352","27.1213","11.3"
"4.2","36.426","27.102","11.9"
"4.6","36.3122","27.1863","10"
"4.7","36.2412","26.5129","108.9"
"4.2","39.7819","39.0541","10.44"
"4.4","37.1044","28.7649","5.5"
"4.1","39.6645","43.7922","10"
"4","39.6591","37.3333","10"
"4.3","39.4711","40.3624","10"
"4.4","38.9762","26.0262","13.22"
"4.3","38.2081","30.039","4.15"
"4.9","40.0309","44.4522","10"
"4.6","41.4361","33.5393","10"
"4.6","38.6436","31.6136","10"
"4.8","38.6079","31.5627","10"
"4.3","37.6529","26.4548","10"
"4.3","39.1136","36.0539","10"
"4.5","39.1013","36.0983","10"
"4.8","38.9772","26.0791","10"
"4.9","38.9683","26.0399","9.41"
"5.2","39.0217","26.0784","10"
"4.4","38.9022","26.0614","10"
"4.8","38.908","26.0285","10"
"4.8","38.9677","26.0599","10"
"4","38.9944","26.0436","10"
"4.9","36.172","41.062","10"
"4.8","37.8701","26.7652","2.8"
"4.1","37.8212","26.7794","10"
"4","36.0381","28.1342","82.37"
"4.4","37.021","29.148","10"
"4.2","38.3881","39.2457","10"
"4.3","40.1163","33.2748","10"
"4","36.5926","26.8999","139.7"
"4.4","38.2698","39.0769","5"
"4.1","37.9324","26.6869","23.19"
"4.4","37.7069","26.4086","10"
"4.1","36.4564","26.8211","125.75"
"4.1","36.4426","28.8884","10"
"5.5","38.4563","39.2302","9"
"4.1","38.4297","39.2157","10"
"4.3","37.9728","43.7815","10"
"4.3","37.0835","31.1544","107.06"
"4.7","38.831","43.4625","10"
"3.4","36.5155","36.1143","10"
"4.2","37.0634","34.5138","10"
"5.3","36.0719","31.8808","84.52"
"4.5","37.8168","26.8061","10"
"5","37.9458","41.697","10"
"4.6","38.1793","38.6406","10"
"4.6","40.2408","40.2274","10"
"4.5","40.516","34.3109","10"
"4.4","37.7393","26.7997","10"
"4.6","37.8478","26.9649","10"
"4.3","37.8793","26.9657","10"
"4","39.3662","40.8045","10"
"4.2","37.4894","27.0398","10"
"4","37.8619","26.4594","10"
"4.5","37.8283","26.4937","10"
"4.4","38.0363","26.7321","10"
"4.3","37.821","26.9203","10"
"4.4","37.7994","26.8783","10"
"4.2","37.7921","26.8967","10"
"4.2","37.8274","27.0385","10"
"4","37.8197","26.9124","15.95"
"4.3","37.8997","26.4381","10"
"4.2","37.7775","26.8244","10"
"4.9","37.8579","26.8344","5.12"
"4.2","37.8757","26.5078","13.56"
"4.1","37.8755","26.7671","10"
"4.2","37.7574","26.8375","10"
"4.2","37.711","26.4454","10"
"4.2","37.7971","27.0473","10"
"4.8","37.7426","26.9558","10"
"5.3","37.8319","26.8222","10"
"4.3","37.7454","27.0262","10"
"4.9","37.8551","26.8766","10"
"4","37.7973","26.9776","10"
"4.4","37.7578","26.6426","10"
"7","37.8973","26.7838","21"
"4.5","39.8266","40.2951","10"
"5","36.7385","26.7488","154.43"
"4.4","40.8777","28.0878","10"
"4.4","38.1232","34.0726","10"
"4","37.186","30.7982","105.07"
"5.1","38.0178","34.0419","10"
"4.4","37.0319","35.8558","10"
"4.2","38.6773","38.0409","5"
"4","38.7696","42.2047","10"
"4.6","38.7152","42.0276","10"
"4.3","40.6937","27.3635","10"
"4.2","38.162","38.639","2.1"
"4.2","38.1737","38.676","10"
"4.7","38.0618","38.7769","10"
"4.2","38.5914","42.0944","10"
"4.3","39.851","44.1997","10"
"4.8","37.9485","42.6601","15.13"
"4.5","38.2374","38.7315","10"
"4.3","38.2287","38.7559","10"
"4","38.2706","38.8458","10"
"5.6","38.1878","38.698","10"
"4","38.2224","38.7249","5.56"
"4","37.3676","36.3699","10"
"4.5","38.4031","26.6668","10"
"4.3","41.8382","43.7917","10"
"4","38.1679","38.5587","10"
"4.1","38.1382","38.5409","10"
"4.6","36.7269","28.2064","67"
"5.4","36.7481","28.2482","63"
"5.2","38.7898","27.7934","10"
"5.4","38.5329","43.9407","10"
"4.3","40.697","32.9521","10"
"4.2","37.4927","38.5867","10"
"4.4","39.4341","40.6486","10"
"4.5","39.4398","40.6354","5.7"
"4.2","39.3678","40.7179","10"
"5.5","39.4226","40.7479","10"
"4.5","39.4057","40.7696","10"
"4.5","39.3717","40.7449","10"
"4.5","39.417","40.7508","10"
"5.9","39.4229","40.7073","10"
"5.1","38.2379","38.7587","10"
"4.3","40.4693","34.8238","10"
"4.4","36.0253","28.7267","43.01"
"4.1","39.4705","40.0412","10"
"3","37.8248","27.1448","10"
"4","36.466","26.9077","141.14"
"4.2","38.3148","39.0299","10"
"4.1","38.5436","44.3032","10"
"4.9","36.9551","28.5722","10"
"4.3","38.417","39.173","10"
"4.1","37.9172","42.8321","10"
"4","39.1086","27.8421","10"
"4.1","39.1206","27.8486","10"
"3.3","41.6034","28.7473","10"
"4.2","39.363","40.9212","10"
"4.6","38.4642","44.3085","10"
"4.2","40.9401","37.2677","10"
"4.3","38.4659","44.3235","10"
"4.7","38.8489","43.523","10"
"4.4","38.4547","44.4071","10"
"5.2","38.3915","39.0729","10"
"4.2","38.4929","44.318","10"
"4.4","38.5413","44.3006","10"
"4.4","36.9606","27.3359","10"
"4.4","36.113","31.1272","69.5"
"4.2","37.4505","36.121","10"
"4.1","38.4392","44.3856","10"
"4.4","40.7105","29.2313","10"
"4.4","38.5454","44.1255","10"
"4","38.4206","44.2756","10"
"4.1","38.1972","38.8481","5"
"4.5","38.3449","39.2773","10"
"4.6","38.2294","38.685","10"
"5","38.3489","38.7972","10"
"4.3","38.5072","44.2492","10"
"4.5","38.4132","44.344","10"
"4.1","38.2894","44.2135","10"
"4.2","38.5195","44.429","10"
"4.2","38.4557","44.3095","10"
"4.6","39.0595","27.916","10.88"
"4.3","38.5093","44.3147","10"
"4.4","38.4483","44.3389","10"
"4.1","38.4983","44.372","10"
"4.1","38.474","44.3565","10"
"4","38.4136","44.3265","10"
"6","38.4958","44.3732","10"
"4.3","38.3641","44.2394","10"
"4.4","39.0096","27.9272","10"
"4.1","38.4382","44.3121","10"
"4.4","38.4214","44.3766","10"
"4","38.4213","44.3183","10"
"5.8","38.4465","44.4168","10"
"4.7","37.4132","31.4684","12.7"
"4.2","38.3251","44.3914","10"
"4.8","39.1074","27.8179","10"
"4","38.6408","43.1956","10"
"4.3","38.3417","39.1144","10"
"4.7","38.5223","44.3881","10"
"4","38.2572","38.6898","6.99"
"4.9","39.0383","27.8816","4.56"
"4.5","38.9976","27.9416","10"
"4.2","38.9861","27.8688","10"
"4.3","38.4874","39.1359","10"
"4.2","39.0816","27.8936","4.5"
"4.4","39.0103","27.8915","10"
"4.2","38.3727","39.2739","10"
"4.7","38.4961","39.3382","10"
"4.9","37.1334","44.9028","10"
"4.1","39.0341","27.8801","10"
"4","39.0612","27.7841","10"
"5","39.1061","27.875","10"
"4.3","38.3425","39.156","5"
"4.4","38.2467","38.7957","10"
"4","39.0461","27.8598","10"
"4.4","38.3906","39.177","10"
"4.3","38.3483","39.1488","10"
"5.1","38.3615","39.1096","10"
"4.5","38.2019","38.7768","10"
"4.3","38.2892","38.8341","10"
"4.5","38.3409","39.2769","10"
"4.2","38.2318","38.7294","10"
"4.4","38.3075","39.1257","3.5"
"4","38.3425","39.1165","10"
"4.2","38.4605","39.1847","10"
"4.1","38.3109","39.1169","10"
"4.3","38.4257","39.1157","10"
"4.2","38.3608","39.0961","10"
"4.3","38.4237","39.1443","10"
"4.4","38.2696","38.7109","10"
"4.3","38.5045","39.205","10"
"4.3","38.4263","39.0449","10"
"4.4","38.4178","39.0847","10"
"4.8","38.4264","39.1881","10"
"6.7","38.4312","39.0609","10"
"4.4","40.163","33.2436","10"
"4.4","40.1303","33.2642","10"
"4.2","39.0272","27.8372","5.51"
"4.1","39.0586","27.8534","10"
"5.6","39.0724","27.8389","5.6"
"3.9","40.9622","44.0131","10"
"4.9","40.9289","28.2394","10"
"4.2","37.836","26.3875","10"
"4.5","40.3089","42.0871","10"
"4.9","38.2975","39.0277","10"
"4.3","39.4678","40.1442","10"
"4.2","39.4638","27.9914","10"
"4.6","39.4549","27.8947","10"
"4.5","37.6256","35.8158","12.36"
"4.7","38.5443","44.4021","10"
"4","38.7317","44.4347","10"
"4.3","36.7483","30.0363","68.7"
"4.2","36.2772","28.7529","10"
"4.2","36.3395","28.754","10"
"4.1","36.5015","31.4629","89.46"
"4.6","36.4616","28.674","10"
"4.4","41.9918","42.9253","10"
"4.3","40.7283","29.2125","10"
"5.1","36.2765","28.5721","17.77"
"4.3","40.8151","28.1964","10"
"4.5","40.849","28.1699","10"
"4.4","40.8568","28.1814","10"
"5.7","40.9035","28.1502","8"
"4.9","40.8578","28.1454","10"
"4.3","40.7229","32.9884","10"
"4.4","38.9987","44.2673","10"
"4.3","40.7027","33.0176","10"
"4.7","40.6861","33.0299","10"
"4.4","40.7179","32.9834","10"
"4.7","41.0373","44.1411","6.71"
"4.1","38.506","44.1024","10"
"4.3","39.254","40.1372","10"
"4.6","36.355","28.7878","10"
"3","36.7938","27.6682","10"
"4.5","37.5207","26.8245","6.15"
"4.6","37.4855","26.8329","10"
"2.8","36.9361","27.251","10"
"3.3","40.0664","32.7625","2.44"
"4.4","36.2128","31.1457","59.39"
"4.1","38.2621","40.9106","9.75"
"5.9","37.935","29.7003","11"
"4.3","37.9404","29.6497","10"
"4.7","37.9858","26.8923","10"
"4.1","37.2454","36.0319","20.63"
"4.4","40.4007","41.7754","10"
"4.3","36.9842","43.3415","10"
"4.2","39.6191","38.5906","17.35"
"4.5","40.7824","30.7838","5.39"
"4.3","39.381","39.8208","10"
"4.6","36.9423","27.6236","10"
"4.5","37.2303","28.0226","10"
"4.3","36.7088","26.8031","10"
"4.4","39.2768","27.9373","10"
"4.6","39.391","26.28","10"
"4.1","37.0916","28.7331","10"
"3","36.2782","35.9639","10"
"4","36.3912","28.8906","10"
"4.5","38.6972","38.0712","10"
"4.4","40.7066","30.6426","10"
"4.2","38.7376","38.0875","10"
"5.2","38.3002","39.1625","10"
"4.3","37.4844","29.3873","4.9"
"4.4","37.4463","29.4135","10"
"5.1","37.5063","29.3787","10"
"3.9","38.715","38.0944","10"
"4.3","37.4258","29.4665","10"
"4.4","37.5238","29.4811","10"
"4.6","38.69","38.0702","10"
"4.3","37.4257","29.4645","9.07"
"4.4","38.7108","38.0339","10"
"4.3","37.3475","29.5593","10"
"4.2","37.4097","29.4682","10"
"5.7","37.4078","29.531","8"
"5.1","39.6916","26.4007","10"
"4","36.0449","35.8699","10"
"4.1","40.375","27.0809","10"
"4.1","38.587","44.1295","10"
"4.2","40.4999","32.9729","10"
"4.8","40.5807","32.9597","10"
"4.1","36.4317","28.9117","10"
"4.5","36.6132","30.1769","10"
"4.5","37.1561","35.7871","10"
"4.4","39.0216","27.8388","10"
"4.2","38.6321","27.0825","21.7"
"5.1","36.0652","28.0928","47.7"
"4.8","36.8146","27.9973","73.67"
"3.4","40.1781","28.7761","10"
"3.7","40.4257","28.357","10"
"4.2","39.4228","40.5636","10"
"4.2","39.5562","38.5778","10"
"4.3","40.6063","28.9761","10"
"4.2","40.595","28.955","10"
"4.1","37.2629","42.4171","10"
"4.1","38.7273","26.5341","10"
"4.4","36.3119","28.8756","10"
"4.3","36.2621","28.8725","10"
"4.3","36.3478","28.7803","10.61"
"4.2","41.9174","43.4961","10.97"
"4.3","36.0561","31.1442","65.14"
"4.4","36.3268","28.7927","10"
"4.3","37.3958","35.8992","10"
"4.6","37.6699","37.3967","5"
"4.1","37.0585","30.5049","110.89"
"4.1","36.3469","28.8658","10"
"5.3","36.185","31.0563","50.02"
"5.1","37.2304","30.6131","108.14"
"4.4","36.9155","27.7168","10"
"4.1","36.4381","28.8703","9.57"
"3.3","38.8585","26.4139","10"
"4.1","38.8844","26.3833","10"
"5.1","37.2897","36.364","10"
"4.1","36.6071","27.1322","152.81"
"4.3","36.0311","31.3453","35"
"4.2","37.4194","36.3668","10"
"4.3","37.0034","36.0799","6.48"
"2.6","36.804","27.7957","10"
"4.5","37.5928","26.6904","10"
"4.9","37.5295","29.9106","10"
"4.3","39.0468","44.1832","10"
"4.4","36.6069","26.9769","151.29"
"3.1","38.6814","26.4476","10"
"4.2","37.108","28.2683","7.17"
"4.4","38.7942","26.3935","10"
"4.6","38.5975","44.3647","10"
"4.4","38.8177","43.6048","10"
"4.3","36.4087","29.1954","10"
"4.1","36.8397","27.5536","11.98"
"2.7","40.8952","44.2519","10"
"4.2","40.8791","44.2916","10"
"4","38.255","42.3187","10"
"4.1","40.7412","35.4851","10"
"4.2","39.9104","43.3244","10"
"4.3","40.0364","26.8817","10"
"4.4","38.73","27.771","10"
"4.4","36.8409","27.5463","13.77"
"4.1","37.784","29.4094","10"
"5.2","37.5963","38.5142","10"
"4.2","36.818","27.4073","35"
"4.3","37.0993","31.9276","10"
"4.2","37.0957","31.9506","10"
"4.8","37.158","31.9355","10"
"4.9","36.6591","26.1356","10.8"
"4.7","40.8428","31.631","10"
"4.3","39.0277","40.3055","10"
"4.2","40.001","40.0779","10"
"4.3","36.1491","44.9604","10"
"4.2","38.1445","38.8277","14.67"
"4.2","36.9303","27.5716","10"
"4.2","37.0711","28.6545","6.86"
"4.3","40.5104","27.8564","11.78"
"4.6","38.5826","26.7378","10"
"4.4","36.3356","28.7874","47.95"
"4.5","36.3064","27.6205","10"
"4.4","37.7243","44.7402","10"
"5.2","37.0845","28.6223","5.17"
"4.1","36.0434","27.188","13.82"
"5.1","37.0511","28.6427","10"
"4.1","38.8531","27.4829","10"
"4.9","36.2832","28.4175","67.68"
"4.2","36.6435","28.1961","77.5"
"4.6","36.9614","27.3529","10"
"4.4","36.9339","27.3172","5.52"
"4.2","37.1693","28.0417","10"
"4.5","36.9695","30.645","90.44"
"4.3","36.9078","27.2845","7.26"
"4.2","39.1427","26.2334","10"
"3.2","39.7777","30.483","9.52"
"4.2","39.1479","43.6691","10"
"4","37.0491","27.6676","6.34"
"4.9","36.0049","28.0149","76.5"
"5.1","36.1833","44.9358","8"
"4.2","36.8654","27.5525","7.14"
"4.2","36.8949","27.5896","10"
"4.3","37.5878","37.5603","5.47"
"4.7","37.0957","27.6994","10"
"4.1","37.102","27.8426","10"
"4.3","37.0369","27.7114","10"
"4","37.0261","27.8054","10"
"4.4","37.0912","27.582","10"
"4.3","37.0155","27.5822","10"
"4.4","37.0852","27.725","9.41"
"4.9","37.0514","27.7004","5.26"
"4.1","36.9388","27.6371","9.56"
"4","38.5537","44.2475","10"
"5.3","36.9645","27.5711","10"
"4.1","36.9213","27.6063","9.42"
"4.1","36.9227","27.5916","10"
"4.3","36.9226","27.6309","10"
"4.6","36.9252","27.5448","10"
"4.2","39.0204","26.6948","10"
"4.2","36.849","27.481","11.66"
"4.4","36.969","27.6533","10"
"4.1","36.9598","27.608","10"
"4.1","36.8263","27.3427","18.51"
"4.3","36.8506","27.5922","10"
"4.1","40.1102","27.1829","6.72"
"4.6","36.5915","26.7742","140.82"
"4.7","36.96","27.3417","10"
"5","36.9074","27.3012","10"
"4","36.9421","27.3782","10"
"4.1","36.9114","27.7897","10"
"4.2","36.8336","27.613","10"
"4.2","36.8233","27.64","13.76"
"4.1","36.8614","27.5826","10"
"4.1","36.8034","27.5928","10"
"4.7","36.8031","27.345","10"
"4.1","36.927","27.5833","10"
"4","36.8703","27.3881","10"
"4.1","36.8652","27.2963","10"
"4.6","36.8561","27.5779","10"
"4.4","36.8752","27.5931","10"
"4.1","36.8935","27.3907","10"
"4","36.8457","27.4229","10"
"4","36.8203","27.6099","10"
"4.7","36.9482","27.2653","10"
"4.3","36.9197","27.4847","10"
"4.4","36.8461","27.411","10"
"6.6","36.9293","27.4139","7"
"4","36.8249","29.7199","10.61"
"4.2","36.6419","26.9973","136.14"
"4.1","38.7897","26.4667","10"
"4.8","38.8251","26.4665","10"
"5.2","38.8864","26.4186","7.74"
"4.2","38.7923","26.5164","12.71"
"4.6","38.8989","26.2153","10"
"4.3","38.8707","26.4023","17.85"
"4.4","38.8811","26.3197","10"
"6.3","38.9296","26.365","12"
"4.2","36.5648","26.0241","134.42"
"4.9","38.764","27.7784","3.3"
"4.2","38.7399","27.8136","10"
"4.1","38.7079","27.8365","10"
"4.2","38.7486","27.8369","10"
"4.8","38.7811","27.8031","10"
"4.6","38.7688","27.7848","10"
"4","38.7522","27.8315","10"
"5.1","38.7729","27.8234","10"
"4.1","37.838","27.1525","10"
"5.1","40.0382","40.7422","13.43"
"4.5","38.2272","42.9497","10"
"4.1","36.4951","26.9591","152.59"
"4.9","38.661","27.6692","10"
"5","38.7709","29.0638","10"
"4.2","39.4456","28.499","10"
"4.2","36.1603","27.5021","87.47"
"5","37.1253","28.6913","10"
"4.1","38.6393","43.4311","23.77"
"4.2","38.6021","27.5807","10"
"4.5","38.1884","31.0352","10"
"4","38.2847","37.1456","10"
"4.4","39.5392","26.1339","12.17"
"4.2","40.0071","42.1876","4.47"
"4.5","38.5214","39.7883","8.72"
"5.6","37.616","38.4305","10"
"4.6","39.521","26.1249","8.66"
"4.6","37.059","36.0706","2.31"
"4.2","39.5446","26.1064","5.24"
"4.5","39.5439","26.1208","7.1"
"5.3","39.6004","26.0884","6.01"
"4.5","39.7726","42.5989","10"
"4.5","39.5487","26.1913","9.82"
"3.9","39.5417","26.1499","10"
"4.5","39.544","26.1724","10"
"4.3","39.5268","26.1476","12.77"
"4.3","39.5276","26.1532","16.23"
"4.5","39.5687","26.1652","6.1"
"4.6","39.495","26.253","10"
"4.4","39.5644","26.2389","10"
"5.3","39.5279","26.0993","8.38"
"4.9","39.5394","26.1373","10"
"5.2","39.5734","26.0755","7.21"
"4.4","39.4891","26.1056","13.06"
"5.3","39.5986","26.0647","10"
"4.4","36.1973","31.1277","59.52"
"4.8","36.0062","28.7487","20.41"
"4","36.7648","27.6614","11.45"
"4.4","41.7501","42.9465","10"
"4.3","39.5607","26.1037","10.59"
"4.4","39.5702","26.1046","3.38"
"4.4","36.4352","26.8017","132.1"
"5.4","36.5393","26.9187","129.94"
"4.4","39.5427","39.7081","13.11"
"4.2","37.0424","28.6869","23.11"
"4.2","38.4852","43.8707","5"
"4.4","38.5456","43.7773","10"
"4.3","40.7952","34.2094","10"
"4.4","36.4146","26.3752","122.26"
"4.1","39.795","28.6703","8"
"4.2","38.3878","42.0434","10"
"4.7","36.0904","30.5099","54.41"
"4.3","38.6582","43.5281","10"
"4.4","37.8732","26.972","10"
"4.3","40.8652","30.9058","10"
"4.1","38.8967","27.6924","10"
"3.8","38.9898","27.7693","10"
"4.2","37.9398","29.1875","10"
"5.1","36.3888","27.6141","85.2"
"4.2","38.8007","27.7023","10"
"4.3","38.8686","27.7178","10"
"4.5","38.901","27.747","10"
"4.1","36.2549","28.239","56.89"
"3.8","39.3015","36.3162","5"
"4.2","38.747","43.106","10"
"3.8","36.2488","28.4499","58.73"
"4","38.629","38.0224","11.88"
"4","40.3368","33.3082","10"
"4.2","41.2971","44.2903","15.76"
"4.2","40.7118","29.18","7.4"
"4.8","41.4162","44.1707","10"
"4.2","36.8868","30.5419","96.21"
"4.1","40.7032","29.2147","6.8"
"4.3","38.5386","44.8594","10"
"4.3","38.476","44.821","6.3"
"4.1","39.39","40.73","6"
"4.3","39.0702","40.8564","10"
"4.4","40.2627","29.146","11.5"
"4.2","38.6092","26.702","17"
"4.3","36.94","35.89","10"
"4.2","36.0553","29.6565","5"
"4.3","36.4527","28.057","91.09"
"3.8","37.0585","27.6185","3.8"
"4.1","39.0192","35.8528","4.5"
"4.2","38.7613","37.8137","10"
"3.6","38.4368","26.7437","17"
"4.3","38.0446","42.694","10.91"
"4.2","36.6461","29.5691","10"
"4.7","36.6349","26.9684","141.51"
"5","39.5649","34.3373","10"
"4.3","38.9206","43.5475","8.91"
"4.2","36.4972","26.8093","139.76"
"4.4","36.4613","26.9641","137.29"
"4.1","40.053","30.527","5"
"4.2","36.6189","26.5857","141.12"
"4.4","38.8387","37.875","5"
"4.5","39.1998","40.2894","10"
"4.4","39.26","40.22","5"
"4.3","39.2732","40.2855","10"
"5.4","39.2826","40.2553","10"
"4.9","38.8236","37.7358","10"
"4.3","37.4081","31.3527","10"
"4.2","37.84","29.3","10"
"4.1","37.817","29.2898","2.4"
"4.4","40.8751","28.7644","9.27"
"4.7","39.0744","43.8017","14.76"
"4.4","40.82","27.765","12.7"
"4","39.7905","26.256","5.3"
"3.9","38.8573","38.2503","3.9"
"4.4","37.9205","26.8081","26.24"
"4.2","39.0824","28.9876","8.26"
"5.1","40.6847","36.6897","5"
"5.2","36.1682","29.8952","22.4"
"4","38.179","38.921","8.8"
"4.1","39.1413","29.1262","10"
"4.1","38.6093","44.5697","5.5"
"4.3","36.121","30.7873","71.9"
"4.5","37.1173","28.9672","4.35"
"4.7","38.7907","26.1375","5"
"4.5","39.18","40.28","5"
"4.1","37.66","44.821","4.8"
"4.1","37.32","30.726","128.6"
"4","36.3095","27.6768","81.34"
"4.2","37.304","36.9733","6.5"
"4.2","36.9718","30.7296","96.62"
"4","36.56","28.2337","75.58"
"4.9","36.5646","34.9787","29.62"
"4.1","36.1065","31.15","11"
"4","37.1478","28.7378","5.5"
"5.1","36.703","26.8098","140.62"
"4.2","40.2527","26.302","11.3"
"4.8","40.2844","26.266","9.73"
"4.4","40.248","26.297","11.6"
"4.1","36.9718","28.36","6.2"
"4.4","36.833","27.0428","10"
"4","37.6097","29.5202","6.7"
"3.7","38.2475","26.5635","19.4"
"3.3","39.9248","33.1348","2"
"3.3","36.1585","29.6615","5"
"4.8","36.6375","27.1302","147.19"
"4.5","38.6873","43.1797","5"
"3.9","36.9168","27.607","1.5"
"4","36.5371","26.8343","143.31"
"4","39.9942","33.2448","6.8"
"3.9","41.7362","33.3543","15.6"
"4.1","40.8708","32.458","5"
"4.2","36.63","27.2153","124.8"
"4.2","37.956","27.219","5.4"
"4.4","36.36","26.564","119.2"
"3.9","36.5108","27.8732","10.2"
"4","38.6868","26.4033","16.7"
"4.7","37.2188","30.0841","10"
"4.5","37.1685","30.0058","5"
"4.4","36.0495","35.9713","11.8"
"4.2","39.5019","40.3446","10"
"4","38.01","42.72","6"
"4.2","40.065","28.587","5"
"4.4","37.4375","36.3148","6.9"
"4.3","36.4143","26.5578","154.03"
"4.5","38.25","42.86","4"
"4.1","39.399","26.3202","14.9"
"4.3","39.8848","30.3955","5.5"
"4","38.1695","27.0455","6.17"
"4.2","37.0948","36.8433","8.8"
"4.3","36.9697","34.3995","5.4"
"4.4","38.8902","26.277","12.1"
"4.4","40.148","27.074","8.8"
"4.1","37.1457","28.8002","7.6"
"3.8","38.899","26.2262","9.8"
"4.9","38.8955","26.2693","13.4"
"5.1","38.894","26.272","12.4"
"4.4","38.6145","26.1205","16.2"
"3.8","37.37","26.82","2"
"4.5","39.32","28.99","10"
"4.1","36.9626","27.8015","10"
"4.1","39.3408","29.0512","2.3"
"4.2","37.8237","29.4214","4.88"
"4.3","36.444","28.8307","5"
"4.2","37.1435","28.7455","6.9"
"4.4","37.0772","28.6937","7"
"4.8","37.138","28.785","12.9"
"4.3","38.7538","42.1495","5"
"4.3","40.4047","30.1188","7.6"
"3.8","38.1667","27.1073","14.6"
"4.1","36.3365","29.1278","20.5"
"4.1","36.9368","29.4619","21.04"
"4.1","39.09","38.78","10"
"3.9","38.998","28.793","5"
"4.4","36.2452","30.9322","29"
"5.3","36.21","30.82","46"
"4.5","41.6437","32.5123","4.5"
"5.1","37.683","30.6288","7.4"
"4.3","37.02","27.41","10"
"4.4","36.9427","27.6773","1"
"4","40.6243","29.2073","10.04"
"4.1","41.7853","35.9395","15"
"4.1","41.716","42.1164","10"
"4","38.616","43.156","5"
"4.2","38.2998","26.628","10.5"
"4","40.2592","26.2392","14"
"4.1","39.174","29.09","5"
"4.1","36.4553","27.0867","17.4"
"4.3","36.083","30.215","5"
"4.4","40.4308","26.2658","14.9"
"4.6","40.2083","27.9282","12.1"
"4","36.599","29.997","82.2"
"4","38.857","27.172","14.1"
"4.5","36.3955","28.5588","59.7"
"4.4","38.4942","43.1947","10"
"4.6","36.7453","36.0505","17.6"
"4.3","40.422","26.14","13.3"
"4.3","40.6952","42.2476","10"
"4.2","38.8562","43.5288","5"
"4.4","40.4103","26.0895","6.8"
"4.9","40.4235","26.1442","13.1"
"4","40.3795","26.1425","9.2"
"4.1","40.4247","26.1357","1.3"
"4.6","40.3892","26.1418","9"
"4.2","36.0212","31.3503","57.4"
"4.5","36.092","31.065","90.6"
"4.1","36.2214","28.9678","10"
"4.2","37.0333","27.4737","11.1"
"4.2","39.465","37.351","5"
"4","38.5827","43.5494","10"
"4.1","36.061","32.098","85.4"
"4.2","37.0712","28.8863","7.4"
"4.2","36.3257","31.3627","81.4"
"4.4","38.1","38.63","10"
"4.1","36.498","28.041","62"
"4.1","38.872","43.55","5"
"4.2","38.3944","31.8096","21.88"
"3.9","38.6662","43.1725","5"
"4.1","36.785","35.175","6.7"
"4.4","37.422","36.382","6.3"
"4.5","38.82","43.53","10"
"4.7","36.74","36.08","10"
"3.8","41.3725","28.6327","12"
"4.1","39.7925","26.132","9"
"4","37.3093","36.2033","3.4"
"4","39.4595","27.9483","10.3"
"5.9","36.028","31.31","40.7"
"4.5","36.94","31.06","91"
"4.1","38.8735","43.554","5"
"3.8","38.9377","43.6207","5"
"4.9","36.6148","31.2427","88.6"
"4.2","36.2076","31.2211","64.1"
"4","40.8478","27.9123","7.4"
"4.5","40.851","27.9198","9.6"
"5.1","40.8205","31.8691","5.99"
"4.4","38.664","43.198","5"
"4.1","38.3582","44.7465","3.3"
"4","38.3746","44.7717","10"
"4.4","37.4222","36.217","5.4"
"4.2","36.5614","27.5382","123.83"
"4","38.6995","43.2402","5"
"4.4","36.8928","27.5452","4.2"
"4.5","36.2912","34.3423","5"
"4","36.614","27.3778","118.41"
"4.4","36.2292","28.3212","44.3"
"4.2","39.97","42.92","10"
"4.5","37.33","44.94","7"
"4","38.8405","43.5725","5"
"4.3","38.696","43.404","3.5"
"4.4","39.69","41.65","5"
"5","39.0234","41.4924","5.33"
"4.1","39.006","41.4143","6.5"
"4","38.453","30.6133","4.6"
"3.3","40.4567","29.1227","3.2"
"4.4","40.3423","27.4427","14.1"
"4.1","40.4095","29.1213","5.7"
"4.4","39.1985","29.4525","9.6"
"4.2","36.4883","43.3152","10.13"
"4.2","41.022","34.35","9.7"
"3.7","36.935","35.613","24.9"
"4","36.03","35.89","17.4"
"4.1","38.987","26.105","12.3"
"4","41.693","32.46","5"
"4.5","41.136","33.504","4.1"
"4.3","40.533","41.905","5"
"4.1","38.581","44.804","5.8"
"4","38.826","44.69","45.4"
"4.1","36.537","27.867","89.2"
"4.2","38.094","37.108","5.3"
"4.5","38.654","43.581","11.8"
"4.1","38.495","43.903","10"
"4.5","39.115","29.173","2.5"
"4","37.002","28.371","5"
"4.3","36.997","28.363","4.3"
"4.9","37.044","28.402","7.8"
"4","39.017","41.177","5"
"4","37.306","37.147","7.4"
"4.5","36.94","27.76","6"
"4.3","37.309","37.125","5.3"
"3.4","37.315","37.149","3.4"
"4.3","36.676","43.34","28.2"
"4.9","36.67","43.44","7"
"4","38.694","43.338","4"
"4.2","40.833","36.249","9"
"4.3","38.757","43.514","5"
"4.1","36.578","26.45","150.4"
"4.5","37.405","26.932","5"
"4.4","38.572","43.211","5"
"4","38.636","43.187","2.1"
"4.1","36.62","26.87","130"
"4","36.551","27.964","10"
"4.1","37.857","37.942","5"
"4.4","37.874","37.989","5"
"4","38.72","27.53","24"
"4.2","37.508","35.715","6.6"
"4.2","36.777","26.624","10"
"4.1","38.272","44.911","12.1"
"5.2","38.458","44.868","12.4"
"4.2","37.301","36.273","11.2"
"4.2","38.808","43.669","5"
"4","37.22","28.624","2.1"
"4.1","37.19","26.83","0.1"
"5","36.655","27.993","0"
"4.3","36.599","27.91","7.5"
"4.5","36.595","27.917","10.7"
"4.1","38.83","43.606","5"
"4.5","39.488","39.852","5"
"4.3","37.31","37.12","12"
"4.5","37.27","37.11","13"
"4.1","38.669","43.17","5"
"4","36.64","27.97","1"
"4.1","36.64","26.45","150"
"4.1","36.586","31.345","30"
"4.6","37.297","37.135","14"
"4.5","37.002","37.108","9.2"
"4.4","39.371","33.748","4.9"
"4.1","38.635","42.994","5"
"4.1","37.313","37.136","8.6"
"4.9","37.309","37.097","7"
"4.4","37.438","35.768","18.5"
"4.5","36.961","43.655","9.1"
"4.3","37.094","43.625","9.3"
"4.1","37.329","37.085","3.5"
"4.3","39.644","43.722","3.5"
"4","38.684","28.057","8.9"
"4.1","38.689","28.033","9"
"5","37.421","42.965","17.5"
"4","38.69","28.044","5.3"
"4.4","38.706","28.029","5.4"
"4.1","38.68","43.05","5"
"4.2","40.432","26.194","14.5"
"4.5","38.685","43.432","5"
"5","37.546","36.384","7.6"
"4.2","36.632","26.965","159.7"
"4.1","36.44","26.81","161"
"4.4","39.952","27.845","9"
"4.2","38.723","43.347","5.3"
"5","36.439","28.941","26.4"
"4.9","38.709","43.645","5"
"4.6","39.142","29.156","9.3"
"4.2","38.058","42.554","2.5"
"4.4","36.389","29.055","19.5"
"5.3","37.294","42.325","5.4"
"4.1","36.431","28.876","37.2"
"4.4","39.11","29.166","5.1"
"4.4","36.448","28.924","20.8"
"4.5","36.46","28.93","39"
"4.8","36.41","28.91","39"
"6","36.42","28.88","35"
"4.2","37.05","28.55","3"
"4.9","40.848","27.921","14.9"
"4.4","36.904","28.25","11.4"
"4.4","38.118","38.596","5"
"4.2","36.902","27.635","10"
"4","39.153","29.143","6.2"
"4.4","37.041","28.507","8.4"
"4.4","40.314","26.995","11.3"
"4","39.136","29.118","6.5"
"4.1","39.147","29.084","11.6"
"4","39.165","29.091","6.6"
"4.2","39.124","29.074","2.5"
"5.2","39.175","29.092","3.1"
"4","36.041","33.731","5"
"4","38.657","26.677","7.2"
"4","38.648","26.643","4.8"
"4.2","38.623","26.687","8.3"
"4","38.647","26.632","13"
"4.9","38.657","26.655","12.2"
"4.7","38.493","40.743","5"
"4.6","39.124","29.079","8"
"4.2","39.113","29.143","6"
"4.3","39.126","29.145","3.5"
"4.5","38.836","43.581","5"
"4.3","39.148","29.099","6.2"
"4","39.146","29.153","5"
"4.5","39.137","29.153","6"
"4.3","39.137","29.139","5"
"4.3","38.669","43.179","5"
"4.2","39.03","44.04","5"
"4.1","38.687","43.054","2.2"
"4.4","39.229","41.028","10"
"4","36.926","37.046","8.4"
"4.4","38.884","43.569","2.6"
"4","37.9","29.432","8.8"
"4.2","39.079","43.776","5"
"4.2","38.577","29.982","5"
"5","39.171","42.33","5"
"4","39.94","42.936","3.4"
"4.2","38.917","43.532","5"
"4.2","38.939","43.616","5"
"4","38.57","44.045","5"
"4.3","38.762","43.222","3.8"
"4.4","38.82","43.579","5"
"4.5","38.141","27.49","8.5"
"4.2","38.76","43.18","5"
"4.7","38.696","43.212","4.9"
"4.7","38.653","37.457","3.1"
"4.2","36.25","28.57","35"
"4.2","39.231","27.85","8.7"
"4.2","38.971","43.655","5"
"4.5","38.823","43.599","5"
"4.1","37.475","27.099","4.1"
"4","38.678","44.166","5"
"4.7","38.695","43.451","5"
"4.5","36.077","31.104","65.9"
"4.1","38.543","43.779","5"
"4.3","39.419","35.311","5"
"4.2","38.805","43.543","5"
"4.1","38.578","30.964","5"
"4.5","36.195","29.061","56.5"
"4.3","37.994","42.65","5.4"
"4.5","38.7","43.64","5"
"4.3","38.029","44.577","14.1"
"4.3","38.72","43.6","5"
"4.2","38.934","43.61","5"
"4.7","38.888","43.79","5"
"4.3","37.921","27.152","4.1"
"4.4","37.948","27.151","6.7"
"4.2","38.716","43.302","7.4"
"4.2","38.811","43.563","5"
"4.1","38.694","43.377","2.6"
"4","38.604","43.185","5"
"4.1","38.869","30.197","5"
"4.1","38.923","43.559","5"
"4.1","38.69","43.68","5"
"4.5","37.244","43.713","13.6"
"4.6","38.812","43.67","5"
"4.2","38.83","26.28","5"
"4.8","38.81","26.23","6"
"4.8","38.463","43.298","4.2"
"4.7","38.868","43.791","5"
"5.4","38.474","43.454","4.3"
"4.2","38.469","43.348","5.3"
"4.4","38.625","43.035","5"
"4.3","38.896","43.589","5"
"4.1","39.047","35.938","5"
"4.6","38.611","43.287","2.5"
"4.4","38.695","43.236","5"
"4.3","38.679","43.264","5"
"4.3","38.797","43.557","3.9"
"4.9","38.85","43.878","5"
"4.5","38.904","43.553","5"
"4.9","39.133","41.565","3.8"
"5.2","38.658","43.17","10"
"4.2","38.799","43.602","5"
"4.7","38.647","43.046","5"
"4.5","38.658","43.077","4.6"
"4.2","36.089","29","22.6"
"4.6","38.634","43.216","5"
"4.1","38.667","43.491","7.2"
"4","39","43.51","6"
"4.1","38.899","43.629","5"
"4.2","38.68","43.48","5"
"4.5","38.451","43.208","5"
"4.5","38.483","43.273","5"
"4.8","38.42","43.284","4"
"5.6","38.429","43.229","5"
"5.2","38.718","43.191","10"
"4.5","38.8","43.467","5"
"4.2","38.672","43.198","5"
"4.5","38.664","43.651","5"
"4.5","38.917","43.609","5"
"4.2","38.693","43.641","5"
"4.8","38.688","43.631","3.8"
"4.3","38.813","43.481","5"
"4.8","38.924","43.565","5"
"4","38.72","43.21","5"
"4.2","38.75","43.3","5"
"4.5","38.807","43.542","5"
"4.3","38.72","43.241","5"
"4.3","38.879","43.589","5"
"4.3","38.939","43.553","5"
"4.2","38.781","43.342","5"
"4.6","38.857","43.578","5"
"4.6","37.134","43.82","10"
"4.2","38.87","43.57","5"
"4.5","38.87","43.57","5"
"4.3","38.881","43.582","5"
"4.5","38.729","43.593","5"
"5.1","38.89","43.56","5"
"4.7","38.623","43.177","5"
"4.3","38.599","43.194","5"
"4.2","38.632","43.193","5"
"4.4","38.907","43.622","5"
"4.3","38.732","43.592","9.4"
"4.6","38.649","43.635","5"
"4.1","38.713","43.559","5"
"4.1","38.858","43.629","5"
"4.3","38.58","43.178","5"
"4","38.697","43.607","5"
"4.2","38.908","43.603","5"
"5.1","37.256","43.86","10"
"4.1","38.705","43.402","22"
"4.5","38.699","43.395","5.4"
"4.3","38.954","43.721","5"
"4.1","38.704","43.319","5"
"4","38.671","43.245","3.1"
"4.2","38.618","43.216","3.1"
"4.3","38.725","43.5","9"
"4.3","38.742","43.494","5"
"4.8","38.73","43.3","5"
"4.5","38.803","43.504","10"
"4.4","38.74","43.61","5"
"4.2","38.819","43.532","5"
"4","38.71","43.319","5"
"4","38.919","43.527","4.3"
"4.1","38.86","43.497","5"
"4.2","38.68","43.396","7.4"
"4.3","38.79","43.471","8.1"
"4.1","38.816","43.639","5"
"4.2","38.841","43.528","5"
"5.6","38.811","43.623","14"
"4.4","38.67","43.168","5"
"4.3","38.897","43.541","6.9"
"4.7","38.747","43.169","5"
"4.3","38.471","43.27","3.9"
"4.6","38.736","43.561","5"
"4.4","38.771","43.179","2.1"
"4","38.706","43.092","7.7"
"4","38.726","43.225","2.5"
"4.1","38.906","43.563","6.3"
"4.1","38.914","43.504","5"
"5","38.674","43.198","10.6"
"4.3","38.942","43.541","6.8"
"4.3","38.695","43.345","5"
"4.4","38.688","43.316","2.1"
"4.2","36.502","28.713","0.9"
"4.8","38.667","43.515","7.6"
"4.8","38.617","43.55","3.6"
"4.5","38.851","43.425","4.5"
"4.2","38.62","43.342","7.3"
"4.4","38.838","43.52","10"
"4.7","38.64","43.302","10"
"4.1","38.131","43.244","10"
"4.7","38.651","43.226","5"
"4.3","38.733","43.271","5"
"4.1","38.61","43.107","5"
"4","38.738","43.161","2.3"
"4","38.847","43.647","2.3"
"4.2","38.769","43.236","4.3"
"4.3","38.587","43.519","9.8"
"4.3","38.64","43.59","3"
"4.8","38.624","43.067","5"
"4.4","38.283","44.693","1"
"4.1","38.801","43.362","5"
"4.1","38.828","43.668","12"
"4.5","38.616","43.084","7.7"
"5.9","38.634","43.077","5"
"4","38.739","43.481","5"
"4.4","38.694","43.17","7.2"
"4.4","38.628","43.126","5"
"4.8","38.787","43.296","5"
"4.9","38.711","43.336","12.3"
"4.4","38.642","43.551","9.4"
"5.1","38.71","43.338","5"
"4.2","38.738","43.409","9"
"4.1","38.7","43.167","10.3"
"4.6","38.793","43.585","9.8"
"4.6","38.66","43.333","18.3"
"4.8","38.488","43.256","15.9"
"4","38.654","43.06","3.3"
"4","38.713","43.181","5"
"4.1","38.599","43.41","10"
"4","38.781","43.403","8.3"
"4.1","38.78","43.257","7.2"
"4.1","38.814","43.23","5"
"4.4","38.725","43.618","15.3"
"4.2","38.687","43.147","5"
"4.5","38.759","43.338","7.2"
"4.8","38.729","43.192","5"
"4","38.748","43.181","5.8"
"4.3","38.716","43.691","10"
"4.5","38.786","43.163","5"
"4.7","38.701","43.141","7"
"4.2","38.533","43.174","23.4"
"4.3","38.483","43.399","10"
"5.7","38.809","43.3","5"
"4.5","38.694","43.571","11.4"
"4.7","38.741","43.341","10"
"5","38.325","42.607","10"
"4.5","38.56","43.284","10"
"5.2","38.603","43.101","10"
"4.6","38.593","43.516","10"
"5.6","38.814","43.446","5"
"4.4","38.746","43.199","7"
"4.8","38.764","43.252","7.1"
"5.6","38.751","43.595","9"
"7.1","38.721","43.508","18"
"4","39.347","40.694","5"
"4.5","37.992","35.217","5"
"4.3","39.653","38.678","5"
"4.2","41.325","44.111","10"
"4","39.667","38.703","7.5"
"5.5","39.785","38.842","5"
"4.6","36.892","26.583","2.9"
"4.3","36.873","26.6","0.6"
"4.2","37.381","36.33","6.8"
"4.1","39.169","29.126","5.3"
"4.4","39.486","40.005","5"
"4","40.439","28.895","5.1"
"4.1","39.08","35.9","5"
"4.1","38.561","39.667","5"
"4.8","38.32","31.957","10"
"5.1","40.802","27.752","16.4"
"4.4","39.111","29.061","5"
"4.2","39.117","29.106","9.3"
"4.2","39.126","29.026","5.4"
"4.5","40.247","29.954","5"
"4","38.562","44.339","5"
"4.1","36.608","26.77","168.3"
"4.8","36.51","26.61","138"
"4.5","37.412","35.875","5.5"
"4.2","39.101","29.04","8.3"
"4.7","39.114","29.031","10.4"
"4","37.107","27.431","5.3"
"5.2","38.578","39.64","6.1"
"4","36.622","28.854","1.9"
"4.4","39.09","28.35","16"
"4.2","39.128","29.088","5.2"
"4.5","37.414","42.575","11.2"
"4.2","39.118","29.077","10.7"
"4.2","39.106","29.045","5"
"4.8","39.119","29.049","9.2"
"4.4","39.114","29.1","10.2"
"4.2","39.099","28.957","5"
"4.2","36.72","27.13","121"
"4.5","39.1","29.09","5"
"4.4","39.04","29.09","10"
"4.3","39.11","29.01","5"
"4.3","39.12","29.04","7"
"4.6","39.124","29.079","5"
"5.8","39.149","29.103","7"
"5.1","36.704","27.238","11"
"4.5","36.974","28.248","1.2"
"4.5","37.47","35.584","10.4"
"4","36.922","29.277","5"
"4.1","36.47","28.76","16"
"4.4","40.039","27.858","15.2"
"4.4","37.304","30.483","7.7"
"4.7","38.725","44.112","4.4"
"4.3","39.24","40.413","10"
"4.5","36.583","27.154","138.4"
"4.5","38.927","42.335","4.8"
"4.3","38.989","42.32","5"
"4.6","38.983","42.297","5"
"4.4","38.983","42.305","5"
"4.6","36.656","26.922","133.6"
"4.2","37.81","27.248","0.2"
"4","37.839","27.361","5"
"4","41.952","42.654","10"
"4.1","40.71","29.763","11.8"
"5.2","41.961","42.657","10"
"4.2","36.657","43.277","38.3"
"4.5","40.597","27.367","8.6"
"4.3","40.036","40.013","2.6"
"4","37.854","27.299","5"
"4.8","36.42","26.44","99"
"4.5","37.312","36.415","5.3"
"4.9","36.585","36.007","2.6"
"4","37.918","27.393","5"
"5","37.899","27.343","11.8"
"4.2","37.904","27.372","5.9"
"4.1","39.499","40.212","5"
"4.1","38.903","44.283","5"
"5.3","40.423","26.333","15.3"
"4","37.179","30.693","88.2"
"4","39.383","33.14","5"
"4.5","36.071","29.532","21.1"
"4.4","40.847","28.11","11.2"
"4.7","38.068","39.035","7"
"4.2","37.04","27.632","3.4"
"4.1","39.491","40.229","5"
"4.3","39.688","27.554","11.7"
"4.3","36.63","28.01","30"
"4.4","37.546","35.592","6.5"
"4","36.961","30.511","10"
"5.1","36.81","26.91","165"
"4","40.101","37.445","11"
"4.3","40.43","28.925","12.1"
"4.4","36.67","29.95","10"
"4.1","39.32","41.211","3.8"
"4.3","41.183","30.121","8.9"
"3.9","39.941","32.731","4"
"4.4","36.318","27.655","42.3"
"4.2","36.204","27.479","10"
"4.3","40.535","34.988","5"
"4.2","38.147","26.313","1.2"
"4.9","38.142","26.22","9.2"
"5.1","38.821","40.138","4.5"
"4","38.882","40.257","5"
"4.1","38.741","40.136","5"
"4.9","38.677","40.05","10"
"5.1","38.776","40.143","5"
"5.2","38.828","40.119","5"
"4.9","38.761","40.062","5"
"4.6","38.736","40.076","5.1"
"5.6","38.709","40.051","10"
"4.4","38.87","40.232","5"
"6.1","38.864","39.986","12"
"4.3","39.157","29.014","9.8"
"4.4","39.645","37.98","10"
"4","38.84","26.93","27"
